index,symbol,interval,month,unit_id,url,checksum_url,status,checksum_http_status,archive_http_status,published_sha256,attempt,error,checked_at_utc
1,BTCUSDT,1d,2026-04,kline:BTCUSDT:1d:2026-04,https://data.binance.vision/data/futures/um/monthly/klines/BTCUSDT/1d/BTCUSDT-1d-2026-04.zip,https://data.binance.vision/data/futures/um/monthly/klines/BTCUSDT/1d/BTCUSDT-1d-2026-04.zip.CHECKSUM,AVAILABLE,200,,3860febfca089675b86fd50df54a2da0a7980de1331e5b42e1df0210240ae12d,1,,2026-08-23T13:02:40.520535+00:00
2,BTCUSDT,1d,2026-05,kline:BTCUSDT:1d:2026-05,https://data.binance.vision/data/futures/um/monthly/klines/BTCUSDT/1d/BTCUSDT-1d-2026-05.zip,https://data.binance.vision/data/futures/um/monthly/klines/BTCUSDT/1d/BTCUSDT-1d-2026-05.zip.CHECKSUM,AVAILABLE,200,,91d2e45e3bb4994c849ac56a089da18575b4d01ba1a9f4cff5d3fbbc27b7e9cc,1,,2026-08-23T13:02:40.452547+00:00
3,BTCUSDT,1d,2026-06,kline:BTCUSDT:1d:2026-06,https://data.binance.vision/data/futures/um/monthly/klines/BTCUSDT/1d/BTCUSDT-1d-2026-06.zip,https://data.binance.vision/data/futures/um/monthly/klines/BTCUSDT/1d/BTCUSDT-1d-2026-06.zip.CHECKSUM,AVAILABLE,200,,916bc1d543aceb81184584da93d202cccaab5e21eb4e789996af35e6846de668,1,,2026-08-23T13:02:40.444321+00:00
4,BTCUSDT,1d,2026-07,kline:BTCUSDT:1d:2026-07,https://data.binance.vision/data/futures/um/monthly/klines/BTCUSDT/1d/BTCUSDT-1d-2026-07.zip,https://data.binance.vision/data/futures/um/monthly/klines/BTCUSDT/1d/BTCUSDT-1d-2026-07.zip.CHECKSUM,AVAILABLE,200,,c8aa635aee3c6fdc48347adc975b60c2342ef4253f4269494f9e08e85be61480,1,,2026-08-23T13:02:40.440890+00:00
5,BTCUSDT,4h,2026-04,kline:BTCUSDT:4h:2026-04,https://data.binance.vision/data/futures/um/monthly/klines/BTCUSDT/4h/BTCUSDT-4h-2026-04.zip,https://data.binance.vision/data/futures/um/monthly/klines/BTCUSDT/4h/BTCUSDT-4h-2026-04.zip.CHECKSUM,AVAILABLE,200,,eab8688878cebc3a940ab7af83a122ef6d7d0176a28208b104bd50fa111cf5e4,1,,2026-08-23T13:02:40.198885+00:00
6,BTCUSDT,4h,2026-05,kline:BTCUSDT:4h:2026-05,https://data.binance.vision/data/futures/um/monthly/klines/BTCUSDT/4h/BTCUSDT-4h-2026-05.zip,https://data.binance.vision/data/futures/um/monthly/klines/BTCUSDT/4h/BTCUSDT-4h-2026-05.zip.CHECKSUM,AVAILABLE,200,,88a85f864a664d39be622718b30c83e5a8ffa4729bf3b56efdfad8eb3eae9326,1,,2026-08-23T13:02:40.479316+00:00
7,BTCUSDT,4h,2026-06,kline:BTCUSDT:4h:2026-06,https://data.binance.vision/data/futures/um/monthly/klines/BTCUSDT/4h/BTCUSDT-4h-2026-06.zip,https://data.binance.vision/data/futures/um/monthly/klines/BTCUSDT/4h/BTCUSDT-4h-2026-06.zip.CHECKSUM,AVAILABLE,200,,51da327f0c3a278399ffc983c419b2f946720e904c2a603cf1a1b6f58699783d,1,,2026-08-23T13:02:40.213579+00:00
8,BTCUSDT,4h,2026-07,kline:BTCUSDT:4h:2026-07,https://data.binance.vision/data/futures/um/monthly/klines/BTCUSDT/4h/BTCUSDT-4h-2026-07.zip,https://data.binance.vision/data/futures/um/monthly/klines/BTCUSDT/4h/BTCUSDT-4h-2026-07.zip.CHECKSUM,AVAILABLE,200,,2fff352c045efe78b52785b2dc6d6107ce63c435c5eec9e28f2c247e110afde0,1,,2026-08-23T13:02:40.447712+00:00
9,BTCUSDT,1h,2026-04,kline:BTCUSDT:1h:2026-04,https://data.binance.vision/data/futures/um/monthly/klines/BTCUSDT/1h/BTCUSDT-1h-2026-04.zip,https://data.binance.vision/data/futures/um/monthly/klines/BTCUSDT/1h/BTCUSDT-1h-2026-04.zip.CHECKSUM,AVAILABLE,200,,c822801b16eb317f4672e376a73664f2e5f9180409c57b6c7517707f4f873e8c,1,,2026-08-23T13:02:40.537737+00:00
10,BTCUSDT,1h,2026-05,kline:BTCUSDT:1h:2026-05,https://data.binance.vision/data/futures/um/monthly/klines/BTCUSDT/1h/BTCUSDT-1h-2026-05.zip,https://data.binance.vision/data/futures/um/monthly/klines/BTCUSDT/1h/BTCUSDT-1h-2026-05.zip.CHECKSUM,AVAILABLE,200,,9a367708c90de999a7a9d3114fd111ff28203b13c8daef77d154b5216fb571f7,1,,2026-08-23T13:02:40.739963+00:00
11,BTCUSDT,1h,2026-06,kline:BTCUSDT:1h:2026-06,https://data.binance.vision/data/futures/um/monthly/klines/BTCUSDT/1h/BTCUSDT-1h-2026-06.zip,https://data.binance.vision/data/futures/um/monthly/klines/BTCUSDT/1h/BTCUSDT-1h-2026-06.zip.CHECKSUM,AVAILABLE,200,,30bba473837a672a6a00a181a447446852414e6927bbda6684f873571788e9aa,1,,2026-08-23T13:02:40.192110+00:00
12,BTCUSDT,1h,2026-07,kline:BTCUSDT:1h:2026-07,https://data.binance.vision/data/futures/um/monthly/klines/BTCUSDT/1h/BTCUSDT-1h-2026-07.zip,https://data.binance.vision/data/futures/um/monthly/klines/BTCUSDT/1h/BTCUSDT-1h-2026-07.zip.CHECKSUM,AVAILABLE,200,,a09f135066ace6925ce051ddbbdd4345c103423fbe35d32b568942de978dcc7c,1,,2026-08-23T13:02:40.441759+00:00
13,BTCUSDT,15m,2026-04,kline:BTCUSDT:15m:2026-04,https://data.binance.vision/data/futures/um/monthly/klines/BTCUSDT/15m/BTCUSDT-15m-2026-04.zip,https://data.binance.vision/data/futures/um/monthly/klines/BTCUSDT/15m/BTCUSDT-15m-2026-04.zip.CHECKSUM,AVAILABLE,200,,0bc151133aa47be76f535539e25c04970bd6d0afd54e532951638dc8330fcc58,1,,2026-08-23T13:02:40.731685+00:00
14,BTCUSDT,15m,2026-05,kline:BTCUSDT:15m:2026-05,https://data.binance.vision/data/futures/um/monthly/klines/BTCUSDT/15m/BTCUSDT-15m-2026-05.zip,https://data.binance.vision/data/futures/um/monthly/klines/BTCUSDT/15m/BTCUSDT-15m-2026-05.zip.CHECKSUM,AVAILABLE,200,,1c0a865f62ddca9890f5d7bbe901b7261a3818785594d960f5fce36ee7ce81f5,1,,2026-08-23T13:02:40.346805+00:00
15,BTCUSDT,15m,2026-06,kline:BTCUSDT:15m:2026-06,https://data.binance.vision/data/futures/um/monthly/klines/BTCUSDT/15m/BTCUSDT-15m-2026-06.zip,https://data.binance.vision/data/futures/um/monthly/klines/BTCUSDT/15m/BTCUSDT-15m-2026-06.zip.CHECKSUM,AVAILABLE,200,,54369ae74f8122e0d3c8152807f78ec3ced435a8b0ab59c5efcea2cbad878857,1,,2026-08-23T13:02:40.542348+00:00
16,BTCUSDT,15m,2026-07,kline:BTCUSDT:15m:2026-07,https://data.binance.vision/data/futures/um/monthly/klines/BTCUSDT/15m/BTCUSDT-15m-2026-07.zip,https://data.binance.vision/data/futures/um/monthly/klines/BTCUSDT/15m/BTCUSDT-15m-2026-07.zip.CHECKSUM,AVAILABLE,200,,10df439d8404a31fc55ed91fe0169b79db3fa3e7a8c83bc2eb704004eadea1c2,1,,2026-08-23T13:02:40.151594+00:00
17,BTCUSDT,5m,2026-04,kline:BTCUSDT:5m:2026-04,https://data.binance.vision/data/futures/um/monthly/klines/BTCUSDT/5m/BTCUSDT-5m-2026-04.zip,https://data.binance.vision/data/futures/um/monthly/klines/BTCUSDT/5m/BTCUSDT-5m-2026-04.zip.CHECKSUM,AVAILABLE,200,,e2934467bdb6a000124948f4c8fef176e2066520a6b2e5a0522450fed51396f7,1,,2026-08-23T13:02:40.795677+00:00
18,BTCUSDT,5m,2026-05,kline:BTCUSDT:5m:2026-05,https://data.binance.vision/data/futures/um/monthly/klines/BTCUSDT/5m/BTCUSDT-5m-2026-05.zip,https://data.binance.vision/data/futures/um/monthly/klines/BTCUSDT/5m/BTCUSDT-5m-2026-05.zip.CHECKSUM,AVAILABLE,200,,b1a73378796bb62084c32ca5865903beeaf87d521d950d5e7776343f682dea93,1,,2026-08-23T13:02:40.435870+00:00
19,BTCUSDT,5m,2026-06,kline:BTCUSDT:5m:2026-06,https://data.binance.vision/data/futures/um/monthly/klines/BTCUSDT/5m/BTCUSDT-5m-2026-06.zip,https://data.binance.vision/data/futures/um/monthly/klines/BTCUSDT/5m/BTCUSDT-5m-2026-06.zip.CHECKSUM,AVAILABLE,200,,782c555963c852ca768335de21d5743147e5d50bff449600f8fceb9ebe5273de,1,,2026-08-23T13:02:40.640495+00:00
20,BTCUSDT,5m,2026-07,kline:BTCUSDT:5m:2026-07,https://data.binance.vision/data/futures/um/monthly/klines/BTCUSDT/5m/BTCUSDT-5m-2026-07.zip,https://data.binance.vision/data/futures/um/monthly/klines/BTCUSDT/5m/BTCUSDT-5m-2026-07.zip.CHECKSUM,AVAILABLE,200,,ec750f7aa69c8f842fa1464a90ad4aa92452cfa767df9e8d70dc484e466c8fc3,1,,2026-08-23T13:02:40.788936+00:00
21,BTCUSDT,1m,2026-04,kline:BTCUSDT:1m:2026-04,https://data.binance.vision/data/futures/um/monthly/klines/BTCUSDT/1m/BTCUSDT-1m-2026-04.zip,https://data.binance.vision/data/futures/um/monthly/klines/BTCUSDT/1m/BTCUSDT-1m-2026-04.zip.CHECKSUM,AVAILABLE,200,,515b86570f0c6924f6dc2cf90589d3db90f3de9c6bfd9a22dde0429995dc5405,1,,2026-08-23T13:02:40.455266+00:00
22,BTCUSDT,1m,2026-05,kline:BTCUSDT:1m:2026-05,https://data.binance.vision/data/futures/um/monthly/klines/BTCUSDT/1m/BTCUSDT-1m-2026-05.zip,https://data.binance.vision/data/futures/um/monthly/klines/BTCUSDT/1m/BTCUSDT-1m-2026-05.zip.CHECKSUM,AVAILABLE,200,,d91548e94220d5211bb32447cc4b604ee266d145f2092edc5ec613328cbbc20a,1,,2026-08-23T13:02:40.442859+00:00
23,BTCUSDT,1m,2026-06,kline:BTCUSDT:1m:2026-06,https://data.binance.vision/data/futures/um/monthly/klines/BTCUSDT/1m/BTCUSDT-1m-2026-06.zip,https://data.binance.vision/data/futures/um/monthly/klines/BTCUSDT/1m/BTCUSDT-1m-2026-06.zip.CHECKSUM,AVAILABLE,200,,9b214199eb5063585c7ed0f59ba19323326d68ac024b85106713989399204490,1,,2026-08-23T13:02:40.448399+00:00
24,BTCUSDT,1m,2026-07,kline:BTCUSDT:1m:2026-07,https://data.binance.vision/data/futures/um/monthly/klines/BTCUSDT/1m/BTCUSDT-1m-2026-07.zip,https://data.binance.vision/data/futures/um/monthly/klines/BTCUSDT/1m/BTCUSDT-1m-2026-07.zip.CHECKSUM,AVAILABLE,200,,f18440bb58f0c7e1ff63cbb906132002877c4914540c8aebab920da6937cff73,1,,2026-08-23T13:02:40.785002+00:00
25,ETHUSDT,1d,2026-04,kline:ETHUSDT:1d:2026-04,https://data.binance.vision/data/futures/um/monthly/klines/ETHUSDT/1d/ETHUSDT-1d-2026-04.zip,https://data.binance.vision/data/futures/um/monthly/klines/ETHUSDT/1d/ETHUSDT-1d-2026-04.zip.CHECKSUM,AVAILABLE,200,,b01214ecc10d42fef261ae34096918c95910fe67e01e3345a67379f891d07e00,1,,2026-08-23T13:02:40.795175+00:00
26,ETHUSDT,1d,2026-05,kline:ETHUSDT:1d:2026-05,https://data.binance.vision/data/futures/um/monthly/klines/ETHUSDT/1d/ETHUSDT-1d-2026-05.zip,https://data.binance.vision/data/futures/um/monthly/klines/ETHUSDT/1d/ETHUSDT-1d-2026-05.zip.CHECKSUM,AVAILABLE,200,,59386141efa6f41ec83fea5293513c80e82eb9fdc539d96eeac6fe25e6be27d3,1,,2026-08-23T13:02:40.385379+00:00
27,ETHUSDT,1d,2026-06,kline:ETHUSDT:1d:2026-06,https://data.binance.vision/data/futures/um/monthly/klines/ETHUSDT/1d/ETHUSDT-1d-2026-06.zip,https://data.binance.vision/data/futures/um/monthly/klines/ETHUSDT/1d/ETHUSDT-1d-2026-06.zip.CHECKSUM,AVAILABLE,200,,34adb4f2892b81194ad60e414d01176e598fb98757920ea073d27320c36dd098,1,,2026-08-23T13:02:40.450355+00:00
28,ETHUSDT,1d,2026-07,kline:ETHUSDT:1d:2026-07,https://data.binance.vision/data/futures/um/monthly/klines/ETHUSDT/1d/ETHUSDT-1d-2026-07.zip,https://data.binance.vision/data/futures/um/monthly/klines/ETHUSDT/1d/ETHUSDT-1d-2026-07.zip.CHECKSUM,AVAILABLE,200,,f3c34fd95aefc44250c04af7808a2949f7a7520a20cc4a79a8b07491176b2bda,1,,2026-08-23T13:02:40.437045+00:00
29,ETHUSDT,4h,2026-04,kline:ETHUSDT:4h:2026-04,https://data.binance.vision/data/futures/um/monthly/klines/ETHUSDT/4h/ETHUSDT-4h-2026-04.zip,https://data.binance.vision/data/futures/um/monthly/klines/ETHUSDT/4h/ETHUSDT-4h-2026-04.zip.CHECKSUM,AVAILABLE,200,,c3e738853a03fe67caadf689c05045fe601f426a60c5f607d4e6b8dc237009f2,1,,2026-08-23T13:02:40.504281+00:00
30,ETHUSDT,4h,2026-05,kline:ETHUSDT:4h:2026-05,https://data.binance.vision/data/futures/um/monthly/klines/ETHUSDT/4h/ETHUSDT-4h-2026-05.zip,https://data.binance.vision/data/futures/um/monthly/klines/ETHUSDT/4h/ETHUSDT-4h-2026-05.zip.CHECKSUM,AVAILABLE,200,,471b54155e392dd0483bd233caab94287a5729992981f833cf94386bc3239c38,1,,2026-08-23T13:02:40.637093+00:00
31,ETHUSDT,4h,2026-06,kline:ETHUSDT:4h:2026-06,https://data.binance.vision/data/futures/um/monthly/klines/ETHUSDT/4h/ETHUSDT-4h-2026-06.zip,https://data.binance.vision/data/futures/um/monthly/klines/ETHUSDT/4h/ETHUSDT-4h-2026-06.zip.CHECKSUM,AVAILABLE,200,,fa01174aa882cec9e1d67d995ce2f0a3246340f5083c5a3b4cbac9ebc4b29dea,1,,2026-08-23T13:02:40.807775+00:00
32,ETHUSDT,4h,2026-07,kline:ETHUSDT:4h:2026-07,https://data.binance.vision/data/futures/um/monthly/klines/ETHUSDT/4h/ETHUSDT-4h-2026-07.zip,https://data.binance.vision/data/futures/um/monthly/klines/ETHUSDT/4h/ETHUSDT-4h-2026-07.zip.CHECKSUM,AVAILABLE,200,,4016f7b59a8067b5ca373c1ecaa25fbe7c6abb96e49616944cf16d4a2da3e9e0,1,,2026-08-23T13:02:40.538642+00:00
33,ETHUSDT,1h,2026-04,kline:ETHUSDT:1h:2026-04,https://data.binance.vision/data/futures/um/monthly/klines/ETHUSDT/1h/ETHUSDT-1h-2026-04.zip,https://data.binance.vision/data/futures/um/monthly/klines/ETHUSDT/1h/ETHUSDT-1h-2026-04.zip.CHECKSUM,AVAILABLE,200,,b72f5a102bd468d1e3d0c3b88619f1354a29e81616f9a55935d2e00837958e4b,1,,2026-08-23T13:02:40.455833+00:00
34,ETHUSDT,1h,2026-05,kline:ETHUSDT:1h:2026-05,https://data.binance.vision/data/futures/um/monthly/klines/ETHUSDT/1h/ETHUSDT-1h-2026-05.zip,https://data.binance.vision/data/futures/um/monthly/klines/ETHUSDT/1h/ETHUSDT-1h-2026-05.zip.CHECKSUM,AVAILABLE,200,,5353c7cd71f610eca5a58824606ba1016efe34ea62fd6e6cd4b7be4b99277915,1,,2026-08-23T13:02:40.453973+00:00
35,ETHUSDT,1h,2026-06,kline:ETHUSDT:1h:2026-06,https://data.binance.vision/data/futures/um/monthly/klines/ETHUSDT/1h/ETHUSDT-1h-2026-06.zip,https://data.binance.vision/data/futures/um/monthly/klines/ETHUSDT/1h/ETHUSDT-1h-2026-06.zip.CHECKSUM,AVAILABLE,200,,138bcb6c7c8be4c5bdd8048fa417be551fbeffe4024f64e5bef5ed30d3069d8c,1,,2026-08-23T13:02:40.539830+00:00
36,ETHUSDT,1h,2026-07,kline:ETHUSDT:1h:2026-07,https://data.binance.vision/data/futures/um/monthly/klines/ETHUSDT/1h/ETHUSDT-1h-2026-07.zip,https://data.binance.vision/data/futures/um/monthly/klines/ETHUSDT/1h/ETHUSDT-1h-2026-07.zip.CHECKSUM,AVAILABLE,200,,2036043c65c50a1d9c817db4c93db0c97366851d7cc972efb8c5e951cb3b5cdd,1,,2026-08-23T13:02:40.575003+00:00
37,ETHUSDT,15m,2026-04,kline:ETHUSDT:15m:2026-04,https://data.binance.vision/data/futures/um/monthly/klines/ETHUSDT/15m/ETHUSDT-15m-2026-04.zip,https://data.binance.vision/data/futures/um/monthly/klines/ETHUSDT/15m/ETHUSDT-15m-2026-04.zip.CHECKSUM,AVAILABLE,200,,d9974b77eb5b1b37c1b6b82f064a4edbb8c0b2a0531fbee487e3a34e519da6be,1,,2026-08-23T13:02:40.959172+00:00
38,ETHUSDT,15m,2026-05,kline:ETHUSDT:15m:2026-05,https://data.binance.vision/data/futures/um/monthly/klines/ETHUSDT/15m/ETHUSDT-15m-2026-05.zip,https://data.binance.vision/data/futures/um/monthly/klines/ETHUSDT/15m/ETHUSDT-15m-2026-05.zip.CHECKSUM,AVAILABLE,200,,3db40bf90a856aa0977bcac53c46750c174b58c9e0a438ea9803948e81d42260,1,,2026-08-23T13:02:40.968239+00:00
39,ETHUSDT,15m,2026-06,kline:ETHUSDT:15m:2026-06,https://data.binance.vision/data/futures/um/monthly/klines/ETHUSDT/15m/ETHUSDT-15m-2026-06.zip,https://data.binance.vision/data/futures/um/monthly/klines/ETHUSDT/15m/ETHUSDT-15m-2026-06.zip.CHECKSUM,AVAILABLE,200,,d4d7c7087b6813c219c39c1cfcb7b3f5c493551b94d33a8d7c6ee0b7201f010a,1,,2026-08-23T13:02:40.981161+00:00
40,ETHUSDT,15m,2026-07,kline:ETHUSDT:15m:2026-07,https://data.binance.vision/data/futures/um/monthly/klines/ETHUSDT/15m/ETHUSDT-15m-2026-07.zip,https://data.binance.vision/data/futures/um/monthly/klines/ETHUSDT/15m/ETHUSDT-15m-2026-07.zip.CHECKSUM,AVAILABLE,200,,6d35d18663150fc242eec9fb2f4d3ed220081c849994020f728e93556f7a9f50,1,,2026-08-23T13:02:40.782432+00:00
41,ETHUSDT,5m,2026-04,kline:ETHUSDT:5m:2026-04,https://data.binance.vision/data/futures/um/monthly/klines/ETHUSDT/5m/ETHUSDT-5m-2026-04.zip,https://data.binance.vision/data/futures/um/monthly/klines/ETHUSDT/5m/ETHUSDT-5m-2026-04.zip.CHECKSUM,AVAILABLE,200,,94c890bf844ef6c289bcf6d126869a39bbc457aac139a5e0b8cebdf2bef2e078,1,,2026-08-23T13:02:40.650473+00:00
42,ETHUSDT,5m,2026-05,kline:ETHUSDT:5m:2026-05,https://data.binance.vision/data/futures/um/monthly/klines/ETHUSDT/5m/ETHUSDT-5m-2026-05.zip,https://data.binance.vision/data/futures/um/monthly/klines/ETHUSDT/5m/ETHUSDT-5m-2026-05.zip.CHECKSUM,AVAILABLE,200,,3a642e9db105c9002210fc4d7f5a99a527d6b52d63823ae17076c1e2d2578eda,1,,2026-08-23T13:02:40.708139+00:00
43,ETHUSDT,5m,2026-06,kline:ETHUSDT:5m:2026-06,https://data.binance.vision/data/futures/um/monthly/klines/ETHUSDT/5m/ETHUSDT-5m-2026-06.zip,https://data.binance.vision/data/futures/um/monthly/klines/ETHUSDT/5m/ETHUSDT-5m-2026-06.zip.CHECKSUM,AVAILABLE,200,,f26819283e11870b0b206acea9e084bcd7e3c6a5fb2abb8800ac5a424959e49d,1,,2026-08-23T13:02:40.859491+00:00
44,ETHUSDT,5m,2026-07,kline:ETHUSDT:5m:2026-07,https://data.binance.vision/data/futures/um/monthly/klines/ETHUSDT/5m/ETHUSDT-5m-2026-07.zip,https://data.binance.vision/data/futures/um/monthly/klines/ETHUSDT/5m/ETHUSDT-5m-2026-07.zip.CHECKSUM,AVAILABLE,200,,2e9ba157f21fbcb97f108dd263d572cd0b4d6cc1db7cd54446f762f4ce3e6dda,1,,2026-08-23T13:02:40.650889+00:00
45,ETHUSDT,1m,2026-04,kline:ETHUSDT:1m:2026-04,https://data.binance.vision/data/futures/um/monthly/klines/ETHUSDT/1m/ETHUSDT-1m-2026-04.zip,https://data.binance.vision/data/futures/um/monthly/klines/ETHUSDT/1m/ETHUSDT-1m-2026-04.zip.CHECKSUM,AVAILABLE,200,,fd01f08f331a0dcb5d89c718afb199f7cda63f43228b72ddda0bdd08bfd527c7,1,,2026-08-23T13:02:40.765587+00:00
46,ETHUSDT,1m,2026-05,kline:ETHUSDT:1m:2026-05,https://data.binance.vision/data/futures/um/monthly/klines/ETHUSDT/1m/ETHUSDT-1m-2026-05.zip,https://data.binance.vision/data/futures/um/monthly/klines/ETHUSDT/1m/ETHUSDT-1m-2026-05.zip.CHECKSUM,AVAILABLE,200,,9710b3d1e350bef5bf31b8d1531c5801d35f963d223d0a42e73ae86ddd376e92,1,,2026-08-23T13:02:40.657435+00:00
47,ETHUSDT,1m,2026-06,kline:ETHUSDT:1m:2026-06,https://data.binance.vision/data/futures/um/monthly/klines/ETHUSDT/1m/ETHUSDT-1m-2026-06.zip,https://data.binance.vision/data/futures/um/monthly/klines/ETHUSDT/1m/ETHUSDT-1m-2026-06.zip.CHECKSUM,AVAILABLE,200,,3b771e114b494805ac4cc677b34befb7e5f332bf5bd3a8a368cd21d65cd99cba,1,,2026-08-23T13:02:40.806463+00:00
48,ETHUSDT,1m,2026-07,kline:ETHUSDT:1m:2026-07,https://data.binance.vision/data/futures/um/monthly/klines/ETHUSDT/1m/ETHUSDT-1m-2026-07.zip,https://data.binance.vision/data/futures/um/monthly/klines/ETHUSDT/1m/ETHUSDT-1m-2026-07.zip.CHECKSUM,AVAILABLE,200,,5c98ad0cfa152fbe08df59838ead7c8bbfa433af943bbfb4d082626ebee2d83e,1,,2026-08-23T13:02:40.776239+00:00
49,XRPUSDT,1d,2026-04,kline:XRPUSDT:1d:2026-04,https://data.binance.vision/data/futures/um/monthly/klines/XRPUSDT/1d/XRPUSDT-1d-2026-04.zip,https://data.binance.vision/data/futures/um/monthly/klines/XRPUSDT/1d/XRPUSDT-1d-2026-04.zip.CHECKSUM,AVAILABLE,200,,9c286224a60eb1229ad76b114a95b897c9b3ad457da85b427898f073e46ceebe,1,,2026-08-23T13:02:40.725029+00:00
50,XRPUSDT,1d,2026-05,kline:XRPUSDT:1d:2026-05,https://data.binance.vision/data/futures/um/monthly/klines/XRPUSDT/1d/XRPUSDT-1d-2026-05.zip,https://data.binance.vision/data/futures/um/monthly/klines/XRPUSDT/1d/XRPUSDT-1d-2026-05.zip.CHECKSUM,AVAILABLE,200,,721a185dd7170682846a7cb39bd1e94d860678233fb78ecabff7b1a1f5d01f95,1,,2026-08-23T13:02:40.726357+00:00
51,XRPUSDT,1d,2026-06,kline:XRPUSDT:1d:2026-06,https://data.binance.vision/data/futures/um/monthly/klines/XRPUSDT/1d/XRPUSDT-1d-2026-06.zip,https://data.binance.vision/data/futures/um/monthly/klines/XRPUSDT/1d/XRPUSDT-1d-2026-06.zip.CHECKSUM,AVAILABLE,200,,016eb899f622c8191f1bdfbb0f17757f63be054b2830eb02a38b090733c151fc,1,,2026-08-23T13:02:40.852856+00:00
52,XRPUSDT,1d,2026-07,kline:XRPUSDT:1d:2026-07,https://data.binance.vision/data/futures/um/monthly/klines/XRPUSDT/1d/XRPUSDT-1d-2026-07.zip,https://data.binance.vision/data/futures/um/monthly/klines/XRPUSDT/1d/XRPUSDT-1d-2026-07.zip.CHECKSUM,AVAILABLE,200,,414cb8531a4a80694b8704c3f3e95e491e1fa457f895dc68e286eb2c5ed2f06d,1,,2026-08-23T13:02:40.922952+00:00
53,XRPUSDT,4h,2026-04,kline:XRPUSDT:4h:2026-04,https://data.binance.vision/data/futures/um/monthly/klines/XRPUSDT/4h/XRPUSDT-4h-2026-04.zip,https://data.binance.vision/data/futures/um/monthly/klines/XRPUSDT/4h/XRPUSDT-4h-2026-04.zip.CHECKSUM,AVAILABLE,200,,f3071cb269e853949608083843cd83a36fcd124f1aab3b421cfddcf406e74c08,1,,2026-08-23T13:02:40.722825+00:00
54,XRPUSDT,4h,2026-05,kline:XRPUSDT:4h:2026-05,https://data.binance.vision/data/futures/um/monthly/klines/XRPUSDT/4h/XRPUSDT-4h-2026-05.zip,https://data.binance.vision/data/futures/um/monthly/klines/XRPUSDT/4h/XRPUSDT-4h-2026-05.zip.CHECKSUM,AVAILABLE,200,,e6c0c0a324f03826b579d5c69d3f26f27c4715de94984e94183d163a2aff8294,1,,2026-08-23T13:02:40.723938+00:00
55,XRPUSDT,4h,2026-06,kline:XRPUSDT:4h:2026-06,https://data.binance.vision/data/futures/um/monthly/klines/XRPUSDT/4h/XRPUSDT-4h-2026-06.zip,https://data.binance.vision/data/futures/um/monthly/klines/XRPUSDT/4h/XRPUSDT-4h-2026-06.zip.CHECKSUM,AVAILABLE,200,,3be9fb5db104c646fed6e4d688d64d7595a80084e24e7dfd9daed15ca5229027,1,,2026-08-23T13:02:40.992807+00:00
56,XRPUSDT,4h,2026-07,kline:XRPUSDT:4h:2026-07,https://data.binance.vision/data/futures/um/monthly/klines/XRPUSDT/4h/XRPUSDT-4h-2026-07.zip,https://data.binance.vision/data/futures/um/monthly/klines/XRPUSDT/4h/XRPUSDT-4h-2026-07.zip.CHECKSUM,AVAILABLE,200,,c74d5f052abb8a7d9e2df4cc9a283d176282b5d50a10f30ffa94e23b9abbd608,1,,2026-08-23T13:02:40.751939+00:00
57,XRPUSDT,1h,2026-04,kline:XRPUSDT:1h:2026-04,https://data.binance.vision/data/futures/um/monthly/klines/XRPUSDT/1h/XRPUSDT-1h-2026-04.zip,https://data.binance.vision/data/futures/um/monthly/klines/XRPUSDT/1h/XRPUSDT-1h-2026-04.zip.CHECKSUM,AVAILABLE,200,,ab93b4954e1b531766ba46e4a079a06f767a40b16cc14a9f8f321ab80af19ae2,1,,2026-08-23T13:02:40.755076+00:00
58,XRPUSDT,1h,2026-05,kline:XRPUSDT:1h:2026-05,https://data.binance.vision/data/futures/um/monthly/klines/XRPUSDT/1h/XRPUSDT-1h-2026-05.zip,https://data.binance.vision/data/futures/um/monthly/klines/XRPUSDT/1h/XRPUSDT-1h-2026-05.zip.CHECKSUM,AVAILABLE,200,,30273c8778fab32eff2cc1343b3f0fd1087005bca859786cffe4fe8169b4cd97,1,,2026-08-23T13:02:41.094291+00:00
59,XRPUSDT,1h,2026-06,kline:XRPUSDT:1h:2026-06,https://data.binance.vision/data/futures/um/monthly/klines/XRPUSDT/1h/XRPUSDT-1h-2026-06.zip,https://data.binance.vision/data/futures/um/monthly/klines/XRPUSDT/1h/XRPUSDT-1h-2026-06.zip.CHECKSUM,AVAILABLE,200,,f26db58471a44843813bd757923e999a9d8d8b421fabb11292c015993795d2b6,1,,2026-08-23T13:02:40.841348+00:00
60,XRPUSDT,1h,2026-07,kline:XRPUSDT:1h:2026-07,https://data.binance.vision/data/futures/um/monthly/klines/XRPUSDT/1h/XRPUSDT-1h-2026-07.zip,https://data.binance.vision/data/futures/um/monthly/klines/XRPUSDT/1h/XRPUSDT-1h-2026-07.zip.CHECKSUM,AVAILABLE,200,,9dbdf2f4b57be325d70455ac36cdf403cf8b90d56688bbe72e930fdf74b832de,1,,2026-08-23T13:02:40.846920+00:00
61,XRPUSDT,15m,2026-04,kline:XRPUSDT:15m:2026-04,https://data.binance.vision/data/futures/um/monthly/klines/XRPUSDT/15m/XRPUSDT-15m-2026-04.zip,https://data.binance.vision/data/futures/um/monthly/klines/XRPUSDT/15m/XRPUSDT-15m-2026-04.zip.CHECKSUM,AVAILABLE,200,,1106aa92f6191a5ed5fcf710e718f9f58123486440e5aca5405f0a7c42e74e2e,1,,2026-08-23T13:02:41.198736+00:00
62,XRPUSDT,15m,2026-05,kline:XRPUSDT:15m:2026-05,https://data.binance.vision/data/futures/um/monthly/klines/XRPUSDT/15m/XRPUSDT-15m-2026-05.zip,https://data.binance.vision/data/futures/um/monthly/klines/XRPUSDT/15m/XRPUSDT-15m-2026-05.zip.CHECKSUM,AVAILABLE,200,,6e8cb695ef9e1c926296c8529f11eb746f295b44213d4f0bea764e72b505fee0,1,,2026-08-23T13:02:40.877508+00:00
63,XRPUSDT,15m,2026-06,kline:XRPUSDT:15m:2026-06,https://data.binance.vision/data/futures/um/monthly/klines/XRPUSDT/15m/XRPUSDT-15m-2026-06.zip,https://data.binance.vision/data/futures/um/monthly/klines/XRPUSDT/15m/XRPUSDT-15m-2026-06.zip.CHECKSUM,AVAILABLE,200,,1c9bceda3e026aa9d9fedc6cc8292ba6c4fe705ced786ef1a8470c9e489b1744,1,,2026-08-23T13:02:41.230385+00:00
64,XRPUSDT,15m,2026-07,kline:XRPUSDT:15m:2026-07,https://data.binance.vision/data/futures/um/monthly/klines/XRPUSDT/15m/XRPUSDT-15m-2026-07.zip,https://data.binance.vision/data/futures/um/monthly/klines/XRPUSDT/15m/XRPUSDT-15m-2026-07.zip.CHECKSUM,AVAILABLE,200,,71f622b545e485d23b94989d8507ec5fee115591e2bde0190ff19e9143d288f5,1,,2026-08-23T13:02:41.044291+00:00
65,XRPUSDT,5m,2026-04,kline:XRPUSDT:5m:2026-04,https://data.binance.vision/data/futures/um/monthly/klines/XRPUSDT/5m/XRPUSDT-5m-2026-04.zip,https://data.binance.vision/data/futures/um/monthly/klines/XRPUSDT/5m/XRPUSDT-5m-2026-04.zip.CHECKSUM,AVAILABLE,200,,1536b6bba6d2f7f59485ccc8c54380cf171fa3b8052b92085931eed2251d6af9,1,,2026-08-23T13:02:41.160503+00:00
66,XRPUSDT,5m,2026-05,kline:XRPUSDT:5m:2026-05,https://data.binance.vision/data/futures/um/monthly/klines/XRPUSDT/5m/XRPUSDT-5m-2026-05.zip,https://data.binance.vision/data/futures/um/monthly/klines/XRPUSDT/5m/XRPUSDT-5m-2026-05.zip.CHECKSUM,AVAILABLE,200,,75468a31d9fefea81e8c1e324b12638363d4cbf119636d88ef8b03182edb1899,1,,2026-08-23T13:02:41.161966+00:00
67,XRPUSDT,5m,2026-06,kline:XRPUSDT:5m:2026-06,https://data.binance.vision/data/futures/um/monthly/klines/XRPUSDT/5m/XRPUSDT-5m-2026-06.zip,https://data.binance.vision/data/futures/um/monthly/klines/XRPUSDT/5m/XRPUSDT-5m-2026-06.zip.CHECKSUM,AVAILABLE,200,,1947d7172e0b57b2a28cfe0ac764e9d6ab6bc66e4f19a2ce2295fd049f51660c,1,,2026-08-23T13:02:41.156064+00:00
68,XRPUSDT,5m,2026-07,kline:XRPUSDT:5m:2026-07,https://data.binance.vision/data/futures/um/monthly/klines/XRPUSDT/5m/XRPUSDT-5m-2026-07.zip,https://data.binance.vision/data/futures/um/monthly/klines/XRPUSDT/5m/XRPUSDT-5m-2026-07.zip.CHECKSUM,AVAILABLE,200,,86d57a59df3c9b6bf5fc4dd58a43c2350bdbec6c2ee7d9612b041486c62b53b7,1,,2026-08-23T13:02:41.152913+00:00
69,XRPUSDT,1m,2026-04,kline:XRPUSDT:1m:2026-04,https://data.binance.vision/data/futures/um/monthly/klines/XRPUSDT/1m/XRPUSDT-1m-2026-04.zip,https://data.binance.vision/data/futures/um/monthly/klines/XRPUSDT/1m/XRPUSDT-1m-2026-04.zip.CHECKSUM,AVAILABLE,200,,e887d411a37786bfd83d3fcbe7561801529d3c9e012d90b420c628226253d63a,1,,2026-08-23T13:02:41.159961+00:00
70,XRPUSDT,1m,2026-05,kline:XRPUSDT:1m:2026-05,https://data.binance.vision/data/futures/um/monthly/klines/XRPUSDT/1m/XRPUSDT-1m-2026-05.zip,https://data.binance.vision/data/futures/um/monthly/klines/XRPUSDT/1m/XRPUSDT-1m-2026-05.zip.CHECKSUM,AVAILABLE,200,,6733b41f25b4a278a67ae6002e5f20c089a61ae864d99c9d1b002e375c932f9b,1,,2026-08-23T13:02:41.152300+00:00
71,XRPUSDT,1m,2026-06,kline:XRPUSDT:1m:2026-06,https://data.binance.vision/data/futures/um/monthly/klines/XRPUSDT/1m/XRPUSDT-1m-2026-06.zip,https://data.binance.vision/data/futures/um/monthly/klines/XRPUSDT/1m/XRPUSDT-1m-2026-06.zip.CHECKSUM,AVAILABLE,200,,b49faed75492e1136f2dc3f8cad1328e55c3179368ba80b85e1f961d536a8a47,1,,2026-08-23T13:02:41.495313+00:00
72,XRPUSDT,1m,2026-07,kline:XRPUSDT:1m:2026-07,https://data.binance.vision/data/futures/um/monthly/klines/XRPUSDT/1m/XRPUSDT-1m-2026-07.zip,https://data.binance.vision/data/futures/um/monthly/klines/XRPUSDT/1m/XRPUSDT-1m-2026-07.zip.CHECKSUM,AVAILABLE,200,,0cb5c416531326d23013fb5f38dc8fd9b83f60768d349ae4dacae69da0e4403a,1,,2026-08-23T13:02:41.353482+00:00
73,SOLUSDT,1d,2026-04,kline:SOLUSDT:1d:2026-04,https://data.binance.vision/data/futures/um/monthly/klines/SOLUSDT/1d/SOLUSDT-1d-2026-04.zip,https://data.binance.vision/data/futures/um/monthly/klines/SOLUSDT/1d/SOLUSDT-1d-2026-04.zip.CHECKSUM,AVAILABLE,200,,05d60595e4e4d12172849a6bde4af65334ea2941b773fd805790c75862137db1,1,,2026-08-23T13:02:41.192553+00:00
74,SOLUSDT,1d,2026-05,kline:SOLUSDT:1d:2026-05,https://data.binance.vision/data/futures/um/monthly/klines/SOLUSDT/1d/SOLUSDT-1d-2026-05.zip,https://data.binance.vision/data/futures/um/monthly/klines/SOLUSDT/1d/SOLUSDT-1d-2026-05.zip.CHECKSUM,AVAILABLE,200,,b16eca8b0b73c72ab46a86fb611406d9a175d5f2e89aae2b029832d0eaf104b7,1,,2026-08-23T13:02:41.350861+00:00
75,SOLUSDT,1d,2026-06,kline:SOLUSDT:1d:2026-06,https://data.binance.vision/data/futures/um/monthly/klines/SOLUSDT/1d/SOLUSDT-1d-2026-06.zip,https://data.binance.vision/data/futures/um/monthly/klines/SOLUSDT/1d/SOLUSDT-1d-2026-06.zip.CHECKSUM,AVAILABLE,200,,47d6fcfde2816d105116c6d6b16f3f87be10edf904f9b020ab54348152098a61,1,,2026-08-23T13:02:41.163271+00:00
76,SOLUSDT,1d,2026-07,kline:SOLUSDT:1d:2026-07,https://data.binance.vision/data/futures/um/monthly/klines/SOLUSDT/1d/SOLUSDT-1d-2026-07.zip,https://data.binance.vision/data/futures/um/monthly/klines/SOLUSDT/1d/SOLUSDT-1d-2026-07.zip.CHECKSUM,AVAILABLE,200,,3fcb32f964b330e9c3b52bc34e38fc7842aa63b8a6f9537e933bc47bee7aebcc,1,,2026-08-23T13:02:41.162117+00:00
77,SOLUSDT,4h,2026-04,kline:SOLUSDT:4h:2026-04,https://data.binance.vision/data/futures/um/monthly/klines/SOLUSDT/4h/SOLUSDT-4h-2026-04.zip,https://data.binance.vision/data/futures/um/monthly/klines/SOLUSDT/4h/SOLUSDT-4h-2026-04.zip.CHECKSUM,AVAILABLE,200,,bff0b1783f4604f9bd8aaef586a825476bdbe39a470f3a2879a5567227793639,1,,2026-08-23T13:02:41.164013+00:00
78,SOLUSDT,4h,2026-05,kline:SOLUSDT:4h:2026-05,https://data.binance.vision/data/futures/um/monthly/klines/SOLUSDT/4h/SOLUSDT-4h-2026-05.zip,https://data.binance.vision/data/futures/um/monthly/klines/SOLUSDT/4h/SOLUSDT-4h-2026-05.zip.CHECKSUM,AVAILABLE,200,,b0e6153e4810d8796ddfbb83bf792979ec540b4c2dd71538bb1bd1f18d6b4413,1,,2026-08-23T13:02:41.168117+00:00
79,SOLUSDT,4h,2026-06,kline:SOLUSDT:4h:2026-06,https://data.binance.vision/data/futures/um/monthly/klines/SOLUSDT/4h/SOLUSDT-4h-2026-06.zip,https://data.binance.vision/data/futures/um/monthly/klines/SOLUSDT/4h/SOLUSDT-4h-2026-06.zip.CHECKSUM,AVAILABLE,200,,2c466653de540c10c2ae43129fe302f359f193680640478fdbc5eff3c85ee17d,1,,2026-08-23T13:02:41.160936+00:00
80,SOLUSDT,4h,2026-07,kline:SOLUSDT:4h:2026-07,https://data.binance.vision/data/futures/um/monthly/klines/SOLUSDT/4h/SOLUSDT-4h-2026-07.zip,https://data.binance.vision/data/futures/um/monthly/klines/SOLUSDT/4h/SOLUSDT-4h-2026-07.zip.CHECKSUM,AVAILABLE,200,,fc436f45c3ba75a7d745a63fe4bd4407fa836b1fe23b259446f974a3fa226178,1,,2026-08-23T13:02:41.163579+00:00
81,SOLUSDT,1h,2026-04,kline:SOLUSDT:1h:2026-04,https://data.binance.vision/data/futures/um/monthly/klines/SOLUSDT/1h/SOLUSDT-1h-2026-04.zip,https://data.binance.vision/data/futures/um/monthly/klines/SOLUSDT/1h/SOLUSDT-1h-2026-04.zip.CHECKSUM,AVAILABLE,200,,2f466580c7e6d2e02a67a968428c0f9b987108cc1a3d2ba73061e329aacc208d,1,,2026-08-23T13:02:41.164845+00:00
82,SOLUSDT,1h,2026-05,kline:SOLUSDT:1h:2026-05,https://data.binance.vision/data/futures/um/monthly/klines/SOLUSDT/1h/SOLUSDT-1h-2026-05.zip,https://data.binance.vision/data/futures/um/monthly/klines/SOLUSDT/1h/SOLUSDT-1h-2026-05.zip.CHECKSUM,AVAILABLE,200,,0d1aef19746005c140421825e55e482813330b19a82cbc24c792aaa0464778c2,1,,2026-08-23T13:02:41.485394+00:00
83,SOLUSDT,1h,2026-06,kline:SOLUSDT:1h:2026-06,https://data.binance.vision/data/futures/um/monthly/klines/SOLUSDT/1h/SOLUSDT-1h-2026-06.zip,https://data.binance.vision/data/futures/um/monthly/klines/SOLUSDT/1h/SOLUSDT-1h-2026-06.zip.CHECKSUM,AVAILABLE,200,,5b6913a64843d8fbadeb1783a2ef064291355a33e6eee84f1a03c7e8786acfc8,1,,2026-08-23T13:02:41.161374+00:00
84,SOLUSDT,1h,2026-07,kline:SOLUSDT:1h:2026-07,https://data.binance.vision/data/futures/um/monthly/klines/SOLUSDT/1h/SOLUSDT-1h-2026-07.zip,https://data.binance.vision/data/futures/um/monthly/klines/SOLUSDT/1h/SOLUSDT-1h-2026-07.zip.CHECKSUM,AVAILABLE,200,,4a88a47617d14ba94ae2154732ba724497a8cad66b1d7fd0dc4f88216101e0be,1,,2026-08-23T13:02:41.156489+00:00
85,SOLUSDT,15m,2026-04,kline:SOLUSDT:15m:2026-04,https://data.binance.vision/data/futures/um/monthly/klines/SOLUSDT/15m/SOLUSDT-15m-2026-04.zip,https://data.binance.vision/data/futures/um/monthly/klines/SOLUSDT/15m/SOLUSDT-15m-2026-04.zip.CHECKSUM,AVAILABLE,200,,d53aca5418e2bf2b375a66a57607984a3fca1fb190d6c7544645e394cdbd7868,1,,2026-08-23T13:02:41.162664+00:00
86,SOLUSDT,15m,2026-05,kline:SOLUSDT:15m:2026-05,https://data.binance.vision/data/futures/um/monthly/klines/SOLUSDT/15m/SOLUSDT-15m-2026-05.zip,https://data.binance.vision/data/futures/um/monthly/klines/SOLUSDT/15m/SOLUSDT-15m-2026-05.zip.CHECKSUM,AVAILABLE,200,,b047cecfb3b3c2448c252740a91b9135c5e152d911887d29231af8e0d54f8174,1,,2026-08-23T13:02:41.499091+00:00
87,SOLUSDT,15m,2026-06,kline:SOLUSDT:15m:2026-06,https://data.binance.vision/data/futures/um/monthly/klines/SOLUSDT/15m/SOLUSDT-15m-2026-06.zip,https://data.binance.vision/data/futures/um/monthly/klines/SOLUSDT/15m/SOLUSDT-15m-2026-06.zip.CHECKSUM,AVAILABLE,200,,141d6d45369c1a423fb844fc9ebc8f1c8753c892b9fa6a2810b1f68440ff8679,1,,2026-08-23T13:02:41.509885+00:00
88,SOLUSDT,15m,2026-07,kline:SOLUSDT:15m:2026-07,https://data.binance.vision/data/futures/um/monthly/klines/SOLUSDT/15m/SOLUSDT-15m-2026-07.zip,https://data.binance.vision/data/futures/um/monthly/klines/SOLUSDT/15m/SOLUSDT-15m-2026-07.zip.CHECKSUM,AVAILABLE,200,,393c30e6d60456e94f019297b21c86b30d2a90ecf8e16d585ddf88fd7030735f,1,,2026-08-23T13:02:41.151249+00:00
89,SOLUSDT,5m,2026-04,kline:SOLUSDT:5m:2026-04,https://data.binance.vision/data/futures/um/monthly/klines/SOLUSDT/5m/SOLUSDT-5m-2026-04.zip,https://data.binance.vision/data/futures/um/monthly/klines/SOLUSDT/5m/SOLUSDT-5m-2026-04.zip.CHECKSUM,AVAILABLE,200,,99625c8b89405c017813f60929161ddecc097646cf1280d05dcbf3ab882b13cd,1,,2026-08-23T13:02:41.197989+00:00
90,SOLUSDT,5m,2026-05,kline:SOLUSDT:5m:2026-05,https://data.binance.vision/data/futures/um/monthly/klines/SOLUSDT/5m/SOLUSDT-5m-2026-05.zip,https://data.binance.vision/data/futures/um/monthly/klines/SOLUSDT/5m/SOLUSDT-5m-2026-05.zip.CHECKSUM,AVAILABLE,200,,c878f5d988b90a6562259c9b98d709946c3c48b55b7e9c08affebe967238c3e6,1,,2026-08-23T13:02:41.197542+00:00
91,SOLUSDT,5m,2026-06,kline:SOLUSDT:5m:2026-06,https://data.binance.vision/data/futures/um/monthly/klines/SOLUSDT/5m/SOLUSDT-5m-2026-06.zip,https://data.binance.vision/data/futures/um/monthly/klines/SOLUSDT/5m/SOLUSDT-5m-2026-06.zip.CHECKSUM,AVAILABLE,200,,b1586ec5b540eb38bde1b39d3033f6cff16bb7e62a86f4775401a6134133acc3,1,,2026-08-23T13:02:41.195381+00:00
92,SOLUSDT,5m,2026-07,kline:SOLUSDT:5m:2026-07,https://data.binance.vision/data/futures/um/monthly/klines/SOLUSDT/5m/SOLUSDT-5m-2026-07.zip,https://data.binance.vision/data/futures/um/monthly/klines/SOLUSDT/5m/SOLUSDT-5m-2026-07.zip.CHECKSUM,AVAILABLE,200,,3e23ff1f6b8e99bfa5220b88b17d6397cec91d666a6bf50e5469080d4aedf11f,1,,2026-08-23T13:02:41.199336+00:00
93,SOLUSDT,1m,2026-04,kline:SOLUSDT:1m:2026-04,https://data.binance.vision/data/futures/um/monthly/klines/SOLUSDT/1m/SOLUSDT-1m-2026-04.zip,https://data.binance.vision/data/futures/um/monthly/klines/SOLUSDT/1m/SOLUSDT-1m-2026-04.zip.CHECKSUM,AVAILABLE,200,,8ce6bb0ea598eecdfa2078cc1429c7fc4fc39a32d306d74184f137fa6ae8d3cb,1,,2026-08-23T13:02:41.275870+00:00
94,SOLUSDT,1m,2026-05,kline:SOLUSDT:1m:2026-05,https://data.binance.vision/data/futures/um/monthly/klines/SOLUSDT/1m/SOLUSDT-1m-2026-05.zip,https://data.binance.vision/data/futures/um/monthly/klines/SOLUSDT/1m/SOLUSDT-1m-2026-05.zip.CHECKSUM,AVAILABLE,200,,588bdc611885c6de2bd55df7f8fbc597147ca0eef33f6824e340d2bff1a04066,1,,2026-08-23T13:02:41.314888+00:00
95,SOLUSDT,1m,2026-06,kline:SOLUSDT:1m:2026-06,https://data.binance.vision/data/futures/um/monthly/klines/SOLUSDT/1m/SOLUSDT-1m-2026-06.zip,https://data.binance.vision/data/futures/um/monthly/klines/SOLUSDT/1m/SOLUSDT-1m-2026-06.zip.CHECKSUM,AVAILABLE,200,,dcd12574ab820047a10c3e6977b69251b7285fe7998fa7aff6d73470c6637ecd,1,,2026-08-23T13:02:41.780538+00:00
96,SOLUSDT,1m,2026-07,kline:SOLUSDT:1m:2026-07,https://data.binance.vision/data/futures/um/monthly/klines/SOLUSDT/1m/SOLUSDT-1m-2026-07.zip,https://data.binance.vision/data/futures/um/monthly/klines/SOLUSDT/1m/SOLUSDT-1m-2026-07.zip.CHECKSUM,AVAILABLE,200,,10b4d10f286b8cc658af3e441dbd0369b7b5e727626049cab59545f0c00062c0,1,,2026-08-23T13:02:41.773522+00:00
97,HYPEUSDT,1d,2026-04,kline:HYPEUSDT:1d:2026-04,https://data.binance.vision/data/futures/um/monthly/klines/HYPEUSDT/1d/HYPEUSDT-1d-2026-04.zip,https://data.binance.vision/data/futures/um/monthly/klines/HYPEUSDT/1d/HYPEUSDT-1d-2026-04.zip.CHECKSUM,AVAILABLE,200,,26bc9630661f4d1e8dc0762b14c39b8714dcd53cf421bc618683582f481a4045,1,,2026-08-23T13:02:41.433594+00:00
98,HYPEUSDT,1d,2026-05,kline:HYPEUSDT:1d:2026-05,https://data.binance.vision/data/futures/um/monthly/klines/HYPEUSDT/1d/HYPEUSDT-1d-2026-05.zip,https://data.binance.vision/data/futures/um/monthly/klines/HYPEUSDT/1d/HYPEUSDT-1d-2026-05.zip.CHECKSUM,AVAILABLE,200,,59c73e3a94f80262753c2c9624a06503be8edae3927cb26c02b6427cbc6cd1bd,1,,2026-08-23T13:02:41.426768+00:00
99,HYPEUSDT,1d,2026-06,kline:HYPEUSDT:1d:2026-06,https://data.binance.vision/data/futures/um/monthly/klines/HYPEUSDT/1d/HYPEUSDT-1d-2026-06.zip,https://data.binance.vision/data/futures/um/monthly/klines/HYPEUSDT/1d/HYPEUSDT-1d-2026-06.zip.CHECKSUM,AVAILABLE,200,,2df2606f34e5ac412a19ff5fc3b5b973a0a994e6ce71222b145c39e267c24b1f,1,,2026-08-23T13:02:41.425516+00:00
100,HYPEUSDT,1d,2026-07,kline:HYPEUSDT:1d:2026-07,https://data.binance.vision/data/futures/um/monthly/klines/HYPEUSDT/1d/HYPEUSDT-1d-2026-07.zip,https://data.binance.vision/data/futures/um/monthly/klines/HYPEUSDT/1d/HYPEUSDT-1d-2026-07.zip.CHECKSUM,AVAILABLE,200,,f742fa74d34f1beeba7472cfacea28660e5318a59ecb058b747546fbec12fd4a,1,,2026-08-23T13:02:41.437314+00:00
101,HYPEUSDT,4h,2026-04,kline:HYPEUSDT:4h:2026-04,https://data.binance.vision/data/futures/um/monthly/klines/HYPEUSDT/4h/HYPEUSDT-4h-2026-04.zip,https://data.binance.vision/data/futures/um/monthly/klines/HYPEUSDT/4h/HYPEUSDT-4h-2026-04.zip.CHECKSUM,AVAILABLE,200,,db09ab8ca0ee35ce8705ae298c016bdde604bfb18188d49a7b23fa6af325b5b1,1,,2026-08-23T13:02:41.436122+00:00
102,HYPEUSDT,4h,2026-05,kline:HYPEUSDT:4h:2026-05,https://data.binance.vision/data/futures/um/monthly/klines/HYPEUSDT/4h/HYPEUSDT-4h-2026-05.zip,https://data.binance.vision/data/futures/um/monthly/klines/HYPEUSDT/4h/HYPEUSDT-4h-2026-05.zip.CHECKSUM,AVAILABLE,200,,5d2b9263f6afd7789769d72ec3e447c3563ad949cf026c0597c1e4272063bcf0,1,,2026-08-23T13:02:41.435419+00:00
103,HYPEUSDT,4h,2026-06,kline:HYPEUSDT:4h:2026-06,https://data.binance.vision/data/futures/um/monthly/klines/HYPEUSDT/4h/HYPEUSDT-4h-2026-06.zip,https://data.binance.vision/data/futures/um/monthly/klines/HYPEUSDT/4h/HYPEUSDT-4h-2026-06.zip.CHECKSUM,AVAILABLE,200,,d2ccec99d8fc27e266ff4d251b7282905b54a64d478a3f3e6ee3933fa89057d3,1,,2026-08-23T13:02:41.769950+00:00
104,HYPEUSDT,4h,2026-07,kline:HYPEUSDT:4h:2026-07,https://data.binance.vision/data/futures/um/monthly/klines/HYPEUSDT/4h/HYPEUSDT-4h-2026-07.zip,https://data.binance.vision/data/futures/um/monthly/klines/HYPEUSDT/4h/HYPEUSDT-4h-2026-07.zip.CHECKSUM,AVAILABLE,200,,d7c0a34d1912e0a8dcfdc6771e0269e23318d631b6ce769c5b6d9e9bbc63e624,1,,2026-08-23T13:02:41.433193+00:00
105,HYPEUSDT,1h,2026-04,kline:HYPEUSDT:1h:2026-04,https://data.binance.vision/data/futures/um/monthly/klines/HYPEUSDT/1h/HYPEUSDT-1h-2026-04.zip,https://data.binance.vision/data/futures/um/monthly/klines/HYPEUSDT/1h/HYPEUSDT-1h-2026-04.zip.CHECKSUM,AVAILABLE,200,,931fbd4df43e91be2cc3a36f26f276b9a980edeeeace32faafe3544c52ea0531,1,,2026-08-23T13:02:41.672677+00:00
106,HYPEUSDT,1h,2026-05,kline:HYPEUSDT:1h:2026-05,https://data.binance.vision/data/futures/um/monthly/klines/HYPEUSDT/1h/HYPEUSDT-1h-2026-05.zip,https://data.binance.vision/data/futures/um/monthly/klines/HYPEUSDT/1h/HYPEUSDT-1h-2026-05.zip.CHECKSUM,AVAILABLE,200,,a356e59b9a1969a9c8f04e1f648c3f4898b0ad6b538ddcc62f09baabaa671c4d,1,,2026-08-23T13:02:41.429701+00:00
107,HYPEUSDT,1h,2026-06,kline:HYPEUSDT:1h:2026-06,https://data.binance.vision/data/futures/um/monthly/klines/HYPEUSDT/1h/HYPEUSDT-1h-2026-06.zip,https://data.binance.vision/data/futures/um/monthly/klines/HYPEUSDT/1h/HYPEUSDT-1h-2026-06.zip.CHECKSUM,AVAILABLE,200,,6c755f438b27d73b13a7e7f4bc6aa42b994ca6a00c3e2458cfc2864a16953785,1,,2026-08-23T13:02:41.519920+00:00
108,HYPEUSDT,1h,2026-07,kline:HYPEUSDT:1h:2026-07,https://data.binance.vision/data/futures/um/monthly/klines/HYPEUSDT/1h/HYPEUSDT-1h-2026-07.zip,https://data.binance.vision/data/futures/um/monthly/klines/HYPEUSDT/1h/HYPEUSDT-1h-2026-07.zip.CHECKSUM,AVAILABLE,200,,ede5002061ecb940dec81ef9bac02d2b3e787b82b3b25e410cd0d8fa06ba046b,1,,2026-08-23T13:02:41.436886+00:00
109,HYPEUSDT,15m,2026-04,kline:HYPEUSDT:15m:2026-04,https://data.binance.vision/data/futures/um/monthly/klines/HYPEUSDT/15m/HYPEUSDT-15m-2026-04.zip,https://data.binance.vision/data/futures/um/monthly/klines/HYPEUSDT/15m/HYPEUSDT-15m-2026-04.zip.CHECKSUM,AVAILABLE,200,,aa6f5547434b248ac6f7b05bfc8a04d9d92a709cf921d84e1e246eb8e2d20a1e,1,,2026-08-23T13:02:41.634661+00:00
110,HYPEUSDT,15m,2026-05,kline:HYPEUSDT:15m:2026-05,https://data.binance.vision/data/futures/um/monthly/klines/HYPEUSDT/15m/HYPEUSDT-15m-2026-05.zip,https://data.binance.vision/data/futures/um/monthly/klines/HYPEUSDT/15m/HYPEUSDT-15m-2026-05.zip.CHECKSUM,AVAILABLE,200,,235530a9b14b458aa059779168618f07c2e774a6ff5195d7e985c1b46ceef1fc,1,,2026-08-23T13:02:41.430431+00:00
111,HYPEUSDT,15m,2026-06,kline:HYPEUSDT:15m:2026-06,https://data.binance.vision/data/futures/um/monthly/klines/HYPEUSDT/15m/HYPEUSDT-15m-2026-06.zip,https://data.binance.vision/data/futures/um/monthly/klines/HYPEUSDT/15m/HYPEUSDT-15m-2026-06.zip.CHECKSUM,AVAILABLE,200,,b24448c1eeeedccc8e67deedd5db10ab3fc6b957b9367db7fc4809ad358e39d6,1,,2026-08-23T13:02:41.424861+00:00
112,HYPEUSDT,15m,2026-07,kline:HYPEUSDT:15m:2026-07,https://data.binance.vision/data/futures/um/monthly/klines/HYPEUSDT/15m/HYPEUSDT-15m-2026-07.zip,https://data.binance.vision/data/futures/um/monthly/klines/HYPEUSDT/15m/HYPEUSDT-15m-2026-07.zip.CHECKSUM,AVAILABLE,200,,bbb522fd5cc8ee3aa914f39ded7d6f9706015bb5b2f5bc552c526cab2e9ddea2,1,,2026-08-23T13:02:41.473982+00:00
113,HYPEUSDT,5m,2026-04,kline:HYPEUSDT:5m:2026-04,https://data.binance.vision/data/futures/um/monthly/klines/HYPEUSDT/5m/HYPEUSDT-5m-2026-04.zip,https://data.binance.vision/data/futures/um/monthly/klines/HYPEUSDT/5m/HYPEUSDT-5m-2026-04.zip.CHECKSUM,AVAILABLE,200,,63ff418bbcfdfe1bde412ab8a32282d7011cf5ef601d0ea420ed3dc5963ea9d4,1,,2026-08-23T13:02:41.760939+00:00
114,HYPEUSDT,5m,2026-05,kline:HYPEUSDT:5m:2026-05,https://data.binance.vision/data/futures/um/monthly/klines/HYPEUSDT/5m/HYPEUSDT-5m-2026-05.zip,https://data.binance.vision/data/futures/um/monthly/klines/HYPEUSDT/5m/HYPEUSDT-5m-2026-05.zip.CHECKSUM,AVAILABLE,200,,35759b404009843ae46a54b274690e8812ff960e94fd9c1f0030675729825907,1,,2026-08-23T13:02:41.431957+00:00
115,HYPEUSDT,5m,2026-06,kline:HYPEUSDT:5m:2026-06,https://data.binance.vision/data/futures/um/monthly/klines/HYPEUSDT/5m/HYPEUSDT-5m-2026-06.zip,https://data.binance.vision/data/futures/um/monthly/klines/HYPEUSDT/5m/HYPEUSDT-5m-2026-06.zip.CHECKSUM,AVAILABLE,200,,1f7a239c57e6ecf1a73d1b8f084b6967739770e13c3a73374325712980be9e8a,1,,2026-08-23T13:02:41.428452+00:00
116,HYPEUSDT,5m,2026-07,kline:HYPEUSDT:5m:2026-07,https://data.binance.vision/data/futures/um/monthly/klines/HYPEUSDT/5m/HYPEUSDT-5m-2026-07.zip,https://data.binance.vision/data/futures/um/monthly/klines/HYPEUSDT/5m/HYPEUSDT-5m-2026-07.zip.CHECKSUM,AVAILABLE,200,,ae0d1c3e324ca80c019e53dbe0e18e0615ff2dbfb31ade8cc44c90bd60c31ef8,1,,2026-08-23T13:02:41.427855+00:00
117,HYPEUSDT,1m,2026-04,kline:HYPEUSDT:1m:2026-04,https://data.binance.vision/data/futures/um/monthly/klines/HYPEUSDT/1m/HYPEUSDT-1m-2026-04.zip,https://data.binance.vision/data/futures/um/monthly/klines/HYPEUSDT/1m/HYPEUSDT-1m-2026-04.zip.CHECKSUM,AVAILABLE,200,,5fde53790e071199a2d9f99f7e231e10f3a8204ee5283c90981444bb13c0186f,1,,2026-08-23T13:02:41.434968+00:00
118,HYPEUSDT,1m,2026-05,kline:HYPEUSDT:1m:2026-05,https://data.binance.vision/data/futures/um/monthly/klines/HYPEUSDT/1m/HYPEUSDT-1m-2026-05.zip,https://data.binance.vision/data/futures/um/monthly/klines/HYPEUSDT/1m/HYPEUSDT-1m-2026-05.zip.CHECKSUM,AVAILABLE,200,,bcb3f7cf0cf0cd925bc3086e1e4f113617a47d19645712dda27efcadd4fbe7b2,1,,2026-08-23T13:02:41.787127+00:00
119,HYPEUSDT,1m,2026-06,kline:HYPEUSDT:1m:2026-06,https://data.binance.vision/data/futures/um/monthly/klines/HYPEUSDT/1m/HYPEUSDT-1m-2026-06.zip,https://data.binance.vision/data/futures/um/monthly/klines/HYPEUSDT/1m/HYPEUSDT-1m-2026-06.zip.CHECKSUM,AVAILABLE,200,,77907130d30bc421cd7e50b5b8f7303fc2b45a339284217ad06a81bf0bb88ac0,1,,2026-08-23T13:02:41.828151+00:00
120,HYPEUSDT,1m,2026-07,kline:HYPEUSDT:1m:2026-07,https://data.binance.vision/data/futures/um/monthly/klines/HYPEUSDT/1m/HYPEUSDT-1m-2026-07.zip,https://data.binance.vision/data/futures/um/monthly/klines/HYPEUSDT/1m/HYPEUSDT-1m-2026-07.zip.CHECKSUM,AVAILABLE,200,,2b8a7cb1da24c9d26e122998cc4a6c3a1dd6444dbebd7db10d7a8f9a80fbe9df,1,,2026-08-23T13:02:42.162123+00:00
121,ZECUSDT,1d,2026-04,kline:ZECUSDT:1d:2026-04,https://data.binance.vision/data/futures/um/monthly/klines/ZECUSDT/1d/ZECUSDT-1d-2026-04.zip,https://data.binance.vision/data/futures/um/monthly/klines/ZECUSDT/1d/ZECUSDT-1d-2026-04.zip.CHECKSUM,AVAILABLE,200,,50593fc1392834e7452a37c103eaae63e5ef9dea84eca5e7c605310a656f1f0d,1,,2026-08-23T13:02:41.820100+00:00
122,ZECUSDT,1d,2026-05,kline:ZECUSDT:1d:2026-05,https://data.binance.vision/data/futures/um/monthly/klines/ZECUSDT/1d/ZECUSDT-1d-2026-05.zip,https://data.binance.vision/data/futures/um/monthly/klines/ZECUSDT/1d/ZECUSDT-1d-2026-05.zip.CHECKSUM,AVAILABLE,200,,d1e9e372e02d784c8b20baeb0ad6fe5bdf4ec465ece17ddde997493608572a31,1,,2026-08-23T13:02:41.848319+00:00
123,ZECUSDT,1d,2026-06,kline:ZECUSDT:1d:2026-06,https://data.binance.vision/data/futures/um/monthly/klines/ZECUSDT/1d/ZECUSDT-1d-2026-06.zip,https://data.binance.vision/data/futures/um/monthly/klines/ZECUSDT/1d/ZECUSDT-1d-2026-06.zip.CHECKSUM,AVAILABLE,200,,fc82d7742ed92e1b1f85ae1b49cca679d3dc853daeb55af9a7f3e9fe0a9549d5,1,,2026-08-23T13:02:42.164045+00:00
124,ZECUSDT,1d,2026-07,kline:ZECUSDT:1d:2026-07,https://data.binance.vision/data/futures/um/monthly/klines/ZECUSDT/1d/ZECUSDT-1d-2026-07.zip,https://data.binance.vision/data/futures/um/monthly/klines/ZECUSDT/1d/ZECUSDT-1d-2026-07.zip.CHECKSUM,AVAILABLE,200,,05b75f2a37f421c5a95527b207549cb8745007b3a0ed9f6d632c971a6e51e9f5,1,,2026-08-23T13:02:41.830607+00:00
125,ZECUSDT,4h,2026-04,kline:ZECUSDT:4h:2026-04,https://data.binance.vision/data/futures/um/monthly/klines/ZECUSDT/4h/ZECUSDT-4h-2026-04.zip,https://data.binance.vision/data/futures/um/monthly/klines/ZECUSDT/4h/ZECUSDT-4h-2026-04.zip.CHECKSUM,AVAILABLE,200,,4f1ecf42a969e6c487102b4bc33f4d4507d44c6818080d3c8e7ecdf4be9cf0d4,1,,2026-08-23T13:02:42.175556+00:00
126,ZECUSDT,4h,2026-05,kline:ZECUSDT:4h:2026-05,https://data.binance.vision/data/futures/um/monthly/klines/ZECUSDT/4h/ZECUSDT-4h-2026-05.zip,https://data.binance.vision/data/futures/um/monthly/klines/ZECUSDT/4h/ZECUSDT-4h-2026-05.zip.CHECKSUM,AVAILABLE,200,,c15469f0a25f78eaec2a70b4a859e59b8e353f087ad893ebaadd4646fe3feab5,1,,2026-08-23T13:02:41.831852+00:00
127,ZECUSDT,4h,2026-06,kline:ZECUSDT:4h:2026-06,https://data.binance.vision/data/futures/um/monthly/klines/ZECUSDT/4h/ZECUSDT-4h-2026-06.zip,https://data.binance.vision/data/futures/um/monthly/klines/ZECUSDT/4h/ZECUSDT-4h-2026-06.zip.CHECKSUM,AVAILABLE,200,,0a1951bf114eaf0fd4c5616bbb4985e6d277b0b2287b8844148327dccf106b02,1,,2026-08-23T13:02:41.824695+00:00
128,ZECUSDT,4h,2026-07,kline:ZECUSDT:4h:2026-07,https://data.binance.vision/data/futures/um/monthly/klines/ZECUSDT/4h/ZECUSDT-4h-2026-07.zip,https://data.binance.vision/data/futures/um/monthly/klines/ZECUSDT/4h/ZECUSDT-4h-2026-07.zip.CHECKSUM,AVAILABLE,200,,fd5d0196ef737a27f04ff584fa3742e9b32143790e771dd62b559496be75f8db,1,,2026-08-23T13:02:41.826132+00:00
129,ZECUSDT,1h,2026-04,kline:ZECUSDT:1h:2026-04,https://data.binance.vision/data/futures/um/monthly/klines/ZECUSDT/1h/ZECUSDT-1h-2026-04.zip,https://data.binance.vision/data/futures/um/monthly/klines/ZECUSDT/1h/ZECUSDT-1h-2026-04.zip.CHECKSUM,AVAILABLE,200,,5fe2351c50b13e2f89b5899cf563bc9f9fb56193f128c79dbd1ef75cdf564b8d,1,,2026-08-23T13:02:41.824074+00:00
130,ZECUSDT,1h,2026-05,kline:ZECUSDT:1h:2026-05,https://data.binance.vision/data/futures/um/monthly/klines/ZECUSDT/1h/ZECUSDT-1h-2026-05.zip,https://data.binance.vision/data/futures/um/monthly/klines/ZECUSDT/1h/ZECUSDT-1h-2026-05.zip.CHECKSUM,AVAILABLE,200,,4e8b552fb40710bac3e6facd5ba8a0fcd68af8d3e54ad531a345d0ca35b325c2,1,,2026-08-23T13:02:42.173119+00:00
131,ZECUSDT,1h,2026-06,kline:ZECUSDT:1h:2026-06,https://data.binance.vision/data/futures/um/monthly/klines/ZECUSDT/1h/ZECUSDT-1h-2026-06.zip,https://data.binance.vision/data/futures/um/monthly/klines/ZECUSDT/1h/ZECUSDT-1h-2026-06.zip.CHECKSUM,AVAILABLE,200,,3479c4d11097104c1e530b49580f95dedd572ac3a88610f1a94282d2d0451e19,1,,2026-08-23T13:02:41.835532+00:00
132,ZECUSDT,1h,2026-07,kline:ZECUSDT:1h:2026-07,https://data.binance.vision/data/futures/um/monthly/klines/ZECUSDT/1h/ZECUSDT-1h-2026-07.zip,https://data.binance.vision/data/futures/um/monthly/klines/ZECUSDT/1h/ZECUSDT-1h-2026-07.zip.CHECKSUM,AVAILABLE,200,,c0f4f0344fee7bb6e03ae2e1aed5ddc4ebd2c4d634a169f00acd64ece5b9b775,1,,2026-08-23T13:02:41.949563+00:00
133,ZECUSDT,15m,2026-04,kline:ZECUSDT:15m:2026-04,https://data.binance.vision/data/futures/um/monthly/klines/ZECUSDT/15m/ZECUSDT-15m-2026-04.zip,https://data.binance.vision/data/futures/um/monthly/klines/ZECUSDT/15m/ZECUSDT-15m-2026-04.zip.CHECKSUM,AVAILABLE,200,,0c28ddbd4044ff428f774d6cd71ee7ae7b3fbf83de35fbf4e1ec3a16f21cf8db,1,,2026-08-23T13:02:41.830028+00:00
134,ZECUSDT,15m,2026-05,kline:ZECUSDT:15m:2026-05,https://data.binance.vision/data/futures/um/monthly/klines/ZECUSDT/15m/ZECUSDT-15m-2026-05.zip,https://data.binance.vision/data/futures/um/monthly/klines/ZECUSDT/15m/ZECUSDT-15m-2026-05.zip.CHECKSUM,AVAILABLE,200,,b7655a7f56adf058c3557a2dbf9e685df10cc9ee044d8efb0c3acd4776d12c22,1,,2026-08-23T13:02:42.160398+00:00
135,ZECUSDT,15m,2026-06,kline:ZECUSDT:15m:2026-06,https://data.binance.vision/data/futures/um/monthly/klines/ZECUSDT/15m/ZECUSDT-15m-2026-06.zip,https://data.binance.vision/data/futures/um/monthly/klines/ZECUSDT/15m/ZECUSDT-15m-2026-06.zip.CHECKSUM,AVAILABLE,200,,bb73ea5b9da5fe427d38b279f008c7f0591c070561ad16bfad036450f949a596,1,,2026-08-23T13:02:41.816939+00:00
136,ZECUSDT,15m,2026-07,kline:ZECUSDT:15m:2026-07,https://data.binance.vision/data/futures/um/monthly/klines/ZECUSDT/15m/ZECUSDT-15m-2026-07.zip,https://data.binance.vision/data/futures/um/monthly/klines/ZECUSDT/15m/ZECUSDT-15m-2026-07.zip.CHECKSUM,AVAILABLE,200,,1e85b05a05e0b637dac10677a40ad1aab49e1d7543fbc91e38d0756f6d85f012,1,,2026-08-23T13:02:41.837350+00:00
137,ZECUSDT,5m,2026-04,kline:ZECUSDT:5m:2026-04,https://data.binance.vision/data/futures/um/monthly/klines/ZECUSDT/5m/ZECUSDT-5m-2026-04.zip,https://data.binance.vision/data/futures/um/monthly/klines/ZECUSDT/5m/ZECUSDT-5m-2026-04.zip.CHECKSUM,AVAILABLE,200,,98cc00847909a2ed570a3a47d48db05b24725c4abf25743dd1b01a2066db8c6f,1,,2026-08-23T13:02:42.163613+00:00
138,ZECUSDT,5m,2026-05,kline:ZECUSDT:5m:2026-05,https://data.binance.vision/data/futures/um/monthly/klines/ZECUSDT/5m/ZECUSDT-5m-2026-05.zip,https://data.binance.vision/data/futures/um/monthly/klines/ZECUSDT/5m/ZECUSDT-5m-2026-05.zip.CHECKSUM,AVAILABLE,200,,5f9adc1db5b8a744fc928d1e2ce0c780a6d530197db88ca1fcc0d1cbe685b8fd,1,,2026-08-23T13:02:42.165526+00:00
139,ZECUSDT,5m,2026-06,kline:ZECUSDT:5m:2026-06,https://data.binance.vision/data/futures/um/monthly/klines/ZECUSDT/5m/ZECUSDT-5m-2026-06.zip,https://data.binance.vision/data/futures/um/monthly/klines/ZECUSDT/5m/ZECUSDT-5m-2026-06.zip.CHECKSUM,AVAILABLE,200,,7412674d60dfa7a4ca42df9ced9aaac20d24bee2206587d64bf8413f3c660c27,1,,2026-08-23T13:02:42.178442+00:00
140,ZECUSDT,5m,2026-07,kline:ZECUSDT:5m:2026-07,https://data.binance.vision/data/futures/um/monthly/klines/ZECUSDT/5m/ZECUSDT-5m-2026-07.zip,https://data.binance.vision/data/futures/um/monthly/klines/ZECUSDT/5m/ZECUSDT-5m-2026-07.zip.CHECKSUM,AVAILABLE,200,,be046994d467c0d294a2674126563acca692b6ec4205b0ff74bfb92df64fb03b,1,,2026-08-23T13:02:41.827062+00:00
141,ZECUSDT,1m,2026-04,kline:ZECUSDT:1m:2026-04,https://data.binance.vision/data/futures/um/monthly/klines/ZECUSDT/1m/ZECUSDT-1m-2026-04.zip,https://data.binance.vision/data/futures/um/monthly/klines/ZECUSDT/1m/ZECUSDT-1m-2026-04.zip.CHECKSUM,AVAILABLE,200,,41c46102644ca9761efd30327126cc408126eb64e55c2466a21c02349dbcf966,1,,2026-08-23T13:02:42.174541+00:00
142,ZECUSDT,1m,2026-05,kline:ZECUSDT:1m:2026-05,https://data.binance.vision/data/futures/um/monthly/klines/ZECUSDT/1m/ZECUSDT-1m-2026-05.zip,https://data.binance.vision/data/futures/um/monthly/klines/ZECUSDT/1m/ZECUSDT-1m-2026-05.zip.CHECKSUM,AVAILABLE,200,,ad3183408bc0771f3c9b1c44deebc79702ca9dfa46f0bdb553c8bd579725b279,1,,2026-08-23T13:02:42.185070+00:00
143,ZECUSDT,1m,2026-06,kline:ZECUSDT:1m:2026-06,https://data.binance.vision/data/futures/um/monthly/klines/ZECUSDT/1m/ZECUSDT-1m-2026-06.zip,https://data.binance.vision/data/futures/um/monthly/klines/ZECUSDT/1m/ZECUSDT-1m-2026-06.zip.CHECKSUM,AVAILABLE,200,,546bad483cc108d671f826b95d4b51ce18a91be75599f67e7ddb0519620fd3e1,1,,2026-08-23T13:02:41.818488+00:00
144,ZECUSDT,1m,2026-07,kline:ZECUSDT:1m:2026-07,https://data.binance.vision/data/futures/um/monthly/klines/ZECUSDT/1m/ZECUSDT-1m-2026-07.zip,https://data.binance.vision/data/futures/um/monthly/klines/ZECUSDT/1m/ZECUSDT-1m-2026-07.zip.CHECKSUM,AVAILABLE,200,,50f537700c8ca6242cfc23c2c86ce2dad48ea3ce2e7756373483f829aa2c638f,1,,2026-08-23T13:02:42.184615+00:00
145,ENAUSDT,1d,2026-04,kline:ENAUSDT:1d:2026-04,https://data.binance.vision/data/futures/um/monthly/klines/ENAUSDT/1d/ENAUSDT-1d-2026-04.zip,https://data.binance.vision/data/futures/um/monthly/klines/ENAUSDT/1d/ENAUSDT-1d-2026-04.zip.CHECKSUM,AVAILABLE,200,,4d6242c4d98028c5cb26cebad69ffdf5be15a677e34143974f1aff1a5b8f10ff,1,,2026-08-23T13:02:42.221015+00:00
146,ENAUSDT,1d,2026-05,kline:ENAUSDT:1d:2026-05,https://data.binance.vision/data/futures/um/monthly/klines/ENAUSDT/1d/ENAUSDT-1d-2026-05.zip,https://data.binance.vision/data/futures/um/monthly/klines/ENAUSDT/1d/ENAUSDT-1d-2026-05.zip.CHECKSUM,AVAILABLE,200,,fa6ba3b4b8c79ba0c966e8c5f1e6f67930795229c0cc647821cdb60af5464a54,1,,2026-08-23T13:02:42.325346+00:00
147,ENAUSDT,1d,2026-06,kline:ENAUSDT:1d:2026-06,https://data.binance.vision/data/futures/um/monthly/klines/ENAUSDT/1d/ENAUSDT-1d-2026-06.zip,https://data.binance.vision/data/futures/um/monthly/klines/ENAUSDT/1d/ENAUSDT-1d-2026-06.zip.CHECKSUM,AVAILABLE,200,,c6cd3092507b2da93abd75430855117b917bf1e83112218246c4fe7c90d59050,1,,2026-08-23T13:02:41.977436+00:00
148,ENAUSDT,1d,2026-07,kline:ENAUSDT:1d:2026-07,https://data.binance.vision/data/futures/um/monthly/klines/ENAUSDT/1d/ENAUSDT-1d-2026-07.zip,https://data.binance.vision/data/futures/um/monthly/klines/ENAUSDT/1d/ENAUSDT-1d-2026-07.zip.CHECKSUM,AVAILABLE,200,,f1eec70679d057e6fe5b348ea0d88eb344876036c3cbc9feac8ae6683ea10704,1,,2026-08-23T13:02:42.320670+00:00
149,ENAUSDT,4h,2026-04,kline:ENAUSDT:4h:2026-04,https://data.binance.vision/data/futures/um/monthly/klines/ENAUSDT/4h/ENAUSDT-4h-2026-04.zip,https://data.binance.vision/data/futures/um/monthly/klines/ENAUSDT/4h/ENAUSDT-4h-2026-04.zip.CHECKSUM,AVAILABLE,200,,4e88e0e683246b4a7355aa99a2431ebb7f3cf56aea5bcedcfad0e391c9e79739,1,,2026-08-23T13:02:41.985578+00:00
150,ENAUSDT,4h,2026-05,kline:ENAUSDT:4h:2026-05,https://data.binance.vision/data/futures/um/monthly/klines/ENAUSDT/4h/ENAUSDT-4h-2026-05.zip,https://data.binance.vision/data/futures/um/monthly/klines/ENAUSDT/4h/ENAUSDT-4h-2026-05.zip.CHECKSUM,AVAILABLE,200,,1ace3ed22804dcea66f1adc01818d46d24a0d59149e022db38948d4615eb749d,1,,2026-08-23T13:02:41.990369+00:00
151,ENAUSDT,4h,2026-06,kline:ENAUSDT:4h:2026-06,https://data.binance.vision/data/futures/um/monthly/klines/ENAUSDT/4h/ENAUSDT-4h-2026-06.zip,https://data.binance.vision/data/futures/um/monthly/klines/ENAUSDT/4h/ENAUSDT-4h-2026-06.zip.CHECKSUM,AVAILABLE,200,,a62bebcf39443bba3e5430dbb99ab7802400fd528cae24954fd8702fd159219a,1,,2026-08-23T13:02:42.379695+00:00
152,ENAUSDT,4h,2026-07,kline:ENAUSDT:4h:2026-07,https://data.binance.vision/data/futures/um/monthly/klines/ENAUSDT/4h/ENAUSDT-4h-2026-07.zip,https://data.binance.vision/data/futures/um/monthly/klines/ENAUSDT/4h/ENAUSDT-4h-2026-07.zip.CHECKSUM,AVAILABLE,200,,02f70b33fe75fd51d6d29ae7e6f4fa5a66cf4db9aac045482760bfc1070dc9d4,1,,2026-08-23T13:02:42.026433+00:00
153,ENAUSDT,1h,2026-04,kline:ENAUSDT:1h:2026-04,https://data.binance.vision/data/futures/um/monthly/klines/ENAUSDT/1h/ENAUSDT-1h-2026-04.zip,https://data.binance.vision/data/futures/um/monthly/klines/ENAUSDT/1h/ENAUSDT-1h-2026-04.zip.CHECKSUM,AVAILABLE,200,,780bcc84df450ee5a8d77dfb591fbe64c705f26d7130918637ed2fa8292d5caa,1,,2026-08-23T13:02:42.367566+00:00
154,ENAUSDT,1h,2026-05,kline:ENAUSDT:1h:2026-05,https://data.binance.vision/data/futures/um/monthly/klines/ENAUSDT/1h/ENAUSDT-1h-2026-05.zip,https://data.binance.vision/data/futures/um/monthly/klines/ENAUSDT/1h/ENAUSDT-1h-2026-05.zip.CHECKSUM,AVAILABLE,200,,26dddf3a68ee3a1cd020ba4f270f76cb6a262c3a8edad98497ce781b149a812c,1,,2026-08-23T13:02:42.031999+00:00
155,ENAUSDT,1h,2026-06,kline:ENAUSDT:1h:2026-06,https://data.binance.vision/data/futures/um/monthly/klines/ENAUSDT/1h/ENAUSDT-1h-2026-06.zip,https://data.binance.vision/data/futures/um/monthly/klines/ENAUSDT/1h/ENAUSDT-1h-2026-06.zip.CHECKSUM,AVAILABLE,200,,c5cbb4fd4dfe6b4151ca79d64d80cecad2ed0996f78546e91b0dec66e88695f8,1,,2026-08-23T13:02:42.375880+00:00
156,ENAUSDT,1h,2026-07,kline:ENAUSDT:1h:2026-07,https://data.binance.vision/data/futures/um/monthly/klines/ENAUSDT/1h/ENAUSDT-1h-2026-07.zip,https://data.binance.vision/data/futures/um/monthly/klines/ENAUSDT/1h/ENAUSDT-1h-2026-07.zip.CHECKSUM,AVAILABLE,200,,88407373895b49b5ed34bf41e405c07ee304174d8a68f71a564bff69af649455,1,,2026-08-23T13:02:42.370373+00:00
157,ENAUSDT,15m,2026-04,kline:ENAUSDT:15m:2026-04,https://data.binance.vision/data/futures/um/monthly/klines/ENAUSDT/15m/ENAUSDT-15m-2026-04.zip,https://data.binance.vision/data/futures/um/monthly/klines/ENAUSDT/15m/ENAUSDT-15m-2026-04.zip.CHECKSUM,AVAILABLE,200,,8888f5fcf7a5433da181741b977eea98ec5abfbce288cee36d8e08c99652a260,1,,2026-08-23T13:02:42.376747+00:00
158,ENAUSDT,15m,2026-05,kline:ENAUSDT:15m:2026-05,https://data.binance.vision/data/futures/um/monthly/klines/ENAUSDT/15m/ENAUSDT-15m-2026-05.zip,https://data.binance.vision/data/futures/um/monthly/klines/ENAUSDT/15m/ENAUSDT-15m-2026-05.zip.CHECKSUM,AVAILABLE,200,,b8b94d46048a9b9334cd603b2be970bd300b6dae863fc83aadbb1ce5e9e084e8,1,,2026-08-23T13:02:42.032602+00:00
159,ENAUSDT,15m,2026-06,kline:ENAUSDT:15m:2026-06,https://data.binance.vision/data/futures/um/monthly/klines/ENAUSDT/15m/ENAUSDT-15m-2026-06.zip,https://data.binance.vision/data/futures/um/monthly/klines/ENAUSDT/15m/ENAUSDT-15m-2026-06.zip.CHECKSUM,AVAILABLE,200,,c2e2fc0ab15d1fbed19b49579ef3d80d9d7fa2d2889f1173375ed335ee9ba429,1,,2026-08-23T13:02:42.033495+00:00
160,ENAUSDT,15m,2026-07,kline:ENAUSDT:15m:2026-07,https://data.binance.vision/data/futures/um/monthly/klines/ENAUSDT/15m/ENAUSDT-15m-2026-07.zip,https://data.binance.vision/data/futures/um/monthly/klines/ENAUSDT/15m/ENAUSDT-15m-2026-07.zip.CHECKSUM,AVAILABLE,200,,0f32c872056f7530201aa4bb357c40bdc7fc84aca2bf15a1c36826cd3a008fee,1,,2026-08-23T13:02:42.056053+00:00
161,ENAUSDT,5m,2026-04,kline:ENAUSDT:5m:2026-04,https://data.binance.vision/data/futures/um/monthly/klines/ENAUSDT/5m/ENAUSDT-5m-2026-04.zip,https://data.binance.vision/data/futures/um/monthly/klines/ENAUSDT/5m/ENAUSDT-5m-2026-04.zip.CHECKSUM,AVAILABLE,200,,3f31b28f3ae5fecd2a9f5151dbef660b98b2aec60f170c6b684c2c57d27543ab,1,,2026-08-23T13:02:42.184096+00:00
162,ENAUSDT,5m,2026-05,kline:ENAUSDT:5m:2026-05,https://data.binance.vision/data/futures/um/monthly/klines/ENAUSDT/5m/ENAUSDT-5m-2026-05.zip,https://data.binance.vision/data/futures/um/monthly/klines/ENAUSDT/5m/ENAUSDT-5m-2026-05.zip.CHECKSUM,AVAILABLE,200,,874b27858db2aec60c61a6e9ab233790c1f7a557e6c346c1175089a7e89b3841,1,,2026-08-23T13:02:42.377639+00:00
163,ENAUSDT,5m,2026-06,kline:ENAUSDT:5m:2026-06,https://data.binance.vision/data/futures/um/monthly/klines/ENAUSDT/5m/ENAUSDT-5m-2026-06.zip,https://data.binance.vision/data/futures/um/monthly/klines/ENAUSDT/5m/ENAUSDT-5m-2026-06.zip.CHECKSUM,AVAILABLE,200,,7d44167fda71174e9b55cfae568ac305b0521d9a06842682120e6520898585e6,1,,2026-08-23T13:02:42.039609+00:00
164,ENAUSDT,5m,2026-07,kline:ENAUSDT:5m:2026-07,https://data.binance.vision/data/futures/um/monthly/klines/ENAUSDT/5m/ENAUSDT-5m-2026-07.zip,https://data.binance.vision/data/futures/um/monthly/klines/ENAUSDT/5m/ENAUSDT-5m-2026-07.zip.CHECKSUM,AVAILABLE,200,,da7529a675dd3e8066a6023f9224dbb82b5a087c99908f3faffddf4e36795f5b,1,,2026-08-23T13:02:42.053922+00:00
165,ENAUSDT,1m,2026-04,kline:ENAUSDT:1m:2026-04,https://data.binance.vision/data/futures/um/monthly/klines/ENAUSDT/1m/ENAUSDT-1m-2026-04.zip,https://data.binance.vision/data/futures/um/monthly/klines/ENAUSDT/1m/ENAUSDT-1m-2026-04.zip.CHECKSUM,AVAILABLE,200,,a809e3711e403d302de7fff1632b911a467d96a41fd6895a95e80aabe06965e0,1,,2026-08-23T13:02:42.378317+00:00
166,ENAUSDT,1m,2026-05,kline:ENAUSDT:1m:2026-05,https://data.binance.vision/data/futures/um/monthly/klines/ENAUSDT/1m/ENAUSDT-1m-2026-05.zip,https://data.binance.vision/data/futures/um/monthly/klines/ENAUSDT/1m/ENAUSDT-1m-2026-05.zip.CHECKSUM,AVAILABLE,200,,b44749a7dd0406c4566e05b7e4fd6d9fa8b02f8b8613d885c2a217780c0eb89e,1,,2026-08-23T13:02:42.571742+00:00
167,ENAUSDT,1m,2026-06,kline:ENAUSDT:1m:2026-06,https://data.binance.vision/data/futures/um/monthly/klines/ENAUSDT/1m/ENAUSDT-1m-2026-06.zip,https://data.binance.vision/data/futures/um/monthly/klines/ENAUSDT/1m/ENAUSDT-1m-2026-06.zip.CHECKSUM,AVAILABLE,200,,0d01eb4532a8daf989227721b826629c323cc452867c571b9669977efe685bcd,1,,2026-08-23T13:02:42.569944+00:00
168,ENAUSDT,1m,2026-07,kline:ENAUSDT:1m:2026-07,https://data.binance.vision/data/futures/um/monthly/klines/ENAUSDT/1m/ENAUSDT-1m-2026-07.zip,https://data.binance.vision/data/futures/um/monthly/klines/ENAUSDT/1m/ENAUSDT-1m-2026-07.zip.CHECKSUM,AVAILABLE,200,,d0c40cdfb002f268c0af7f20161f0b930cb07080e4d401605aa7e124133d3889,1,,2026-08-23T13:02:42.517888+00:00
169,ONGUSDT,1d,2026-04,kline:ONGUSDT:1d:2026-04,https://data.binance.vision/data/futures/um/monthly/klines/ONGUSDT/1d/ONGUSDT-1d-2026-04.zip,https://data.binance.vision/data/futures/um/monthly/klines/ONGUSDT/1d/ONGUSDT-1d-2026-04.zip.CHECKSUM,AVAILABLE,200,,d1cb0e0136c3e7d7b1a3ec3649ce0fb54c41b8785a9be6a09ff06403b4dc46e0,1,,2026-08-23T13:02:42.388432+00:00
170,ONGUSDT,1d,2026-05,kline:ONGUSDT:1d:2026-05,https://data.binance.vision/data/futures/um/monthly/klines/ONGUSDT/1d/ONGUSDT-1d-2026-05.zip,https://data.binance.vision/data/futures/um/monthly/klines/ONGUSDT/1d/ONGUSDT-1d-2026-05.zip.CHECKSUM,AVAILABLE,200,,c847ed1b736ff2788fdc29b790b16b204d25d85a8ce90e4ff757d2f6510a88e3,1,,2026-08-23T13:02:42.419456+00:00
171,ONGUSDT,1d,2026-06,kline:ONGUSDT:1d:2026-06,https://data.binance.vision/data/futures/um/monthly/klines/ONGUSDT/1d/ONGUSDT-1d-2026-06.zip,https://data.binance.vision/data/futures/um/monthly/klines/ONGUSDT/1d/ONGUSDT-1d-2026-06.zip.CHECKSUM,AVAILABLE,200,,e57c7f9592f26233ceba8ef79d9cde1490436a5e9939e3db3e6d1eb503b4d9e5,1,,2026-08-23T13:02:42.550811+00:00
172,ONGUSDT,1d,2026-07,kline:ONGUSDT:1d:2026-07,https://data.binance.vision/data/futures/um/monthly/klines/ONGUSDT/1d/ONGUSDT-1d-2026-07.zip,https://data.binance.vision/data/futures/um/monthly/klines/ONGUSDT/1d/ONGUSDT-1d-2026-07.zip.CHECKSUM,AVAILABLE,200,,0d2e49a558094c815daf0b3b86e959d18edff8048ec1c221f7a877e00be7ae2a,1,,2026-08-23T13:02:42.580681+00:00
173,ONGUSDT,4h,2026-04,kline:ONGUSDT:4h:2026-04,https://data.binance.vision/data/futures/um/monthly/klines/ONGUSDT/4h/ONGUSDT-4h-2026-04.zip,https://data.binance.vision/data/futures/um/monthly/klines/ONGUSDT/4h/ONGUSDT-4h-2026-04.zip.CHECKSUM,AVAILABLE,200,,192af46c111759b77f9c1d72b96aa22ea1df7f2678bd2cd429fe9a0270f7ff95,1,,2026-08-23T13:02:42.572483+00:00
174,ONGUSDT,4h,2026-05,kline:ONGUSDT:4h:2026-05,https://data.binance.vision/data/futures/um/monthly/klines/ONGUSDT/4h/ONGUSDT-4h-2026-05.zip,https://data.binance.vision/data/futures/um/monthly/klines/ONGUSDT/4h/ONGUSDT-4h-2026-05.zip.CHECKSUM,AVAILABLE,200,,d53eaa1ab776ba516997ab53071586897b291e96054c5439efd8252623a5e1e9,1,,2026-08-23T13:02:42.314816+00:00
175,ONGUSDT,4h,2026-06,kline:ONGUSDT:4h:2026-06,https://data.binance.vision/data/futures/um/monthly/klines/ONGUSDT/4h/ONGUSDT-4h-2026-06.zip,https://data.binance.vision/data/futures/um/monthly/klines/ONGUSDT/4h/ONGUSDT-4h-2026-06.zip.CHECKSUM,AVAILABLE,200,,b93b1839cf530b532df2bae1b2c738714883b984ceb679cd701c4e230dc3f08d,1,,2026-08-23T13:02:42.571104+00:00
176,ONGUSDT,4h,2026-07,kline:ONGUSDT:4h:2026-07,https://data.binance.vision/data/futures/um/monthly/klines/ONGUSDT/4h/ONGUSDT-4h-2026-07.zip,https://data.binance.vision/data/futures/um/monthly/klines/ONGUSDT/4h/ONGUSDT-4h-2026-07.zip.CHECKSUM,AVAILABLE,200,,77bab86aece590eb5b5ef8d24cd017b1e95323fa4ce3f2d65a018d2d4fdf0ba5,1,,2026-08-23T13:02:42.586536+00:00
177,ONGUSDT,1h,2026-04,kline:ONGUSDT:1h:2026-04,https://data.binance.vision/data/futures/um/monthly/klines/ONGUSDT/1h/ONGUSDT-1h-2026-04.zip,https://data.binance.vision/data/futures/um/monthly/klines/ONGUSDT/1h/ONGUSDT-1h-2026-04.zip.CHECKSUM,AVAILABLE,200,,136f3f6bc9e899c3fdb9212919386fdeed80beaf78d27169bc747e07694363ba,1,,2026-08-23T13:02:42.442925+00:00
178,ONGUSDT,1h,2026-05,kline:ONGUSDT:1h:2026-05,https://data.binance.vision/data/futures/um/monthly/klines/ONGUSDT/1h/ONGUSDT-1h-2026-05.zip,https://data.binance.vision/data/futures/um/monthly/klines/ONGUSDT/1h/ONGUSDT-1h-2026-05.zip.CHECKSUM,AVAILABLE,200,,2af1423073b7bdaa3bd543fdca48afadfed5a63c2a456a8ee94cced200477c18,1,,2026-08-23T13:02:42.398146+00:00
179,ONGUSDT,1h,2026-06,kline:ONGUSDT:1h:2026-06,https://data.binance.vision/data/futures/um/monthly/klines/ONGUSDT/1h/ONGUSDT-1h-2026-06.zip,https://data.binance.vision/data/futures/um/monthly/klines/ONGUSDT/1h/ONGUSDT-1h-2026-06.zip.CHECKSUM,AVAILABLE,200,,8988cc572e636f6f5916a7d134bc1c26eecf7940cd8f2bf5cdedeb0599316b8d,1,,2026-08-23T13:02:42.728897+00:00
180,ONGUSDT,1h,2026-07,kline:ONGUSDT:1h:2026-07,https://data.binance.vision/data/futures/um/monthly/klines/ONGUSDT/1h/ONGUSDT-1h-2026-07.zip,https://data.binance.vision/data/futures/um/monthly/klines/ONGUSDT/1h/ONGUSDT-1h-2026-07.zip.CHECKSUM,AVAILABLE,200,,0c5c720bb322e9d8d218f065142fc0c2f15c7266ab7431f014882dd6328972d8,1,,2026-08-23T13:02:42.573447+00:00
181,ONGUSDT,15m,2026-04,kline:ONGUSDT:15m:2026-04,https://data.binance.vision/data/futures/um/monthly/klines/ONGUSDT/15m/ONGUSDT-15m-2026-04.zip,https://data.binance.vision/data/futures/um/monthly/klines/ONGUSDT/15m/ONGUSDT-15m-2026-04.zip.CHECKSUM,AVAILABLE,200,,e1f065b796a992ebe7a52330367ea1d8991c8532f1dcc66873b2cef6c2131aa8,1,,2026-08-23T13:02:42.565944+00:00
182,ONGUSDT,15m,2026-05,kline:ONGUSDT:15m:2026-05,https://data.binance.vision/data/futures/um/monthly/klines/ONGUSDT/15m/ONGUSDT-15m-2026-05.zip,https://data.binance.vision/data/futures/um/monthly/klines/ONGUSDT/15m/ONGUSDT-15m-2026-05.zip.CHECKSUM,AVAILABLE,200,,3c9d91894c4f4fdc91d6bfbc2280042ab4912d70e7b4edcd4632dd0689b8acd8,1,,2026-08-23T13:02:42.751679+00:00
183,ONGUSDT,15m,2026-06,kline:ONGUSDT:15m:2026-06,https://data.binance.vision/data/futures/um/monthly/klines/ONGUSDT/15m/ONGUSDT-15m-2026-06.zip,https://data.binance.vision/data/futures/um/monthly/klines/ONGUSDT/15m/ONGUSDT-15m-2026-06.zip.CHECKSUM,AVAILABLE,200,,05026293f8ab3d1c9326d88fc514d1e8746b8fb9d9953a9ef5a89a9ea2d294e5,1,,2026-08-23T13:02:42.764395+00:00
184,ONGUSDT,15m,2026-07,kline:ONGUSDT:15m:2026-07,https://data.binance.vision/data/futures/um/monthly/klines/ONGUSDT/15m/ONGUSDT-15m-2026-07.zip,https://data.binance.vision/data/futures/um/monthly/klines/ONGUSDT/15m/ONGUSDT-15m-2026-07.zip.CHECKSUM,AVAILABLE,200,,fa20e07fd49fe111dade9cf1a6faa4c93a4ebf783e6a30a3b5b781884af773ea,1,,2026-08-23T13:02:42.749709+00:00
185,ONGUSDT,5m,2026-04,kline:ONGUSDT:5m:2026-04,https://data.binance.vision/data/futures/um/monthly/klines/ONGUSDT/5m/ONGUSDT-5m-2026-04.zip,https://data.binance.vision/data/futures/um/monthly/klines/ONGUSDT/5m/ONGUSDT-5m-2026-04.zip.CHECKSUM,AVAILABLE,200,,f7f4d4fba04f4ef4b6408c07c9846cc8045906935cef2c3f233e6264bab9d04f,1,,2026-08-23T13:02:42.521732+00:00
186,ONGUSDT,5m,2026-05,kline:ONGUSDT:5m:2026-05,https://data.binance.vision/data/futures/um/monthly/klines/ONGUSDT/5m/ONGUSDT-5m-2026-05.zip,https://data.binance.vision/data/futures/um/monthly/klines/ONGUSDT/5m/ONGUSDT-5m-2026-05.zip.CHECKSUM,AVAILABLE,200,,f0d8af5a0d8c4a5b2571de3efc52c99ec1793ae34ac7a9bf7053e4096ca8cf7e,1,,2026-08-23T13:02:42.751259+00:00
187,ONGUSDT,5m,2026-06,kline:ONGUSDT:5m:2026-06,https://data.binance.vision/data/futures/um/monthly/klines/ONGUSDT/5m/ONGUSDT-5m-2026-06.zip,https://data.binance.vision/data/futures/um/monthly/klines/ONGUSDT/5m/ONGUSDT-5m-2026-06.zip.CHECKSUM,AVAILABLE,200,,1a3a07fa72d6645392c2f0aaae747169228ac2c896355b04fcdbc87ba1930823,1,,2026-08-23T13:02:42.736073+00:00
188,ONGUSDT,5m,2026-07,kline:ONGUSDT:5m:2026-07,https://data.binance.vision/data/futures/um/monthly/klines/ONGUSDT/5m/ONGUSDT-5m-2026-07.zip,https://data.binance.vision/data/futures/um/monthly/klines/ONGUSDT/5m/ONGUSDT-5m-2026-07.zip.CHECKSUM,AVAILABLE,200,,b7c3b2b2f64f7f6bcfbd234b2db510eed9f51e4bb24e10b2dbb6501b6a528f61,1,,2026-08-23T13:02:42.582507+00:00
189,ONGUSDT,1m,2026-04,kline:ONGUSDT:1m:2026-04,https://data.binance.vision/data/futures/um/monthly/klines/ONGUSDT/1m/ONGUSDT-1m-2026-04.zip,https://data.binance.vision/data/futures/um/monthly/klines/ONGUSDT/1m/ONGUSDT-1m-2026-04.zip.CHECKSUM,AVAILABLE,200,,eda978012c0a11b87226aed555239ed3dfd899c4e66f807e95f74e085c1c612b,1,,2026-08-23T13:02:42.573255+00:00
190,ONGUSDT,1m,2026-05,kline:ONGUSDT:1m:2026-05,https://data.binance.vision/data/futures/um/monthly/klines/ONGUSDT/1m/ONGUSDT-1m-2026-05.zip,https://data.binance.vision/data/futures/um/monthly/klines/ONGUSDT/1m/ONGUSDT-1m-2026-05.zip.CHECKSUM,AVAILABLE,200,,acdbbedc7b93c2b16c2cb759c77980c62426beee8cae0d2a45690ae50194a41e,1,,2026-08-23T13:02:42.926241+00:00
191,ONGUSDT,1m,2026-06,kline:ONGUSDT:1m:2026-06,https://data.binance.vision/data/futures/um/monthly/klines/ONGUSDT/1m/ONGUSDT-1m-2026-06.zip,https://data.binance.vision/data/futures/um/monthly/klines/ONGUSDT/1m/ONGUSDT-1m-2026-06.zip.CHECKSUM,AVAILABLE,200,,f97ebe70f24c3b4685a76c55cab1b94882b2272e7bd6cb05fe02dea0f71107fb,1,,2026-08-23T13:02:42.637935+00:00
192,ONGUSDT,1m,2026-07,kline:ONGUSDT:1m:2026-07,https://data.binance.vision/data/futures/um/monthly/klines/ONGUSDT/1m/ONGUSDT-1m-2026-07.zip,https://data.binance.vision/data/futures/um/monthly/klines/ONGUSDT/1m/ONGUSDT-1m-2026-07.zip.CHECKSUM,AVAILABLE,200,,e5f6fda638bc131b122f15df0cf6db51fd5184600d64c9bbba64cf003e3764bb,1,,2026-08-23T13:02:42.574319+00:00
193,DOGEUSDT,1d,2026-04,kline:DOGEUSDT:1d:2026-04,https://data.binance.vision/data/futures/um/monthly/klines/DOGEUSDT/1d/DOGEUSDT-1d-2026-04.zip,https://data.binance.vision/data/futures/um/monthly/klines/DOGEUSDT/1d/DOGEUSDT-1d-2026-04.zip.CHECKSUM,AVAILABLE,200,,f03ac55c143f3a961a80d9779aa4c21da2181b236f8e5b21d1c1ffbe06da774e,1,,2026-08-23T13:02:42.611696+00:00
194,DOGEUSDT,1d,2026-05,kline:DOGEUSDT:1d:2026-05,https://data.binance.vision/data/futures/um/monthly/klines/DOGEUSDT/1d/DOGEUSDT-1d-2026-05.zip,https://data.binance.vision/data/futures/um/monthly/klines/DOGEUSDT/1d/DOGEUSDT-1d-2026-05.zip.CHECKSUM,AVAILABLE,200,,c6fe565e727db993b63a1f12ba42e8dca6df6e824727f3a1dfa00f4f38eb4767,1,,2026-08-23T13:02:42.615146+00:00
195,DOGEUSDT,1d,2026-06,kline:DOGEUSDT:1d:2026-06,https://data.binance.vision/data/futures/um/monthly/klines/DOGEUSDT/1d/DOGEUSDT-1d-2026-06.zip,https://data.binance.vision/data/futures/um/monthly/klines/DOGEUSDT/1d/DOGEUSDT-1d-2026-06.zip.CHECKSUM,AVAILABLE,200,,e63b7ec2cb78f7c1b9f6fbdf5ed3e050f6b16ab3f245fee929f5d31c93916656,1,,2026-08-23T13:02:42.983702+00:00
196,DOGEUSDT,1d,2026-07,kline:DOGEUSDT:1d:2026-07,https://data.binance.vision/data/futures/um/monthly/klines/DOGEUSDT/1d/DOGEUSDT-1d-2026-07.zip,https://data.binance.vision/data/futures/um/monthly/klines/DOGEUSDT/1d/DOGEUSDT-1d-2026-07.zip.CHECKSUM,AVAILABLE,200,,8047bdbdaab51153ce452075f26449f59f0e49b88c2494694299f4d8e0fb926e,1,,2026-08-23T13:02:42.929012+00:00
197,DOGEUSDT,4h,2026-04,kline:DOGEUSDT:4h:2026-04,https://data.binance.vision/data/futures/um/monthly/klines/DOGEUSDT/4h/DOGEUSDT-4h-2026-04.zip,https://data.binance.vision/data/futures/um/monthly/klines/DOGEUSDT/4h/DOGEUSDT-4h-2026-04.zip.CHECKSUM,AVAILABLE,200,,6ff750bc6449e2c1136306a289d3e1b5f9275ef534b7301e6bc470962ac32567,1,,2026-08-23T13:02:42.767351+00:00
198,DOGEUSDT,4h,2026-05,kline:DOGEUSDT:4h:2026-05,https://data.binance.vision/data/futures/um/monthly/klines/DOGEUSDT/4h/DOGEUSDT-4h-2026-05.zip,https://data.binance.vision/data/futures/um/monthly/klines/DOGEUSDT/4h/DOGEUSDT-4h-2026-05.zip.CHECKSUM,AVAILABLE,200,,d8db98e179a5311f0a2ba915a4593c3649096bae36b7d3b3e22a63cbaa12c80c,1,,2026-08-23T13:02:42.612631+00:00
199,DOGEUSDT,4h,2026-06,kline:DOGEUSDT:4h:2026-06,https://data.binance.vision/data/futures/um/monthly/klines/DOGEUSDT/4h/DOGEUSDT-4h-2026-06.zip,https://data.binance.vision/data/futures/um/monthly/klines/DOGEUSDT/4h/DOGEUSDT-4h-2026-06.zip.CHECKSUM,AVAILABLE,200,,5694be997506031a57a70b1a37f3fdac2d546b86fe984565af48e84d2b5ee0e7,1,,2026-08-23T13:02:42.606045+00:00
200,DOGEUSDT,4h,2026-07,kline:DOGEUSDT:4h:2026-07,https://data.binance.vision/data/futures/um/monthly/klines/DOGEUSDT/4h/DOGEUSDT-4h-2026-07.zip,https://data.binance.vision/data/futures/um/monthly/klines/DOGEUSDT/4h/DOGEUSDT-4h-2026-07.zip.CHECKSUM,AVAILABLE,200,,0b3ac782ece35f4e21772d123aee70207d3419bc3b2c584913f7506338f6c448,1,,2026-08-23T13:02:42.611044+00:00
201,DOGEUSDT,1h,2026-04,kline:DOGEUSDT:1h:2026-04,https://data.binance.vision/data/futures/um/monthly/klines/DOGEUSDT/1h/DOGEUSDT-1h-2026-04.zip,https://data.binance.vision/data/futures/um/monthly/klines/DOGEUSDT/1h/DOGEUSDT-1h-2026-04.zip.CHECKSUM,AVAILABLE,200,,5ff55e9f57612317342b5b7376a173ded35f303b952c2deb46d33d2379449ce0,1,,2026-08-23T13:02:42.970281+00:00
202,DOGEUSDT,1h,2026-05,kline:DOGEUSDT:1h:2026-05,https://data.binance.vision/data/futures/um/monthly/klines/DOGEUSDT/1h/DOGEUSDT-1h-2026-05.zip,https://data.binance.vision/data/futures/um/monthly/klines/DOGEUSDT/1h/DOGEUSDT-1h-2026-05.zip.CHECKSUM,AVAILABLE,200,,57b1a7622b5dc452882376e8aa9374d94a054f68f54719962ac9bbd6d1a10e3b,1,,2026-08-23T13:02:42.946000+00:00
203,DOGEUSDT,1h,2026-06,kline:DOGEUSDT:1h:2026-06,https://data.binance.vision/data/futures/um/monthly/klines/DOGEUSDT/1h/DOGEUSDT-1h-2026-06.zip,https://data.binance.vision/data/futures/um/monthly/klines/DOGEUSDT/1h/DOGEUSDT-1h-2026-06.zip.CHECKSUM,AVAILABLE,200,,a7f64ab230b73294500e5e12efcb2ca7e6124e067dc5509f4874909a578f7dfd,1,,2026-08-23T13:02:42.728065+00:00
204,DOGEUSDT,1h,2026-07,kline:DOGEUSDT:1h:2026-07,https://data.binance.vision/data/futures/um/monthly/klines/DOGEUSDT/1h/DOGEUSDT-1h-2026-07.zip,https://data.binance.vision/data/futures/um/monthly/klines/DOGEUSDT/1h/DOGEUSDT-1h-2026-07.zip.CHECKSUM,AVAILABLE,200,,74da55c804cb4a3bea951205b24bd2583c360624e0abdc43eb51dd54d4920ccc,1,,2026-08-23T13:02:42.894605+00:00
205,DOGEUSDT,15m,2026-04,kline:DOGEUSDT:15m:2026-04,https://data.binance.vision/data/futures/um/monthly/klines/DOGEUSDT/15m/DOGEUSDT-15m-2026-04.zip,https://data.binance.vision/data/futures/um/monthly/klines/DOGEUSDT/15m/DOGEUSDT-15m-2026-04.zip.CHECKSUM,AVAILABLE,200,,866393c5955d1d1daf9deccfeeae1822a04ba9cfc9b762b43691ee2413263a36,1,,2026-08-23T13:02:43.095622+00:00
206,DOGEUSDT,15m,2026-05,kline:DOGEUSDT:15m:2026-05,https://data.binance.vision/data/futures/um/monthly/klines/DOGEUSDT/15m/DOGEUSDT-15m-2026-05.zip,https://data.binance.vision/data/futures/um/monthly/klines/DOGEUSDT/15m/DOGEUSDT-15m-2026-05.zip.CHECKSUM,AVAILABLE,200,,a0772098c4a2457f07af9478412c7623bb4dd510c6bfcb83861520d931514fb9,1,,2026-08-23T13:02:42.768442+00:00
207,DOGEUSDT,15m,2026-06,kline:DOGEUSDT:15m:2026-06,https://data.binance.vision/data/futures/um/monthly/klines/DOGEUSDT/15m/DOGEUSDT-15m-2026-06.zip,https://data.binance.vision/data/futures/um/monthly/klines/DOGEUSDT/15m/DOGEUSDT-15m-2026-06.zip.CHECKSUM,AVAILABLE,200,,2f1d79de76cd113992abf41261a46b051b655a1437b721dce6f17826a208dc16,1,,2026-08-23T13:02:43.031186+00:00
208,DOGEUSDT,15m,2026-07,kline:DOGEUSDT:15m:2026-07,https://data.binance.vision/data/futures/um/monthly/klines/DOGEUSDT/15m/DOGEUSDT-15m-2026-07.zip,https://data.binance.vision/data/futures/um/monthly/klines/DOGEUSDT/15m/DOGEUSDT-15m-2026-07.zip.CHECKSUM,AVAILABLE,200,,7c80aa4e00a0fae3cd382a93fdf8d64fd634245c408dc441eb506acf4431157d,1,,2026-08-23T13:02:42.839440+00:00
209,DOGEUSDT,5m,2026-04,kline:DOGEUSDT:5m:2026-04,https://data.binance.vision/data/futures/um/monthly/klines/DOGEUSDT/5m/DOGEUSDT-5m-2026-04.zip,https://data.binance.vision/data/futures/um/monthly/klines/DOGEUSDT/5m/DOGEUSDT-5m-2026-04.zip.CHECKSUM,AVAILABLE,200,,f654b612dc08e477ac725124142358bb6768d12081fd54bd48daf212c9a6fd42,1,,2026-08-23T13:02:42.958545+00:00
210,DOGEUSDT,5m,2026-05,kline:DOGEUSDT:5m:2026-05,https://data.binance.vision/data/futures/um/monthly/klines/DOGEUSDT/5m/DOGEUSDT-5m-2026-05.zip,https://data.binance.vision/data/futures/um/monthly/klines/DOGEUSDT/5m/DOGEUSDT-5m-2026-05.zip.CHECKSUM,AVAILABLE,200,,539d707876d594953f0eeebe0d0fde5c3c1f1966cf5788650498526c31c896e1,1,,2026-08-23T13:02:42.860931+00:00
211,DOGEUSDT,5m,2026-06,kline:DOGEUSDT:5m:2026-06,https://data.binance.vision/data/futures/um/monthly/klines/DOGEUSDT/5m/DOGEUSDT-5m-2026-06.zip,https://data.binance.vision/data/futures/um/monthly/klines/DOGEUSDT/5m/DOGEUSDT-5m-2026-06.zip.CHECKSUM,AVAILABLE,200,,8bae032eb4623decf9029348342eb9f9d73da192c64a51fc50b0d9725b71178c,1,,2026-08-23T13:02:42.780262+00:00
212,DOGEUSDT,5m,2026-07,kline:DOGEUSDT:5m:2026-07,https://data.binance.vision/data/futures/um/monthly/klines/DOGEUSDT/5m/DOGEUSDT-5m-2026-07.zip,https://data.binance.vision/data/futures/um/monthly/klines/DOGEUSDT/5m/DOGEUSDT-5m-2026-07.zip.CHECKSUM,AVAILABLE,200,,97df60ac95bf4db1eff03fcefde717bebccd87c9c151aba87beca5ec4603fbf9,1,,2026-08-23T13:02:42.792590+00:00
213,DOGEUSDT,1m,2026-04,kline:DOGEUSDT:1m:2026-04,https://data.binance.vision/data/futures/um/monthly/klines/DOGEUSDT/1m/DOGEUSDT-1m-2026-04.zip,https://data.binance.vision/data/futures/um/monthly/klines/DOGEUSDT/1m/DOGEUSDT-1m-2026-04.zip.CHECKSUM,AVAILABLE,200,,31a8edfd1f029e3ee08d7824b6352e898828cc8d3e2c71b7cd02b3c9b2637bf5,1,,2026-08-23T13:02:43.129784+00:00
214,DOGEUSDT,1m,2026-05,kline:DOGEUSDT:1m:2026-05,https://data.binance.vision/data/futures/um/monthly/klines/DOGEUSDT/1m/DOGEUSDT-1m-2026-05.zip,https://data.binance.vision/data/futures/um/monthly/klines/DOGEUSDT/1m/DOGEUSDT-1m-2026-05.zip.CHECKSUM,AVAILABLE,200,,109a1d0020c4710c1aa86b8773795b21326d038d795b224e1758bf9091c4e110,1,,2026-08-23T13:02:42.784739+00:00
215,DOGEUSDT,1m,2026-06,kline:DOGEUSDT:1m:2026-06,https://data.binance.vision/data/futures/um/monthly/klines/DOGEUSDT/1m/DOGEUSDT-1m-2026-06.zip,https://data.binance.vision/data/futures/um/monthly/klines/DOGEUSDT/1m/DOGEUSDT-1m-2026-06.zip.CHECKSUM,AVAILABLE,200,,90b1a9a55146505876a5b0469b69e8606194b018beec06094be8b4babd37c8b4,1,,2026-08-23T13:02:42.780799+00:00
216,DOGEUSDT,1m,2026-07,kline:DOGEUSDT:1m:2026-07,https://data.binance.vision/data/futures/um/monthly/klines/DOGEUSDT/1m/DOGEUSDT-1m-2026-07.zip,https://data.binance.vision/data/futures/um/monthly/klines/DOGEUSDT/1m/DOGEUSDT-1m-2026-07.zip.CHECKSUM,AVAILABLE,200,,17c5085d1f95d7b4c50d5d4e5dc7cdafb0fbe61664d66c4a711a03289ede4d0d,1,,2026-08-23T13:02:42.945462+00:00
217,BNBUSDT,1d,2026-04,kline:BNBUSDT:1d:2026-04,https://data.binance.vision/data/futures/um/monthly/klines/BNBUSDT/1d/BNBUSDT-1d-2026-04.zip,https://data.binance.vision/data/futures/um/monthly/klines/BNBUSDT/1d/BNBUSDT-1d-2026-04.zip.CHECKSUM,AVAILABLE,200,,42e3cf7908a65a0b2b926870d07b1eb0f781b5933e7cd968df2198ba7fb1e118,1,,2026-08-23T13:02:43.197473+00:00
218,BNBUSDT,1d,2026-05,kline:BNBUSDT:1d:2026-05,https://data.binance.vision/data/futures/um/monthly/klines/BNBUSDT/1d/BNBUSDT-1d-2026-05.zip,https://data.binance.vision/data/futures/um/monthly/klines/BNBUSDT/1d/BNBUSDT-1d-2026-05.zip.CHECKSUM,AVAILABLE,200,,4956b4ccfab5ad898125ce44cd494e413dfb0ce3c1a42cc7ba7c393b6a140c1d,1,,2026-08-23T13:02:42.823729+00:00
219,BNBUSDT,1d,2026-06,kline:BNBUSDT:1d:2026-06,https://data.binance.vision/data/futures/um/monthly/klines/BNBUSDT/1d/BNBUSDT-1d-2026-06.zip,https://data.binance.vision/data/futures/um/monthly/klines/BNBUSDT/1d/BNBUSDT-1d-2026-06.zip.CHECKSUM,AVAILABLE,200,,fcd78664f9ca4891a12e15455aa73a33589897e7f3bbffdcd14e1fba4c5ec989,1,,2026-08-23T13:02:43.155753+00:00
220,BNBUSDT,1d,2026-07,kline:BNBUSDT:1d:2026-07,https://data.binance.vision/data/futures/um/monthly/klines/BNBUSDT/1d/BNBUSDT-1d-2026-07.zip,https://data.binance.vision/data/futures/um/monthly/klines/BNBUSDT/1d/BNBUSDT-1d-2026-07.zip.CHECKSUM,AVAILABLE,200,,b3246dfab81d09f8de33f6ec6fe27a43e3acba8bed2662a61e24f8f2a64b517c,1,,2026-08-23T13:02:42.821321+00:00
221,BNBUSDT,4h,2026-04,kline:BNBUSDT:4h:2026-04,https://data.binance.vision/data/futures/um/monthly/klines/BNBUSDT/4h/BNBUSDT-4h-2026-04.zip,https://data.binance.vision/data/futures/um/monthly/klines/BNBUSDT/4h/BNBUSDT-4h-2026-04.zip.CHECKSUM,AVAILABLE,200,,2700dbc44e8674be838746c36ecc6847b39a723fb985ddc7c3d30b1f9437920b,1,,2026-08-23T13:02:43.171613+00:00
222,BNBUSDT,4h,2026-05,kline:BNBUSDT:4h:2026-05,https://data.binance.vision/data/futures/um/monthly/klines/BNBUSDT/4h/BNBUSDT-4h-2026-05.zip,https://data.binance.vision/data/futures/um/monthly/klines/BNBUSDT/4h/BNBUSDT-4h-2026-05.zip.CHECKSUM,AVAILABLE,200,,e79d927a51d101402dd9348d11d9e3aaf9f12981310310bc7e9e446f71b23224,1,,2026-08-23T13:02:42.841357+00:00
223,BNBUSDT,4h,2026-06,kline:BNBUSDT:4h:2026-06,https://data.binance.vision/data/futures/um/monthly/klines/BNBUSDT/4h/BNBUSDT-4h-2026-06.zip,https://data.binance.vision/data/futures/um/monthly/klines/BNBUSDT/4h/BNBUSDT-4h-2026-06.zip.CHECKSUM,AVAILABLE,200,,30033255d9dc6261d6c340757b6d7d4dfed5433ad155aafc84bc6be38f1d5c79,1,,2026-08-23T13:02:42.963044+00:00
224,BNBUSDT,4h,2026-07,kline:BNBUSDT:4h:2026-07,https://data.binance.vision/data/futures/um/monthly/klines/BNBUSDT/4h/BNBUSDT-4h-2026-07.zip,https://data.binance.vision/data/futures/um/monthly/klines/BNBUSDT/4h/BNBUSDT-4h-2026-07.zip.CHECKSUM,AVAILABLE,200,,0f69db1ded832793da3bfed7f6fcac2a919e8537d2f004917c62852a3d488561,1,,2026-08-23T13:02:43.274805+00:00
225,BNBUSDT,1h,2026-04,kline:BNBUSDT:1h:2026-04,https://data.binance.vision/data/futures/um/monthly/klines/BNBUSDT/1h/BNBUSDT-1h-2026-04.zip,https://data.binance.vision/data/futures/um/monthly/klines/BNBUSDT/1h/BNBUSDT-1h-2026-04.zip.CHECKSUM,AVAILABLE,200,,197440860948507349cda7242530861f42c8879e551e2673a7bd144a286b3303,1,,2026-08-23T13:02:42.939719+00:00
226,BNBUSDT,1h,2026-05,kline:BNBUSDT:1h:2026-05,https://data.binance.vision/data/futures/um/monthly/klines/BNBUSDT/1h/BNBUSDT-1h-2026-05.zip,https://data.binance.vision/data/futures/um/monthly/klines/BNBUSDT/1h/BNBUSDT-1h-2026-05.zip.CHECKSUM,AVAILABLE,200,,61c5e4bd190326a5de1dbb69a91716b75212573a282792b260b7cced9a335709,1,,2026-08-23T13:02:43.288114+00:00
227,BNBUSDT,1h,2026-06,kline:BNBUSDT:1h:2026-06,https://data.binance.vision/data/futures/um/monthly/klines/BNBUSDT/1h/BNBUSDT-1h-2026-06.zip,https://data.binance.vision/data/futures/um/monthly/klines/BNBUSDT/1h/BNBUSDT-1h-2026-06.zip.CHECKSUM,AVAILABLE,200,,d3760589416bf315de18bb9557cb9ced5d4f92bc89d1bfcd4dbbe2733ba5d355,1,,2026-08-23T13:02:42.960134+00:00
228,BNBUSDT,1h,2026-07,kline:BNBUSDT:1h:2026-07,https://data.binance.vision/data/futures/um/monthly/klines/BNBUSDT/1h/BNBUSDT-1h-2026-07.zip,https://data.binance.vision/data/futures/um/monthly/klines/BNBUSDT/1h/BNBUSDT-1h-2026-07.zip.CHECKSUM,AVAILABLE,200,,1f5f1a843bd6347c9b9ff2afd8f1d90038dfa999ae20840dc14f4561d3d48d50,1,,2026-08-23T13:02:43.295392+00:00
229,BNBUSDT,15m,2026-04,kline:BNBUSDT:15m:2026-04,https://data.binance.vision/data/futures/um/monthly/klines/BNBUSDT/15m/BNBUSDT-15m-2026-04.zip,https://data.binance.vision/data/futures/um/monthly/klines/BNBUSDT/15m/BNBUSDT-15m-2026-04.zip.CHECKSUM,AVAILABLE,200,,ab293f08ba196b29d4d164189c07360ad443e840c58cca4db26f2761ae4e17a3,1,,2026-08-23T13:02:42.987552+00:00
230,BNBUSDT,15m,2026-05,kline:BNBUSDT:15m:2026-05,https://data.binance.vision/data/futures/um/monthly/klines/BNBUSDT/15m/BNBUSDT-15m-2026-05.zip,https://data.binance.vision/data/futures/um/monthly/klines/BNBUSDT/15m/BNBUSDT-15m-2026-05.zip.CHECKSUM,AVAILABLE,200,,af87367b3470893af159d7352003ba351bf1c147d9d1cbedd76d0c88a8834efd,1,,2026-08-23T13:02:42.977694+00:00
231,BNBUSDT,15m,2026-06,kline:BNBUSDT:15m:2026-06,https://data.binance.vision/data/futures/um/monthly/klines/BNBUSDT/15m/BNBUSDT-15m-2026-06.zip,https://data.binance.vision/data/futures/um/monthly/klines/BNBUSDT/15m/BNBUSDT-15m-2026-06.zip.CHECKSUM,AVAILABLE,200,,70281dcb771df1d572ddf9fe3a5fa1442a60162917c5954335edd433638f27cc,1,,2026-08-23T13:02:43.308289+00:00
232,BNBUSDT,15m,2026-07,kline:BNBUSDT:15m:2026-07,https://data.binance.vision/data/futures/um/monthly/klines/BNBUSDT/15m/BNBUSDT-15m-2026-07.zip,https://data.binance.vision/data/futures/um/monthly/klines/BNBUSDT/15m/BNBUSDT-15m-2026-07.zip.CHECKSUM,AVAILABLE,200,,d89b57d3ee1b1c0dc2d1c705737d223b0273ee7939f03cec3ced35e77e54395c,1,,2026-08-23T13:02:43.103946+00:00
233,BNBUSDT,5m,2026-04,kline:BNBUSDT:5m:2026-04,https://data.binance.vision/data/futures/um/monthly/klines/BNBUSDT/5m/BNBUSDT-5m-2026-04.zip,https://data.binance.vision/data/futures/um/monthly/klines/BNBUSDT/5m/BNBUSDT-5m-2026-04.zip.CHECKSUM,AVAILABLE,200,,bb7773b1f101e4c401118c0d2fe568616d0986398f3747f4762da053e22f1c52,1,,2026-08-23T13:02:42.979374+00:00
234,BNBUSDT,5m,2026-05,kline:BNBUSDT:5m:2026-05,https://data.binance.vision/data/futures/um/monthly/klines/BNBUSDT/5m/BNBUSDT-5m-2026-05.zip,https://data.binance.vision/data/futures/um/monthly/klines/BNBUSDT/5m/BNBUSDT-5m-2026-05.zip.CHECKSUM,AVAILABLE,200,,5743a5b7e2b32f5ffad9ccf25dc8e9a57bed3f1a7900f5e477392adf2f44fdc2,1,,2026-08-23T13:02:42.997765+00:00
235,BNBUSDT,5m,2026-06,kline:BNBUSDT:5m:2026-06,https://data.binance.vision/data/futures/um/monthly/klines/BNBUSDT/5m/BNBUSDT-5m-2026-06.zip,https://data.binance.vision/data/futures/um/monthly/klines/BNBUSDT/5m/BNBUSDT-5m-2026-06.zip.CHECKSUM,AVAILABLE,200,,80af68e445cbe8bea60bda211dbc9e83ed3faf938350501ea7fa365277b6e932,1,,2026-08-23T13:02:43.347145+00:00
236,BNBUSDT,5m,2026-07,kline:BNBUSDT:5m:2026-07,https://data.binance.vision/data/futures/um/monthly/klines/BNBUSDT/5m/BNBUSDT-5m-2026-07.zip,https://data.binance.vision/data/futures/um/monthly/klines/BNBUSDT/5m/BNBUSDT-5m-2026-07.zip.CHECKSUM,AVAILABLE,200,,8d1adb01e3f352cce6cb4d89ac7ffd38783817306b4f84e3ba5475e2fb22ce0f,1,,2026-08-23T13:02:43.167183+00:00
237,BNBUSDT,1m,2026-04,kline:BNBUSDT:1m:2026-04,https://data.binance.vision/data/futures/um/monthly/klines/BNBUSDT/1m/BNBUSDT-1m-2026-04.zip,https://data.binance.vision/data/futures/um/monthly/klines/BNBUSDT/1m/BNBUSDT-1m-2026-04.zip.CHECKSUM,AVAILABLE,200,,f1623d510cfeafc9a02688c83418b7ad6e81294c44a499915e821a8e72a2d434,1,,2026-08-23T13:02:43.031738+00:00
238,BNBUSDT,1m,2026-05,kline:BNBUSDT:1m:2026-05,https://data.binance.vision/data/futures/um/monthly/klines/BNBUSDT/1m/BNBUSDT-1m-2026-05.zip,https://data.binance.vision/data/futures/um/monthly/klines/BNBUSDT/1m/BNBUSDT-1m-2026-05.zip.CHECKSUM,AVAILABLE,200,,818b9cc3b67a0625f9079bc221b19c5de8ee7ad8fd4feb4537a6691163a54d3b,1,,2026-08-23T13:02:43.046489+00:00
239,BNBUSDT,1m,2026-06,kline:BNBUSDT:1m:2026-06,https://data.binance.vision/data/futures/um/monthly/klines/BNBUSDT/1m/BNBUSDT-1m-2026-06.zip,https://data.binance.vision/data/futures/um/monthly/klines/BNBUSDT/1m/BNBUSDT-1m-2026-06.zip.CHECKSUM,AVAILABLE,200,,72a8259f55efa9bcfe3878a4c32d242fd2004b518e28112be6a28b4fd6784c4b,1,,2026-08-23T13:02:43.050262+00:00
240,BNBUSDT,1m,2026-07,kline:BNBUSDT:1m:2026-07,https://data.binance.vision/data/futures/um/monthly/klines/BNBUSDT/1m/BNBUSDT-1m-2026-07.zip,https://data.binance.vision/data/futures/um/monthly/klines/BNBUSDT/1m/BNBUSDT-1m-2026-07.zip.CHECKSUM,AVAILABLE,200,,3db410739c41216c47d80750dd29f4f5c60e62a8756439b4af18ee8e4afd2f6a,1,,2026-08-23T13:02:43.167801+00:00
241,1000PEPEUSDT,1d,2026-04,kline:1000PEPEUSDT:1d:2026-04,https://data.binance.vision/data/futures/um/monthly/klines/1000PEPEUSDT/1d/1000PEPEUSDT-1d-2026-04.zip,https://data.binance.vision/data/futures/um/monthly/klines/1000PEPEUSDT/1d/1000PEPEUSDT-1d-2026-04.zip.CHECKSUM,AVAILABLE,200,,947b25d3174510b9d3072a16a69a0b29bc371cd7cc0ff380e97743c3da6ab6c4,1,,2026-08-23T13:02:43.199759+00:00
242,1000PEPEUSDT,1d,2026-05,kline:1000PEPEUSDT:1d:2026-05,https://data.binance.vision/data/futures/um/monthly/klines/1000PEPEUSDT/1d/1000PEPEUSDT-1d-2026-05.zip,https://data.binance.vision/data/futures/um/monthly/klines/1000PEPEUSDT/1d/1000PEPEUSDT-1d-2026-05.zip.CHECKSUM,AVAILABLE,200,,4f744a58944ccccf354a1643bf86dfeaed8f5a31097350f2797ce348760ec89b,1,,2026-08-23T13:02:43.128425+00:00
243,1000PEPEUSDT,1d,2026-06,kline:1000PEPEUSDT:1d:2026-06,https://data.binance.vision/data/futures/um/monthly/klines/1000PEPEUSDT/1d/1000PEPEUSDT-1d-2026-06.zip,https://data.binance.vision/data/futures/um/monthly/klines/1000PEPEUSDT/1d/1000PEPEUSDT-1d-2026-06.zip.CHECKSUM,AVAILABLE,200,,9fa3b42631d68ba5af20be0183f11c032ba9232d073f11f134ae0f78fa8b3587,1,,2026-08-23T13:02:43.124548+00:00
244,1000PEPEUSDT,1d,2026-07,kline:1000PEPEUSDT:1d:2026-07,https://data.binance.vision/data/futures/um/monthly/klines/1000PEPEUSDT/1d/1000PEPEUSDT-1d-2026-07.zip,https://data.binance.vision/data/futures/um/monthly/klines/1000PEPEUSDT/1d/1000PEPEUSDT-1d-2026-07.zip.CHECKSUM,AVAILABLE,200,,e18abfba2f0f8d97745548bfeb8197c09a8a1e2be847f58c3b2ea7f2bbe66627,1,,2026-08-23T13:02:43.142092+00:00
245,1000PEPEUSDT,4h,2026-04,kline:1000PEPEUSDT:4h:2026-04,https://data.binance.vision/data/futures/um/monthly/klines/1000PEPEUSDT/4h/1000PEPEUSDT-4h-2026-04.zip,https://data.binance.vision/data/futures/um/monthly/klines/1000PEPEUSDT/4h/1000PEPEUSDT-4h-2026-04.zip.CHECKSUM,AVAILABLE,200,,5b8291775ef893f2800b96e294788c7a972a5768c48ec1101ab88947882f3b67,1,,2026-08-23T13:02:43.156482+00:00
246,1000PEPEUSDT,4h,2026-05,kline:1000PEPEUSDT:4h:2026-05,https://data.binance.vision/data/futures/um/monthly/klines/1000PEPEUSDT/4h/1000PEPEUSDT-4h-2026-05.zip,https://data.binance.vision/data/futures/um/monthly/klines/1000PEPEUSDT/4h/1000PEPEUSDT-4h-2026-05.zip.CHECKSUM,AVAILABLE,200,,9c54310d0a38421cf3c94e026dbf643d1be6f10f94b4a25e68cf7df0e8dd5ae3,1,,2026-08-23T13:02:43.523662+00:00
247,1000PEPEUSDT,4h,2026-06,kline:1000PEPEUSDT:4h:2026-06,https://data.binance.vision/data/futures/um/monthly/klines/1000PEPEUSDT/4h/1000PEPEUSDT-4h-2026-06.zip,https://data.binance.vision/data/futures/um/monthly/klines/1000PEPEUSDT/4h/1000PEPEUSDT-4h-2026-06.zip.CHECKSUM,AVAILABLE,200,,aa01c470a1078eb6dcafb6a7667fe9e7869e6dbc4b44d65a2ad3ac4af720f387,1,,2026-08-23T13:02:43.159010+00:00
248,1000PEPEUSDT,4h,2026-07,kline:1000PEPEUSDT:4h:2026-07,https://data.binance.vision/data/futures/um/monthly/klines/1000PEPEUSDT/4h/1000PEPEUSDT-4h-2026-07.zip,https://data.binance.vision/data/futures/um/monthly/klines/1000PEPEUSDT/4h/1000PEPEUSDT-4h-2026-07.zip.CHECKSUM,AVAILABLE,200,,c7cb8f8285a6d82cc2b8cdb5d44694f24b2205568a3aa9834a8bc674fab3d1f6,1,,2026-08-23T13:02:43.161116+00:00
249,1000PEPEUSDT,1h,2026-04,kline:1000PEPEUSDT:1h:2026-04,https://data.binance.vision/data/futures/um/monthly/klines/1000PEPEUSDT/1h/1000PEPEUSDT-1h-2026-04.zip,https://data.binance.vision/data/futures/um/monthly/klines/1000PEPEUSDT/1h/1000PEPEUSDT-1h-2026-04.zip.CHECKSUM,AVAILABLE,200,,03c0e1bfd3c439db252e2d058a414ecae3f1d6a06db97950da76c14e1b8fdd77,1,,2026-08-23T13:02:43.388866+00:00
250,1000PEPEUSDT,1h,2026-05,kline:1000PEPEUSDT:1h:2026-05,https://data.binance.vision/data/futures/um/monthly/klines/1000PEPEUSDT/1h/1000PEPEUSDT-1h-2026-05.zip,https://data.binance.vision/data/futures/um/monthly/klines/1000PEPEUSDT/1h/1000PEPEUSDT-1h-2026-05.zip.CHECKSUM,AVAILABLE,200,,0567f83d078ab9fa9d294bc9299a017426c9d73bcf928168616908ed0d13ada2,1,,2026-08-23T13:02:43.722490+00:00
251,1000PEPEUSDT,1h,2026-06,kline:1000PEPEUSDT:1h:2026-06,https://data.binance.vision/data/futures/um/monthly/klines/1000PEPEUSDT/1h/1000PEPEUSDT-1h-2026-06.zip,https://data.binance.vision/data/futures/um/monthly/klines/1000PEPEUSDT/1h/1000PEPEUSDT-1h-2026-06.zip.CHECKSUM,AVAILABLE,200,,72cab5a45b02bdfb33646cc3dece1df93b8fb39c1cfb7bb4ef16e9b99e9f4c28,1,,2026-08-23T13:02:43.733732+00:00
252,1000PEPEUSDT,1h,2026-07,kline:1000PEPEUSDT:1h:2026-07,https://data.binance.vision/data/futures/um/monthly/klines/1000PEPEUSDT/1h/1000PEPEUSDT-1h-2026-07.zip,https://data.binance.vision/data/futures/um/monthly/klines/1000PEPEUSDT/1h/1000PEPEUSDT-1h-2026-07.zip.CHECKSUM,AVAILABLE,200,,a012cd41650c4db8ee9101ecb2b8d00995c1624e92535f76a88bb264bedd6025,1,,2026-08-23T13:02:43.734279+00:00
253,1000PEPEUSDT,15m,2026-04,kline:1000PEPEUSDT:15m:2026-04,https://data.binance.vision/data/futures/um/monthly/klines/1000PEPEUSDT/15m/1000PEPEUSDT-15m-2026-04.zip,https://data.binance.vision/data/futures/um/monthly/klines/1000PEPEUSDT/15m/1000PEPEUSDT-15m-2026-04.zip.CHECKSUM,AVAILABLE,200,,3c2c78162f5e94703885b4e61066b14fbdbd5de791c29c3daaab41c1d61b359a,1,,2026-08-23T13:02:43.395965+00:00
254,1000PEPEUSDT,15m,2026-05,kline:1000PEPEUSDT:15m:2026-05,https://data.binance.vision/data/futures/um/monthly/klines/1000PEPEUSDT/15m/1000PEPEUSDT-15m-2026-05.zip,https://data.binance.vision/data/futures/um/monthly/klines/1000PEPEUSDT/15m/1000PEPEUSDT-15m-2026-05.zip.CHECKSUM,AVAILABLE,200,,d4af7755a2f152b20f8e86a04afb9e5b3d33d036bb4914bac416b9c28101ef90,1,,2026-08-23T13:02:43.395572+00:00
255,1000PEPEUSDT,15m,2026-06,kline:1000PEPEUSDT:15m:2026-06,https://data.binance.vision/data/futures/um/monthly/klines/1000PEPEUSDT/15m/1000PEPEUSDT-15m-2026-06.zip,https://data.binance.vision/data/futures/um/monthly/klines/1000PEPEUSDT/15m/1000PEPEUSDT-15m-2026-06.zip.CHECKSUM,AVAILABLE,200,,e0cdcb738ad09f1f0ad5e6e80d91a9e30733c397050456ec65f2b77ecb338966,1,,2026-08-23T13:02:43.721033+00:00
256,1000PEPEUSDT,15m,2026-07,kline:1000PEPEUSDT:15m:2026-07,https://data.binance.vision/data/futures/um/monthly/klines/1000PEPEUSDT/15m/1000PEPEUSDT-15m-2026-07.zip,https://data.binance.vision/data/futures/um/monthly/klines/1000PEPEUSDT/15m/1000PEPEUSDT-15m-2026-07.zip.CHECKSUM,AVAILABLE,200,,e681f8cced6efbd961fed231e526c9924551d424dab567374fb9bc98a0b13198,1,,2026-08-23T13:02:43.391246+00:00
257,1000PEPEUSDT,5m,2026-04,kline:1000PEPEUSDT:5m:2026-04,https://data.binance.vision/data/futures/um/monthly/klines/1000PEPEUSDT/5m/1000PEPEUSDT-5m-2026-04.zip,https://data.binance.vision/data/futures/um/monthly/klines/1000PEPEUSDT/5m/1000PEPEUSDT-5m-2026-04.zip.CHECKSUM,AVAILABLE,200,,50e2f3247c3bfe97cc082c14d6509ea94e9a7e0177145061e2eb62b6d819d56f,1,,2026-08-23T13:02:43.392604+00:00
258,1000PEPEUSDT,5m,2026-05,kline:1000PEPEUSDT:5m:2026-05,https://data.binance.vision/data/futures/um/monthly/klines/1000PEPEUSDT/5m/1000PEPEUSDT-5m-2026-05.zip,https://data.binance.vision/data/futures/um/monthly/klines/1000PEPEUSDT/5m/1000PEPEUSDT-5m-2026-05.zip.CHECKSUM,AVAILABLE,200,,0fa3896c92dc6588511aa150fcd99924760185ecc28f8f8047df4b080bb26e41,1,,2026-08-23T13:02:43.387293+00:00
259,1000PEPEUSDT,5m,2026-06,kline:1000PEPEUSDT:5m:2026-06,https://data.binance.vision/data/futures/um/monthly/klines/1000PEPEUSDT/5m/1000PEPEUSDT-5m-2026-06.zip,https://data.binance.vision/data/futures/um/monthly/klines/1000PEPEUSDT/5m/1000PEPEUSDT-5m-2026-06.zip.CHECKSUM,AVAILABLE,200,,4fa40ee65a2bdeaee4887ae63c24f8c31db387b15c3c573fcac2078c72007f09,1,,2026-08-23T13:02:43.392812+00:00
260,1000PEPEUSDT,5m,2026-07,kline:1000PEPEUSDT:5m:2026-07,https://data.binance.vision/data/futures/um/monthly/klines/1000PEPEUSDT/5m/1000PEPEUSDT-5m-2026-07.zip,https://data.binance.vision/data/futures/um/monthly/klines/1000PEPEUSDT/5m/1000PEPEUSDT-5m-2026-07.zip.CHECKSUM,AVAILABLE,200,,ab3186bdcbc95b61820b72956192ee1914e636e17ebfb6c98aa94643a85899e7,1,,2026-08-23T13:02:43.380267+00:00
261,1000PEPEUSDT,1m,2026-04,kline:1000PEPEUSDT:1m:2026-04,https://data.binance.vision/data/futures/um/monthly/klines/1000PEPEUSDT/1m/1000PEPEUSDT-1m-2026-04.zip,https://data.binance.vision/data/futures/um/monthly/klines/1000PEPEUSDT/1m/1000PEPEUSDT-1m-2026-04.zip.CHECKSUM,AVAILABLE,200,,7f4b7f1252a3f199a4250e45d034ac44cea412e5a3332d62c336511d17317c00,1,,2026-08-23T13:02:43.390848+00:00
262,1000PEPEUSDT,1m,2026-05,kline:1000PEPEUSDT:1m:2026-05,https://data.binance.vision/data/futures/um/monthly/klines/1000PEPEUSDT/1m/1000PEPEUSDT-1m-2026-05.zip,https://data.binance.vision/data/futures/um/monthly/klines/1000PEPEUSDT/1m/1000PEPEUSDT-1m-2026-05.zip.CHECKSUM,AVAILABLE,200,,b4d7ccd09a324fb5aa9743f819ab3e0f4c922468412f408888b00850bfabf5e0,1,,2026-08-23T13:02:43.392190+00:00
263,1000PEPEUSDT,1m,2026-06,kline:1000PEPEUSDT:1m:2026-06,https://data.binance.vision/data/futures/um/monthly/klines/1000PEPEUSDT/1m/1000PEPEUSDT-1m-2026-06.zip,https://data.binance.vision/data/futures/um/monthly/klines/1000PEPEUSDT/1m/1000PEPEUSDT-1m-2026-06.zip.CHECKSUM,AVAILABLE,200,,7e864b261ad28e21d866a48199ec5330dac370b02d3e91dec3701add9046a2e0,1,,2026-08-23T13:02:43.389508+00:00
264,1000PEPEUSDT,1m,2026-07,kline:1000PEPEUSDT:1m:2026-07,https://data.binance.vision/data/futures/um/monthly/klines/1000PEPEUSDT/1m/1000PEPEUSDT-1m-2026-07.zip,https://data.binance.vision/data/futures/um/monthly/klines/1000PEPEUSDT/1m/1000PEPEUSDT-1m-2026-07.zip.CHECKSUM,AVAILABLE,200,,85fdfdac2864d787d5e7aee73e1be6428c92047e25d7b9a88ba400db79ed271f,1,,2026-08-23T13:02:43.477134+00:00
265,SUIUSDT,1d,2026-04,kline:SUIUSDT:1d:2026-04,https://data.binance.vision/data/futures/um/monthly/klines/SUIUSDT/1d/SUIUSDT-1d-2026-04.zip,https://data.binance.vision/data/futures/um/monthly/klines/SUIUSDT/1d/SUIUSDT-1d-2026-04.zip.CHECKSUM,AVAILABLE,200,,5f3fdcbb1849075c4f1a4618b7dbf6bec76e10fc58931a861228175229a73efb,1,,2026-08-23T13:02:43.483118+00:00
266,SUIUSDT,1d,2026-05,kline:SUIUSDT:1d:2026-05,https://data.binance.vision/data/futures/um/monthly/klines/SUIUSDT/1d/SUIUSDT-1d-2026-05.zip,https://data.binance.vision/data/futures/um/monthly/klines/SUIUSDT/1d/SUIUSDT-1d-2026-05.zip.CHECKSUM,AVAILABLE,200,,cdfd0f9ca42498957db3290c3e42ef25a021fc6ec5783be3b3100cc6760a3611,1,,2026-08-23T13:02:43.382188+00:00
267,SUIUSDT,1d,2026-06,kline:SUIUSDT:1d:2026-06,https://data.binance.vision/data/futures/um/monthly/klines/SUIUSDT/1d/SUIUSDT-1d-2026-06.zip,https://data.binance.vision/data/futures/um/monthly/klines/SUIUSDT/1d/SUIUSDT-1d-2026-06.zip.CHECKSUM,AVAILABLE,200,,2221650b240a010c1cb007636aafbac835fe36f482e1da1ca36794ec4ac14474,1,,2026-08-23T13:02:43.512569+00:00
268,SUIUSDT,1d,2026-07,kline:SUIUSDT:1d:2026-07,https://data.binance.vision/data/futures/um/monthly/klines/SUIUSDT/1d/SUIUSDT-1d-2026-07.zip,https://data.binance.vision/data/futures/um/monthly/klines/SUIUSDT/1d/SUIUSDT-1d-2026-07.zip.CHECKSUM,AVAILABLE,200,,643cb1d1be794adccf41eb0ba2c8a4beb5eab3e3740cfc16c4472b4ce9a9f80c,1,,2026-08-23T13:02:43.379071+00:00
269,SUIUSDT,4h,2026-04,kline:SUIUSDT:4h:2026-04,https://data.binance.vision/data/futures/um/monthly/klines/SUIUSDT/4h/SUIUSDT-4h-2026-04.zip,https://data.binance.vision/data/futures/um/monthly/klines/SUIUSDT/4h/SUIUSDT-4h-2026-04.zip.CHECKSUM,AVAILABLE,200,,2a54838949a2d23133d14606a9924704b4d8c7d332e61a1c200f722cbbb21f6d,1,,2026-08-23T13:02:43.393904+00:00
270,SUIUSDT,4h,2026-05,kline:SUIUSDT:4h:2026-05,https://data.binance.vision/data/futures/um/monthly/klines/SUIUSDT/4h/SUIUSDT-4h-2026-05.zip,https://data.binance.vision/data/futures/um/monthly/klines/SUIUSDT/4h/SUIUSDT-4h-2026-05.zip.CHECKSUM,AVAILABLE,200,,08807e470c48ceb03dab0cc9499e9029f9357addbd8e45c7a206b3798f06919b,1,,2026-08-23T13:02:43.390375+00:00
271,SUIUSDT,4h,2026-06,kline:SUIUSDT:4h:2026-06,https://data.binance.vision/data/futures/um/monthly/klines/SUIUSDT/4h/SUIUSDT-4h-2026-06.zip,https://data.binance.vision/data/futures/um/monthly/klines/SUIUSDT/4h/SUIUSDT-4h-2026-06.zip.CHECKSUM,AVAILABLE,200,,3e0758f13203ca08ca1c4618781ac311cd5a283a7416c062e6e225957bc41106,1,,2026-08-23T13:02:43.438527+00:00
272,SUIUSDT,4h,2026-07,kline:SUIUSDT:4h:2026-07,https://data.binance.vision/data/futures/um/monthly/klines/SUIUSDT/4h/SUIUSDT-4h-2026-07.zip,https://data.binance.vision/data/futures/um/monthly/klines/SUIUSDT/4h/SUIUSDT-4h-2026-07.zip.CHECKSUM,AVAILABLE,200,,ca3a2faab3d807c023edfc49af130ffcf546e0c7f6d5d4d5e77cb583df671a75,1,,2026-08-23T13:02:43.736067+00:00
273,SUIUSDT,1h,2026-04,kline:SUIUSDT:1h:2026-04,https://data.binance.vision/data/futures/um/monthly/klines/SUIUSDT/1h/SUIUSDT-1h-2026-04.zip,https://data.binance.vision/data/futures/um/monthly/klines/SUIUSDT/1h/SUIUSDT-1h-2026-04.zip.CHECKSUM,AVAILABLE,200,,07185d0fecd4048c4c05feb853101609c5a5b6cdfe95eb46efa1f1de24b799fa,1,,2026-08-23T13:02:43.847717+00:00
274,SUIUSDT,1h,2026-05,kline:SUIUSDT:1h:2026-05,https://data.binance.vision/data/futures/um/monthly/klines/SUIUSDT/1h/SUIUSDT-1h-2026-05.zip,https://data.binance.vision/data/futures/um/monthly/klines/SUIUSDT/1h/SUIUSDT-1h-2026-05.zip.CHECKSUM,AVAILABLE,200,,cd3d1a5984d6ab0d13d191cf65954844bedcf601b2e507a2d68b65e77fd16464,1,,2026-08-23T13:02:44.185835+00:00
275,SUIUSDT,1h,2026-06,kline:SUIUSDT:1h:2026-06,https://data.binance.vision/data/futures/um/monthly/klines/SUIUSDT/1h/SUIUSDT-1h-2026-06.zip,https://data.binance.vision/data/futures/um/monthly/klines/SUIUSDT/1h/SUIUSDT-1h-2026-06.zip.CHECKSUM,AVAILABLE,200,,5d8237fbf1ad0cf4cff17176f3a39391cdf9f0e75d94f70c399239d9963b0f9e,1,,2026-08-23T13:02:44.046663+00:00
276,SUIUSDT,1h,2026-07,kline:SUIUSDT:1h:2026-07,https://data.binance.vision/data/futures/um/monthly/klines/SUIUSDT/1h/SUIUSDT-1h-2026-07.zip,https://data.binance.vision/data/futures/um/monthly/klines/SUIUSDT/1h/SUIUSDT-1h-2026-07.zip.CHECKSUM,AVAILABLE,200,,f13172472762036b453eb64c8a0ca2cf0bc4ac992e356e5868b77fa7181cfffa,1,,2026-08-23T13:02:43.842113+00:00
277,SUIUSDT,15m,2026-04,kline:SUIUSDT:15m:2026-04,https://data.binance.vision/data/futures/um/monthly/klines/SUIUSDT/15m/SUIUSDT-15m-2026-04.zip,https://data.binance.vision/data/futures/um/monthly/klines/SUIUSDT/15m/SUIUSDT-15m-2026-04.zip.CHECKSUM,AVAILABLE,200,,8b9cfb6e063b7191b268703638538665477c983bac3c484f38886bf993a1ea08,1,,2026-08-23T13:02:43.848009+00:00
278,SUIUSDT,15m,2026-05,kline:SUIUSDT:15m:2026-05,https://data.binance.vision/data/futures/um/monthly/klines/SUIUSDT/15m/SUIUSDT-15m-2026-05.zip,https://data.binance.vision/data/futures/um/monthly/klines/SUIUSDT/15m/SUIUSDT-15m-2026-05.zip.CHECKSUM,AVAILABLE,200,,ad64b725fce01f397114034e1ca245d3741196d6e7adf31d389f79be1075cc61,1,,2026-08-23T13:02:43.845374+00:00
279,SUIUSDT,15m,2026-06,kline:SUIUSDT:15m:2026-06,https://data.binance.vision/data/futures/um/monthly/klines/SUIUSDT/15m/SUIUSDT-15m-2026-06.zip,https://data.binance.vision/data/futures/um/monthly/klines/SUIUSDT/15m/SUIUSDT-15m-2026-06.zip.CHECKSUM,AVAILABLE,200,,e3b6a32d10f427afedc4894f0c8a036f594c130ae5700ca56e3968288a929fc4,1,,2026-08-23T13:02:43.852918+00:00
280,SUIUSDT,15m,2026-07,kline:SUIUSDT:15m:2026-07,https://data.binance.vision/data/futures/um/monthly/klines/SUIUSDT/15m/SUIUSDT-15m-2026-07.zip,https://data.binance.vision/data/futures/um/monthly/klines/SUIUSDT/15m/SUIUSDT-15m-2026-07.zip.CHECKSUM,AVAILABLE,200,,b539140f263bd6f8e6be4f8eaad5a29f0ec239406279996a17fad43920aa1295,1,,2026-08-23T13:02:43.851427+00:00
281,SUIUSDT,5m,2026-04,kline:SUIUSDT:5m:2026-04,https://data.binance.vision/data/futures/um/monthly/klines/SUIUSDT/5m/SUIUSDT-5m-2026-04.zip,https://data.binance.vision/data/futures/um/monthly/klines/SUIUSDT/5m/SUIUSDT-5m-2026-04.zip.CHECKSUM,AVAILABLE,200,,fbcf79e0d2c564a350c9e079856d774a2b45a166d2019dd606d56d6f37dc7c75,1,,2026-08-23T13:02:43.842966+00:00
282,SUIUSDT,5m,2026-05,kline:SUIUSDT:5m:2026-05,https://data.binance.vision/data/futures/um/monthly/klines/SUIUSDT/5m/SUIUSDT-5m-2026-05.zip,https://data.binance.vision/data/futures/um/monthly/klines/SUIUSDT/5m/SUIUSDT-5m-2026-05.zip.CHECKSUM,AVAILABLE,200,,605e159f69b0182cc826097fcb971305403800c93ccf132e8eace52cbe22b7b9,1,,2026-08-23T13:02:43.845976+00:00
283,SUIUSDT,5m,2026-06,kline:SUIUSDT:5m:2026-06,https://data.binance.vision/data/futures/um/monthly/klines/SUIUSDT/5m/SUIUSDT-5m-2026-06.zip,https://data.binance.vision/data/futures/um/monthly/klines/SUIUSDT/5m/SUIUSDT-5m-2026-06.zip.CHECKSUM,AVAILABLE,200,,59d33a88526ecaec267b52c8274c3d96ffe23c9eec34827bb9e318252378d231,1,,2026-08-23T13:02:44.038472+00:00
284,SUIUSDT,5m,2026-07,kline:SUIUSDT:5m:2026-07,https://data.binance.vision/data/futures/um/monthly/klines/SUIUSDT/5m/SUIUSDT-5m-2026-07.zip,https://data.binance.vision/data/futures/um/monthly/klines/SUIUSDT/5m/SUIUSDT-5m-2026-07.zip.CHECKSUM,AVAILABLE,200,,ecb92c661a1680476063186e04ee746920d2a68917f04bc028a986aba399d4ce,1,,2026-08-23T13:02:43.850361+00:00
285,SUIUSDT,1m,2026-04,kline:SUIUSDT:1m:2026-04,https://data.binance.vision/data/futures/um/monthly/klines/SUIUSDT/1m/SUIUSDT-1m-2026-04.zip,https://data.binance.vision/data/futures/um/monthly/klines/SUIUSDT/1m/SUIUSDT-1m-2026-04.zip.CHECKSUM,AVAILABLE,200,,5ae72524816904eb52e7be8c0e1c86f452a067633796df3c479948ea30d12637,1,,2026-08-23T13:02:43.854790+00:00
286,SUIUSDT,1m,2026-05,kline:SUIUSDT:1m:2026-05,https://data.binance.vision/data/futures/um/monthly/klines/SUIUSDT/1m/SUIUSDT-1m-2026-05.zip,https://data.binance.vision/data/futures/um/monthly/klines/SUIUSDT/1m/SUIUSDT-1m-2026-05.zip.CHECKSUM,AVAILABLE,200,,0fe939676edb224c9169981e625237e5675c7a409af1b0631a601c3160c7efc2,1,,2026-08-23T13:02:43.838155+00:00
287,SUIUSDT,1m,2026-06,kline:SUIUSDT:1m:2026-06,https://data.binance.vision/data/futures/um/monthly/klines/SUIUSDT/1m/SUIUSDT-1m-2026-06.zip,https://data.binance.vision/data/futures/um/monthly/klines/SUIUSDT/1m/SUIUSDT-1m-2026-06.zip.CHECKSUM,AVAILABLE,200,,136329da3a797cc32024b7a0ed831c272e39ca29ee9b1fe81bdb76c7c370a181,1,,2026-08-23T13:02:43.979353+00:00
288,SUIUSDT,1m,2026-07,kline:SUIUSDT:1m:2026-07,https://data.binance.vision/data/futures/um/monthly/klines/SUIUSDT/1m/SUIUSDT-1m-2026-07.zip,https://data.binance.vision/data/futures/um/monthly/klines/SUIUSDT/1m/SUIUSDT-1m-2026-07.zip.CHECKSUM,AVAILABLE,200,,ac1f7ceac03cb039233a91712d80276336e7d786276e69df49aee89b0e81f355,1,,2026-08-23T13:02:44.199476+00:00
289,BCHUSDT,1d,2026-04,kline:BCHUSDT:1d:2026-04,https://data.binance.vision/data/futures/um/monthly/klines/BCHUSDT/1d/BCHUSDT-1d-2026-04.zip,https://data.binance.vision/data/futures/um/monthly/klines/BCHUSDT/1d/BCHUSDT-1d-2026-04.zip.CHECKSUM,AVAILABLE,200,,efef53968d2d3c2093ca5c400623703accb0f0cc7fe4128dbd7bbb24284de4c7,1,,2026-08-23T13:02:43.859421+00:00
290,BCHUSDT,1d,2026-05,kline:BCHUSDT:1d:2026-05,https://data.binance.vision/data/futures/um/monthly/klines/BCHUSDT/1d/BCHUSDT-1d-2026-05.zip,https://data.binance.vision/data/futures/um/monthly/klines/BCHUSDT/1d/BCHUSDT-1d-2026-05.zip.CHECKSUM,AVAILABLE,200,,4ead2e725bcd7e046906fd6185d9b591f221d45f294d89507e42933b9daceaff,1,,2026-08-23T13:02:43.847354+00:00
291,BCHUSDT,1d,2026-06,kline:BCHUSDT:1d:2026-06,https://data.binance.vision/data/futures/um/monthly/klines/BCHUSDT/1d/BCHUSDT-1d-2026-06.zip,https://data.binance.vision/data/futures/um/monthly/klines/BCHUSDT/1d/BCHUSDT-1d-2026-06.zip.CHECKSUM,AVAILABLE,200,,c4475cff2a1c9c9cfe053af461c2280a6cd971113e229606a2e92628e28ebce1,1,,2026-08-23T13:02:43.849680+00:00
292,BCHUSDT,1d,2026-07,kline:BCHUSDT:1d:2026-07,https://data.binance.vision/data/futures/um/monthly/klines/BCHUSDT/1d/BCHUSDT-1d-2026-07.zip,https://data.binance.vision/data/futures/um/monthly/klines/BCHUSDT/1d/BCHUSDT-1d-2026-07.zip.CHECKSUM,AVAILABLE,200,,7137f538dcfb1db50342de12e0eba41670eac90be04c1b19536e7a7a3ebc1671,1,,2026-08-23T13:02:44.177771+00:00
293,BCHUSDT,4h,2026-04,kline:BCHUSDT:4h:2026-04,https://data.binance.vision/data/futures/um/monthly/klines/BCHUSDT/4h/BCHUSDT-4h-2026-04.zip,https://data.binance.vision/data/futures/um/monthly/klines/BCHUSDT/4h/BCHUSDT-4h-2026-04.zip.CHECKSUM,AVAILABLE,200,,1f7b257708bb0e56a9bd3a8ae71a4d168172cc39aab3c9b0de5a809b116c5dfc,1,,2026-08-23T13:02:43.916315+00:00
294,BCHUSDT,4h,2026-05,kline:BCHUSDT:4h:2026-05,https://data.binance.vision/data/futures/um/monthly/klines/BCHUSDT/4h/BCHUSDT-4h-2026-05.zip,https://data.binance.vision/data/futures/um/monthly/klines/BCHUSDT/4h/BCHUSDT-4h-2026-05.zip.CHECKSUM,AVAILABLE,200,,34e1c3d85cbaa4bc4286fb4d59d28523fcc890102d13d4c4497ef01441c575c7,1,,2026-08-23T13:02:43.846732+00:00
295,BCHUSDT,4h,2026-06,kline:BCHUSDT:4h:2026-06,https://data.binance.vision/data/futures/um/monthly/klines/BCHUSDT/4h/BCHUSDT-4h-2026-06.zip,https://data.binance.vision/data/futures/um/monthly/klines/BCHUSDT/4h/BCHUSDT-4h-2026-06.zip.CHECKSUM,AVAILABLE,200,,0867297133654b271db19e6409f03fbaac317576cb4dd65521fd25b06add6ed2,1,,2026-08-23T13:02:44.189796+00:00
296,BCHUSDT,4h,2026-07,kline:BCHUSDT:4h:2026-07,https://data.binance.vision/data/futures/um/monthly/klines/BCHUSDT/4h/BCHUSDT-4h-2026-07.zip,https://data.binance.vision/data/futures/um/monthly/klines/BCHUSDT/4h/BCHUSDT-4h-2026-07.zip.CHECKSUM,AVAILABLE,200,,e4c47129d8e73b4121e5a9a121b73a4f63d0a48bd48c108092224b52974a16ac,1,,2026-08-23T13:02:43.848812+00:00
297,BCHUSDT,1h,2026-04,kline:BCHUSDT:1h:2026-04,https://data.binance.vision/data/futures/um/monthly/klines/BCHUSDT/1h/BCHUSDT-1h-2026-04.zip,https://data.binance.vision/data/futures/um/monthly/klines/BCHUSDT/1h/BCHUSDT-1h-2026-04.zip.CHECKSUM,AVAILABLE,200,,fe389fe998884912eb8d4fad950b25d544ac59ae7b52bd66c44439096f6412f7,1,,2026-08-23T13:02:43.844057+00:00
298,BCHUSDT,1h,2026-05,kline:BCHUSDT:1h:2026-05,https://data.binance.vision/data/futures/um/monthly/klines/BCHUSDT/1h/BCHUSDT-1h-2026-05.zip,https://data.binance.vision/data/futures/um/monthly/klines/BCHUSDT/1h/BCHUSDT-1h-2026-05.zip.CHECKSUM,AVAILABLE,200,,e1ec7f2550834ec97b09a88a8655db40d656c327313177cbabf3d99ca6ee42ff,1,,2026-08-23T13:02:43.856831+00:00
299,BCHUSDT,1h,2026-06,kline:BCHUSDT:1h:2026-06,https://data.binance.vision/data/futures/um/monthly/klines/BCHUSDT/1h/BCHUSDT-1h-2026-06.zip,https://data.binance.vision/data/futures/um/monthly/klines/BCHUSDT/1h/BCHUSDT-1h-2026-06.zip.CHECKSUM,AVAILABLE,200,,b0b894eb0aceca3cf74b36e6ade2f1df62153a4c0f4f1d1482324019a8a41e9e,1,,2026-08-23T13:02:43.851043+00:00
300,BCHUSDT,1h,2026-07,kline:BCHUSDT:1h:2026-07,https://data.binance.vision/data/futures/um/monthly/klines/BCHUSDT/1h/BCHUSDT-1h-2026-07.zip,https://data.binance.vision/data/futures/um/monthly/klines/BCHUSDT/1h/BCHUSDT-1h-2026-07.zip.CHECKSUM,AVAILABLE,200,,fe63914a00f082efc37c355e76342da72cbb22168e4ee9f37fa7f524499857e2,1,,2026-08-23T13:02:43.944545+00:00
301,BCHUSDT,15m,2026-04,kline:BCHUSDT:15m:2026-04,https://data.binance.vision/data/futures/um/monthly/klines/BCHUSDT/15m/BCHUSDT-15m-2026-04.zip,https://data.binance.vision/data/futures/um/monthly/klines/BCHUSDT/15m/BCHUSDT-15m-2026-04.zip.CHECKSUM,AVAILABLE,200,,0bd3be6baca33fcee57ac96f005e3247e2471e29ed8e6df85f3293e702b91b70,1,,2026-08-23T13:02:44.234915+00:00
302,BCHUSDT,15m,2026-05,kline:BCHUSDT:15m:2026-05,https://data.binance.vision/data/futures/um/monthly/klines/BCHUSDT/15m/BCHUSDT-15m-2026-05.zip,https://data.binance.vision/data/futures/um/monthly/klines/BCHUSDT/15m/BCHUSDT-15m-2026-05.zip.CHECKSUM,AVAILABLE,200,,78e05a2594d99e3473c9bbce5500f62d37ce60d38ac3738e9b9022863b07d544,1,,2026-08-23T13:02:44.283520+00:00
303,BCHUSDT,15m,2026-06,kline:BCHUSDT:15m:2026-06,https://data.binance.vision/data/futures/um/monthly/klines/BCHUSDT/15m/BCHUSDT-15m-2026-06.zip,https://data.binance.vision/data/futures/um/monthly/klines/BCHUSDT/15m/BCHUSDT-15m-2026-06.zip.CHECKSUM,AVAILABLE,200,,21bb1e0bce4cd33f8ecbfa3d429d53a4f75dad6221fdd7b1b3d9e4cda750c4d6,1,,2026-08-23T13:02:43.937953+00:00
304,BCHUSDT,15m,2026-07,kline:BCHUSDT:15m:2026-07,https://data.binance.vision/data/futures/um/monthly/klines/BCHUSDT/15m/BCHUSDT-15m-2026-07.zip,https://data.binance.vision/data/futures/um/monthly/klines/BCHUSDT/15m/BCHUSDT-15m-2026-07.zip.CHECKSUM,AVAILABLE,200,,73b1a9ca66a8e444088527f38af8e90bc7519b87180af97eed8e5826901c3de2,1,,2026-08-23T13:02:43.942910+00:00
305,BCHUSDT,5m,2026-04,kline:BCHUSDT:5m:2026-04,https://data.binance.vision/data/futures/um/monthly/klines/BCHUSDT/5m/BCHUSDT-5m-2026-04.zip,https://data.binance.vision/data/futures/um/monthly/klines/BCHUSDT/5m/BCHUSDT-5m-2026-04.zip.CHECKSUM,AVAILABLE,200,,db827ab0552fe335af5bc9bbd4845166eacfe4622813f8f1db85994883fda234,1,,2026-08-23T13:02:44.044965+00:00
306,BCHUSDT,5m,2026-05,kline:BCHUSDT:5m:2026-05,https://data.binance.vision/data/futures/um/monthly/klines/BCHUSDT/5m/BCHUSDT-5m-2026-05.zip,https://data.binance.vision/data/futures/um/monthly/klines/BCHUSDT/5m/BCHUSDT-5m-2026-05.zip.CHECKSUM,AVAILABLE,200,,59db5aa78e4dd094de3cf0d589914a5179e284ddde3775e80306f4f500860e64,1,,2026-08-23T13:02:44.048837+00:00
307,BCHUSDT,5m,2026-06,kline:BCHUSDT:5m:2026-06,https://data.binance.vision/data/futures/um/monthly/klines/BCHUSDT/5m/BCHUSDT-5m-2026-06.zip,https://data.binance.vision/data/futures/um/monthly/klines/BCHUSDT/5m/BCHUSDT-5m-2026-06.zip.CHECKSUM,AVAILABLE,200,,1230589afeb6a74fd41c0b62bd5210b3cefc2a4cbd840fa19f06fde93c66c491,1,,2026-08-23T13:02:44.047895+00:00
308,BCHUSDT,5m,2026-07,kline:BCHUSDT:5m:2026-07,https://data.binance.vision/data/futures/um/monthly/klines/BCHUSDT/5m/BCHUSDT-5m-2026-07.zip,https://data.binance.vision/data/futures/um/monthly/klines/BCHUSDT/5m/BCHUSDT-5m-2026-07.zip.CHECKSUM,AVAILABLE,200,,ec311e3705294099928d95da72c994cc4fc9fc9e6b9f281df7a2444355818390,1,,2026-08-23T13:02:44.411827+00:00
309,BCHUSDT,1m,2026-04,kline:BCHUSDT:1m:2026-04,https://data.binance.vision/data/futures/um/monthly/klines/BCHUSDT/1m/BCHUSDT-1m-2026-04.zip,https://data.binance.vision/data/futures/um/monthly/klines/BCHUSDT/1m/BCHUSDT-1m-2026-04.zip.CHECKSUM,AVAILABLE,200,,da914f6fca05a6ebbc4593a129a1de9d4b504a85d699d415a03c860fd23ca892,1,,2026-08-23T13:02:44.055197+00:00
310,BCHUSDT,1m,2026-05,kline:BCHUSDT:1m:2026-05,https://data.binance.vision/data/futures/um/monthly/klines/BCHUSDT/1m/BCHUSDT-1m-2026-05.zip,https://data.binance.vision/data/futures/um/monthly/klines/BCHUSDT/1m/BCHUSDT-1m-2026-05.zip.CHECKSUM,AVAILABLE,200,,c941a3d8fc4ee452285ed51c5fa9ce3ea463e1545912a8a61992f20695c3d67a,1,,2026-08-23T13:02:44.055488+00:00
311,BCHUSDT,1m,2026-06,kline:BCHUSDT:1m:2026-06,https://data.binance.vision/data/futures/um/monthly/klines/BCHUSDT/1m/BCHUSDT-1m-2026-06.zip,https://data.binance.vision/data/futures/um/monthly/klines/BCHUSDT/1m/BCHUSDT-1m-2026-06.zip.CHECKSUM,AVAILABLE,200,,d33ccbb6b5e59bbea7776ca6f48196aa7d5aebf001bfaf70af328e4042fb8083,1,,2026-08-23T13:02:44.383139+00:00
312,BCHUSDT,1m,2026-07,kline:BCHUSDT:1m:2026-07,https://data.binance.vision/data/futures/um/monthly/klines/BCHUSDT/1m/BCHUSDT-1m-2026-07.zip,https://data.binance.vision/data/futures/um/monthly/klines/BCHUSDT/1m/BCHUSDT-1m-2026-07.zip.CHECKSUM,AVAILABLE,200,,5482812fa34f3a13854fa5ac386a03567a19f2e1699873dd6bc10c9ae0108735,1,,2026-08-23T13:02:44.056415+00:00
313,LINKUSDT,1d,2026-04,kline:LINKUSDT:1d:2026-04,https://data.binance.vision/data/futures/um/monthly/klines/LINKUSDT/1d/LINKUSDT-1d-2026-04.zip,https://data.binance.vision/data/futures/um/monthly/klines/LINKUSDT/1d/LINKUSDT-1d-2026-04.zip.CHECKSUM,AVAILABLE,200,,441e93371b0bb0f60fc2000ab4ce2ad740f67c71f4236712c30ea98153583bef,1,,2026-08-23T13:02:44.059987+00:00
314,LINKUSDT,1d,2026-05,kline:LINKUSDT:1d:2026-05,https://data.binance.vision/data/futures/um/monthly/klines/LINKUSDT/1d/LINKUSDT-1d-2026-05.zip,https://data.binance.vision/data/futures/um/monthly/klines/LINKUSDT/1d/LINKUSDT-1d-2026-05.zip.CHECKSUM,AVAILABLE,200,,97fae35df7deb300e518f3a16958ad0b9d45d7d40034932f63c51410ffb7e029,1,,2026-08-23T13:02:44.048421+00:00
315,LINKUSDT,1d,2026-06,kline:LINKUSDT:1d:2026-06,https://data.binance.vision/data/futures/um/monthly/klines/LINKUSDT/1d/LINKUSDT-1d-2026-06.zip,https://data.binance.vision/data/futures/um/monthly/klines/LINKUSDT/1d/LINKUSDT-1d-2026-06.zip.CHECKSUM,AVAILABLE,200,,747cc0ab39590de031c91414b957c0f22488145ef841dee3cc45b2855ec32db3,1,,2026-08-23T13:02:44.061081+00:00
316,LINKUSDT,1d,2026-07,kline:LINKUSDT:1d:2026-07,https://data.binance.vision/data/futures/um/monthly/klines/LINKUSDT/1d/LINKUSDT-1d-2026-07.zip,https://data.binance.vision/data/futures/um/monthly/klines/LINKUSDT/1d/LINKUSDT-1d-2026-07.zip.CHECKSUM,AVAILABLE,200,,21d4c7982baf7bbd99e69d7c1ace32f3269f0eb58e0fa7f15172069c84dc6c06,1,,2026-08-23T13:02:44.391891+00:00
317,LINKUSDT,4h,2026-04,kline:LINKUSDT:4h:2026-04,https://data.binance.vision/data/futures/um/monthly/klines/LINKUSDT/4h/LINKUSDT-4h-2026-04.zip,https://data.binance.vision/data/futures/um/monthly/klines/LINKUSDT/4h/LINKUSDT-4h-2026-04.zip.CHECKSUM,AVAILABLE,200,,e96e6725173b6a64c124075ec7ee5ece11e4061ff9c129846647b000ac371a99,1,,2026-08-23T13:02:44.078435+00:00
318,LINKUSDT,4h,2026-05,kline:LINKUSDT:4h:2026-05,https://data.binance.vision/data/futures/um/monthly/klines/LINKUSDT/4h/LINKUSDT-4h-2026-05.zip,https://data.binance.vision/data/futures/um/monthly/klines/LINKUSDT/4h/LINKUSDT-4h-2026-05.zip.CHECKSUM,AVAILABLE,200,,2f2dbb21027f8893de0b7ea76dee089c8517d11ebdf379464c757751aa577520,1,,2026-08-23T13:02:44.412464+00:00
319,LINKUSDT,4h,2026-06,kline:LINKUSDT:4h:2026-06,https://data.binance.vision/data/futures/um/monthly/klines/LINKUSDT/4h/LINKUSDT-4h-2026-06.zip,https://data.binance.vision/data/futures/um/monthly/klines/LINKUSDT/4h/LINKUSDT-4h-2026-06.zip.CHECKSUM,AVAILABLE,200,,e2143eb0a231bf48be0e43ca61d1a00a76d02e268afa9a7b2f28e3b9cfafaf16,1,,2026-08-23T13:02:44.056141+00:00
320,LINKUSDT,4h,2026-07,kline:LINKUSDT:4h:2026-07,https://data.binance.vision/data/futures/um/monthly/klines/LINKUSDT/4h/LINKUSDT-4h-2026-07.zip,https://data.binance.vision/data/futures/um/monthly/klines/LINKUSDT/4h/LINKUSDT-4h-2026-07.zip.CHECKSUM,AVAILABLE,200,,84aee33900f02d9e4946192902b06b15f378300562c23c764d822164eae0ddcb,1,,2026-08-23T13:02:44.069557+00:00
321,LINKUSDT,1h,2026-04,kline:LINKUSDT:1h:2026-04,https://data.binance.vision/data/futures/um/monthly/klines/LINKUSDT/1h/LINKUSDT-1h-2026-04.zip,https://data.binance.vision/data/futures/um/monthly/klines/LINKUSDT/1h/LINKUSDT-1h-2026-04.zip.CHECKSUM,AVAILABLE,200,,10c78e9a5dd554125dad89aeb5066a89b42d2895a107921450d5b25e2f5a53a9,1,,2026-08-23T13:02:44.060872+00:00
322,LINKUSDT,1h,2026-05,kline:LINKUSDT:1h:2026-05,https://data.binance.vision/data/futures/um/monthly/klines/LINKUSDT/1h/LINKUSDT-1h-2026-05.zip,https://data.binance.vision/data/futures/um/monthly/klines/LINKUSDT/1h/LINKUSDT-1h-2026-05.zip.CHECKSUM,AVAILABLE,200,,fece4fba9d49887f6e87063cc24b5ee7bf5aab2d19b347e21b8588323c72e2a5,1,,2026-08-23T13:02:44.064238+00:00
323,LINKUSDT,1h,2026-06,kline:LINKUSDT:1h:2026-06,https://data.binance.vision/data/futures/um/monthly/klines/LINKUSDT/1h/LINKUSDT-1h-2026-06.zip,https://data.binance.vision/data/futures/um/monthly/klines/LINKUSDT/1h/LINKUSDT-1h-2026-06.zip.CHECKSUM,AVAILABLE,200,,1959745f56af66b7c9b6977c213fb828568b766b910d3798ffc3096bf5f00af2,1,,2026-08-23T13:02:44.070541+00:00
324,LINKUSDT,1h,2026-07,kline:LINKUSDT:1h:2026-07,https://data.binance.vision/data/futures/um/monthly/klines/LINKUSDT/1h/LINKUSDT-1h-2026-07.zip,https://data.binance.vision/data/futures/um/monthly/klines/LINKUSDT/1h/LINKUSDT-1h-2026-07.zip.CHECKSUM,AVAILABLE,200,,627adcc5610e00deae964e78a60486c273eeb1d821b6124e31f919369925f71e,1,,2026-08-23T13:02:44.122302+00:00
325,LINKUSDT,15m,2026-04,kline:LINKUSDT:15m:2026-04,https://data.binance.vision/data/futures/um/monthly/klines/LINKUSDT/15m/LINKUSDT-15m-2026-04.zip,https://data.binance.vision/data/futures/um/monthly/klines/LINKUSDT/15m/LINKUSDT-15m-2026-04.zip.CHECKSUM,AVAILABLE,200,,44b8b12daded7f5043d1e80b231cb72a9ba8aa70bba31868431bd185bb96e548,1,,2026-08-23T13:02:44.138676+00:00
326,LINKUSDT,15m,2026-05,kline:LINKUSDT:15m:2026-05,https://data.binance.vision/data/futures/um/monthly/klines/LINKUSDT/15m/LINKUSDT-15m-2026-05.zip,https://data.binance.vision/data/futures/um/monthly/klines/LINKUSDT/15m/LINKUSDT-15m-2026-05.zip.CHECKSUM,AVAILABLE,200,,df7a61d8f9da81f1199b137abe1ac2cf7c4e0da9efdcf6de5aaaeeeb681f1292,1,,2026-08-23T13:02:44.144330+00:00
327,LINKUSDT,15m,2026-06,kline:LINKUSDT:15m:2026-06,https://data.binance.vision/data/futures/um/monthly/klines/LINKUSDT/15m/LINKUSDT-15m-2026-06.zip,https://data.binance.vision/data/futures/um/monthly/klines/LINKUSDT/15m/LINKUSDT-15m-2026-06.zip.CHECKSUM,AVAILABLE,200,,1a94d8937b50ee99c4e3470e4f0cc05fa72c4a749ac7329e67436b5e6215b416,1,,2026-08-23T13:02:44.179723+00:00
328,LINKUSDT,15m,2026-07,kline:LINKUSDT:15m:2026-07,https://data.binance.vision/data/futures/um/monthly/klines/LINKUSDT/15m/LINKUSDT-15m-2026-07.zip,https://data.binance.vision/data/futures/um/monthly/klines/LINKUSDT/15m/LINKUSDT-15m-2026-07.zip.CHECKSUM,AVAILABLE,200,,a4c084e581aef23882de3bc9dc6cea4199b073ad976732774ef26f558afd0777,1,,2026-08-23T13:02:44.188169+00:00
329,LINKUSDT,5m,2026-04,kline:LINKUSDT:5m:2026-04,https://data.binance.vision/data/futures/um/monthly/klines/LINKUSDT/5m/LINKUSDT-5m-2026-04.zip,https://data.binance.vision/data/futures/um/monthly/klines/LINKUSDT/5m/LINKUSDT-5m-2026-04.zip.CHECKSUM,AVAILABLE,200,,e79ad0ec274df0de7d32f9861ad43cfed97e8af049c4623b9a5992d5ff5a9f5f,1,,2026-08-23T13:02:44.240842+00:00
330,LINKUSDT,5m,2026-05,kline:LINKUSDT:5m:2026-05,https://data.binance.vision/data/futures/um/monthly/klines/LINKUSDT/5m/LINKUSDT-5m-2026-05.zip,https://data.binance.vision/data/futures/um/monthly/klines/LINKUSDT/5m/LINKUSDT-5m-2026-05.zip.CHECKSUM,AVAILABLE,200,,c0e69b6238a7e4a7a57589585902a44a71a3aa362256c39460875a0d4e7e42cb,1,,2026-08-23T13:02:44.628937+00:00
331,LINKUSDT,5m,2026-06,kline:LINKUSDT:5m:2026-06,https://data.binance.vision/data/futures/um/monthly/klines/LINKUSDT/5m/LINKUSDT-5m-2026-06.zip,https://data.binance.vision/data/futures/um/monthly/klines/LINKUSDT/5m/LINKUSDT-5m-2026-06.zip.CHECKSUM,AVAILABLE,200,,540c00109a81ea0e018ff110e7f75c619e5801d8c8cf8110f266ae493b2a9bec,1,,2026-08-23T13:02:44.486065+00:00
332,LINKUSDT,5m,2026-07,kline:LINKUSDT:5m:2026-07,https://data.binance.vision/data/futures/um/monthly/klines/LINKUSDT/5m/LINKUSDT-5m-2026-07.zip,https://data.binance.vision/data/futures/um/monthly/klines/LINKUSDT/5m/LINKUSDT-5m-2026-07.zip.CHECKSUM,AVAILABLE,200,,ccf58557db3264763552fc4dfffe83e9de687ab3cbeb8d3442b1872adf24dabc,1,,2026-08-23T13:02:44.246009+00:00
333,LINKUSDT,1m,2026-04,kline:LINKUSDT:1m:2026-04,https://data.binance.vision/data/futures/um/monthly/klines/LINKUSDT/1m/LINKUSDT-1m-2026-04.zip,https://data.binance.vision/data/futures/um/monthly/klines/LINKUSDT/1m/LINKUSDT-1m-2026-04.zip.CHECKSUM,AVAILABLE,200,,2b110cc1ce0b88a55b4b45411bd28744a9b262112f5cf33fd1f6840ac40c92fc,1,,2026-08-23T13:02:44.250902+00:00
334,LINKUSDT,1m,2026-05,kline:LINKUSDT:1m:2026-05,https://data.binance.vision/data/futures/um/monthly/klines/LINKUSDT/1m/LINKUSDT-1m-2026-05.zip,https://data.binance.vision/data/futures/um/monthly/klines/LINKUSDT/1m/LINKUSDT-1m-2026-05.zip.CHECKSUM,AVAILABLE,200,,99ab01ac27a28b678fa6a75d2ba91db9bd0dad95e64823a67fe1d62b69d43c8b,1,,2026-08-23T13:02:44.253743+00:00
335,LINKUSDT,1m,2026-06,kline:LINKUSDT:1m:2026-06,https://data.binance.vision/data/futures/um/monthly/klines/LINKUSDT/1m/LINKUSDT-1m-2026-06.zip,https://data.binance.vision/data/futures/um/monthly/klines/LINKUSDT/1m/LINKUSDT-1m-2026-06.zip.CHECKSUM,AVAILABLE,200,,3baf697f30a004763eb63709e6f9fabed4ad0343552719b2dc41f0fef172451e,1,,2026-08-23T13:02:44.265705+00:00
336,LINKUSDT,1m,2026-07,kline:LINKUSDT:1m:2026-07,https://data.binance.vision/data/futures/um/monthly/klines/LINKUSDT/1m/LINKUSDT-1m-2026-07.zip,https://data.binance.vision/data/futures/um/monthly/klines/LINKUSDT/1m/LINKUSDT-1m-2026-07.zip.CHECKSUM,AVAILABLE,200,,cd9c05d5b0e45a0a35e9003189f29023415c970fee7c92698bb86783ec094eb7,1,,2026-08-23T13:02:44.263167+00:00
337,ADAUSDT,1d,2026-04,kline:ADAUSDT:1d:2026-04,https://data.binance.vision/data/futures/um/monthly/klines/ADAUSDT/1d/ADAUSDT-1d-2026-04.zip,https://data.binance.vision/data/futures/um/monthly/klines/ADAUSDT/1d/ADAUSDT-1d-2026-04.zip.CHECKSUM,AVAILABLE,200,,e983fe84be8964ca1c4fe9f2f314ba945283128477d91e09e648793f576ebc95,1,,2026-08-23T13:02:44.260980+00:00
338,ADAUSDT,1d,2026-05,kline:ADAUSDT:1d:2026-05,https://data.binance.vision/data/futures/um/monthly/klines/ADAUSDT/1d/ADAUSDT-1d-2026-05.zip,https://data.binance.vision/data/futures/um/monthly/klines/ADAUSDT/1d/ADAUSDT-1d-2026-05.zip.CHECKSUM,AVAILABLE,200,,0dc26feac490ecca1c9cdbcf918ebfa67e71f8134fad0a5312bf1b08b8433d65,1,,2026-08-23T13:02:44.260543+00:00
339,ADAUSDT,1d,2026-06,kline:ADAUSDT:1d:2026-06,https://data.binance.vision/data/futures/um/monthly/klines/ADAUSDT/1d/ADAUSDT-1d-2026-06.zip,https://data.binance.vision/data/futures/um/monthly/klines/ADAUSDT/1d/ADAUSDT-1d-2026-06.zip.CHECKSUM,AVAILABLE,200,,303436f2ef6845e1a48e0fbed59dd384684340c3f37422f90b14fa630250842d,1,,2026-08-23T13:02:44.267550+00:00
340,ADAUSDT,1d,2026-07,kline:ADAUSDT:1d:2026-07,https://data.binance.vision/data/futures/um/monthly/klines/ADAUSDT/1d/ADAUSDT-1d-2026-07.zip,https://data.binance.vision/data/futures/um/monthly/klines/ADAUSDT/1d/ADAUSDT-1d-2026-07.zip.CHECKSUM,AVAILABLE,200,,a6ef82cab6e003851ff5e26615cb3eea12b1d7dee5978e5703c2b450295c90ac,1,,2026-08-23T13:02:44.360304+00:00
341,ADAUSDT,4h,2026-04,kline:ADAUSDT:4h:2026-04,https://data.binance.vision/data/futures/um/monthly/klines/ADAUSDT/4h/ADAUSDT-4h-2026-04.zip,https://data.binance.vision/data/futures/um/monthly/klines/ADAUSDT/4h/ADAUSDT-4h-2026-04.zip.CHECKSUM,AVAILABLE,200,,bb6177e064240c427664bd7ad66b09980c03d9d807d2347e2b385f67189f0f1b,1,,2026-08-23T13:02:44.262178+00:00
342,ADAUSDT,4h,2026-05,kline:ADAUSDT:4h:2026-05,https://data.binance.vision/data/futures/um/monthly/klines/ADAUSDT/4h/ADAUSDT-4h-2026-05.zip,https://data.binance.vision/data/futures/um/monthly/klines/ADAUSDT/4h/ADAUSDT-4h-2026-05.zip.CHECKSUM,AVAILABLE,200,,2b7eab6ca68d757bb5aee25dba5ef4ef2ed1209f535b5b5e8fd272e359fb5e0e,1,,2026-08-23T13:02:44.269231+00:00
343,ADAUSDT,4h,2026-06,kline:ADAUSDT:4h:2026-06,https://data.binance.vision/data/futures/um/monthly/klines/ADAUSDT/4h/ADAUSDT-4h-2026-06.zip,https://data.binance.vision/data/futures/um/monthly/klines/ADAUSDT/4h/ADAUSDT-4h-2026-06.zip.CHECKSUM,AVAILABLE,200,,27fc57c59615e3128e1088a3dcfe7d4d2f9ae623373323a140a66ce61f98aa06,1,,2026-08-23T13:02:44.267063+00:00
344,ADAUSDT,4h,2026-07,kline:ADAUSDT:4h:2026-07,https://data.binance.vision/data/futures/um/monthly/klines/ADAUSDT/4h/ADAUSDT-4h-2026-07.zip,https://data.binance.vision/data/futures/um/monthly/klines/ADAUSDT/4h/ADAUSDT-4h-2026-07.zip.CHECKSUM,AVAILABLE,200,,b2d2b6c8c42f46f23ae40157fb7c945482a307bf3d20e77249fbb1d741beb6bd,1,,2026-08-23T13:02:44.271974+00:00
345,ADAUSDT,1h,2026-04,kline:ADAUSDT:1h:2026-04,https://data.binance.vision/data/futures/um/monthly/klines/ADAUSDT/1h/ADAUSDT-1h-2026-04.zip,https://data.binance.vision/data/futures/um/monthly/klines/ADAUSDT/1h/ADAUSDT-1h-2026-04.zip.CHECKSUM,AVAILABLE,200,,50f5e57f0a20a83bb49e485afd0bb6725a01ad4bd16e179dc9028ad4ea9ff7de,1,,2026-08-23T13:02:44.282811+00:00
346,ADAUSDT,1h,2026-05,kline:ADAUSDT:1h:2026-05,https://data.binance.vision/data/futures/um/monthly/klines/ADAUSDT/1h/ADAUSDT-1h-2026-05.zip,https://data.binance.vision/data/futures/um/monthly/klines/ADAUSDT/1h/ADAUSDT-1h-2026-05.zip.CHECKSUM,AVAILABLE,200,,946ae68bd3e3e97eaa5a94998b67130aab3bed1c9bcde0444280d6e22c1ad12e,1,,2026-08-23T13:02:44.319134+00:00
347,ADAUSDT,1h,2026-06,kline:ADAUSDT:1h:2026-06,https://data.binance.vision/data/futures/um/monthly/klines/ADAUSDT/1h/ADAUSDT-1h-2026-06.zip,https://data.binance.vision/data/futures/um/monthly/klines/ADAUSDT/1h/ADAUSDT-1h-2026-06.zip.CHECKSUM,AVAILABLE,200,,d09ab1f1574e388622ac742fae2988e3e0ff7041cf1b1a40835a4e4fa3a76209,1,,2026-08-23T13:02:44.347556+00:00
348,ADAUSDT,1h,2026-07,kline:ADAUSDT:1h:2026-07,https://data.binance.vision/data/futures/um/monthly/klines/ADAUSDT/1h/ADAUSDT-1h-2026-07.zip,https://data.binance.vision/data/futures/um/monthly/klines/ADAUSDT/1h/ADAUSDT-1h-2026-07.zip.CHECKSUM,AVAILABLE,200,,00ed276f06a95b516d80deabf294d9bcb0dc646878454ac70e7840e684b8ffc4,1,,2026-08-23T13:02:44.967292+00:00
349,ADAUSDT,15m,2026-04,kline:ADAUSDT:15m:2026-04,https://data.binance.vision/data/futures/um/monthly/klines/ADAUSDT/15m/ADAUSDT-15m-2026-04.zip,https://data.binance.vision/data/futures/um/monthly/klines/ADAUSDT/15m/ADAUSDT-15m-2026-04.zip.CHECKSUM,AVAILABLE,200,,d74a17eab0978ba38ec58b9e93e4d65e84a278846d03eecf5aab5d6d61567662,1,,2026-08-23T13:02:44.691569+00:00
350,ADAUSDT,15m,2026-05,kline:ADAUSDT:15m:2026-05,https://data.binance.vision/data/futures/um/monthly/klines/ADAUSDT/15m/ADAUSDT-15m-2026-05.zip,https://data.binance.vision/data/futures/um/monthly/klines/ADAUSDT/15m/ADAUSDT-15m-2026-05.zip.CHECKSUM,AVAILABLE,200,,0dfeae1c6724e4e47be6e416c8cde62b540a04ffc1d714e63db985ba74286b45,1,,2026-08-23T13:02:44.701519+00:00
351,ADAUSDT,15m,2026-06,kline:ADAUSDT:15m:2026-06,https://data.binance.vision/data/futures/um/monthly/klines/ADAUSDT/15m/ADAUSDT-15m-2026-06.zip,https://data.binance.vision/data/futures/um/monthly/klines/ADAUSDT/15m/ADAUSDT-15m-2026-06.zip.CHECKSUM,AVAILABLE,200,,0db0352f1a944b0fbad75681da47a1ca90a4ac425867a6aaf99e84a80e1a353f,1,,2026-08-23T13:02:44.692440+00:00
352,ADAUSDT,15m,2026-07,kline:ADAUSDT:15m:2026-07,https://data.binance.vision/data/futures/um/monthly/klines/ADAUSDT/15m/ADAUSDT-15m-2026-07.zip,https://data.binance.vision/data/futures/um/monthly/klines/ADAUSDT/15m/ADAUSDT-15m-2026-07.zip.CHECKSUM,AVAILABLE,200,,fd45a894cef9f8d2c3108e93f66eebd239d8a019131eee78200359bbe00f3380,1,,2026-08-23T13:02:44.697471+00:00
353,ADAUSDT,5m,2026-04,kline:ADAUSDT:5m:2026-04,https://data.binance.vision/data/futures/um/monthly/klines/ADAUSDT/5m/ADAUSDT-5m-2026-04.zip,https://data.binance.vision/data/futures/um/monthly/klines/ADAUSDT/5m/ADAUSDT-5m-2026-04.zip.CHECKSUM,AVAILABLE,200,,e739541a963f13e003fe2c9098acef4119ba2091280fbb41f6e317375ee7951d,1,,2026-08-23T13:02:44.694240+00:00
354,ADAUSDT,5m,2026-05,kline:ADAUSDT:5m:2026-05,https://data.binance.vision/data/futures/um/monthly/klines/ADAUSDT/5m/ADAUSDT-5m-2026-05.zip,https://data.binance.vision/data/futures/um/monthly/klines/ADAUSDT/5m/ADAUSDT-5m-2026-05.zip.CHECKSUM,AVAILABLE,200,,378f346ca602ae53e91db5a1ce41c5c2cdb4a81bd479f505590c4b81f0d1fea0,1,,2026-08-23T13:02:44.693931+00:00
355,ADAUSDT,5m,2026-06,kline:ADAUSDT:5m:2026-06,https://data.binance.vision/data/futures/um/monthly/klines/ADAUSDT/5m/ADAUSDT-5m-2026-06.zip,https://data.binance.vision/data/futures/um/monthly/klines/ADAUSDT/5m/ADAUSDT-5m-2026-06.zip.CHECKSUM,AVAILABLE,200,,c370a5d395b54b122f72dcc1baa4893fdac124bee3888f736568cc4cd62ecb08,1,,2026-08-23T13:02:44.699977+00:00
356,ADAUSDT,5m,2026-07,kline:ADAUSDT:5m:2026-07,https://data.binance.vision/data/futures/um/monthly/klines/ADAUSDT/5m/ADAUSDT-5m-2026-07.zip,https://data.binance.vision/data/futures/um/monthly/klines/ADAUSDT/5m/ADAUSDT-5m-2026-07.zip.CHECKSUM,AVAILABLE,200,,ec1f3e17e4de39c4c9f728471e512b364ae46576460c5d6ed327a52613c25273,1,,2026-08-23T13:02:44.687411+00:00
357,ADAUSDT,1m,2026-04,kline:ADAUSDT:1m:2026-04,https://data.binance.vision/data/futures/um/monthly/klines/ADAUSDT/1m/ADAUSDT-1m-2026-04.zip,https://data.binance.vision/data/futures/um/monthly/klines/ADAUSDT/1m/ADAUSDT-1m-2026-04.zip.CHECKSUM,AVAILABLE,200,,fb7d637f6544dc642d325d017c1a9247d62046b5c3b0e8275a04031b29d5b0a7,1,,2026-08-23T13:02:44.688166+00:00
358,ADAUSDT,1m,2026-05,kline:ADAUSDT:1m:2026-05,https://data.binance.vision/data/futures/um/monthly/klines/ADAUSDT/1m/ADAUSDT-1m-2026-05.zip,https://data.binance.vision/data/futures/um/monthly/klines/ADAUSDT/1m/ADAUSDT-1m-2026-05.zip.CHECKSUM,AVAILABLE,200,,c57b6888032fa70f474b601ea0e58dd619037853af65240ba1d56f45afc563c1,1,,2026-08-23T13:02:44.696448+00:00
359,ADAUSDT,1m,2026-06,kline:ADAUSDT:1m:2026-06,https://data.binance.vision/data/futures/um/monthly/klines/ADAUSDT/1m/ADAUSDT-1m-2026-06.zip,https://data.binance.vision/data/futures/um/monthly/klines/ADAUSDT/1m/ADAUSDT-1m-2026-06.zip.CHECKSUM,AVAILABLE,200,,1d8406368d6cd42f717ce98d2ef138e55144b6ce84f56973cb5628fbc93b026b,1,,2026-08-23T13:02:44.703687+00:00
360,ADAUSDT,1m,2026-07,kline:ADAUSDT:1m:2026-07,https://data.binance.vision/data/futures/um/monthly/klines/ADAUSDT/1m/ADAUSDT-1m-2026-07.zip,https://data.binance.vision/data/futures/um/monthly/klines/ADAUSDT/1m/ADAUSDT-1m-2026-07.zip.CHECKSUM,AVAILABLE,200,,f14086dffdaa52559c6ca84df70f6442ef1ccf7a0fc3806104fd8d9f546aeaf8,1,,2026-08-23T13:02:44.693473+00:00
361,PUMPUSDT,1d,2026-04,kline:PUMPUSDT:1d:2026-04,https://data.binance.vision/data/futures/um/monthly/klines/PUMPUSDT/1d/PUMPUSDT-1d-2026-04.zip,https://data.binance.vision/data/futures/um/monthly/klines/PUMPUSDT/1d/PUMPUSDT-1d-2026-04.zip.CHECKSUM,AVAILABLE,200,,b383429271536cba736751346150204a2232ad8262188937d8e2bd5f9c411bf1,1,,2026-08-23T13:02:44.689995+00:00
362,PUMPUSDT,1d,2026-05,kline:PUMPUSDT:1d:2026-05,https://data.binance.vision/data/futures/um/monthly/klines/PUMPUSDT/1d/PUMPUSDT-1d-2026-05.zip,https://data.binance.vision/data/futures/um/monthly/klines/PUMPUSDT/1d/PUMPUSDT-1d-2026-05.zip.CHECKSUM,AVAILABLE,200,,90f39715fe8dcd045526c1d7abcbd2721112033499e2987acc581dc22df23712,1,,2026-08-23T13:02:44.690873+00:00
363,PUMPUSDT,1d,2026-06,kline:PUMPUSDT:1d:2026-06,https://data.binance.vision/data/futures/um/monthly/klines/PUMPUSDT/1d/PUMPUSDT-1d-2026-06.zip,https://data.binance.vision/data/futures/um/monthly/klines/PUMPUSDT/1d/PUMPUSDT-1d-2026-06.zip.CHECKSUM,AVAILABLE,200,,c58d158da7e61ac4e8dc95f0e04486abca87eeb079a9af4be0536b9fbfdf0d29,1,,2026-08-23T13:02:44.876575+00:00
364,PUMPUSDT,1d,2026-07,kline:PUMPUSDT:1d:2026-07,https://data.binance.vision/data/futures/um/monthly/klines/PUMPUSDT/1d/PUMPUSDT-1d-2026-07.zip,https://data.binance.vision/data/futures/um/monthly/klines/PUMPUSDT/1d/PUMPUSDT-1d-2026-07.zip.CHECKSUM,AVAILABLE,200,,a9fd1be62fbf95cd88b7dabf206ed6ecc817ec64ffcb56dc5a650ae96e743234,1,,2026-08-23T13:02:44.706651+00:00
365,PUMPUSDT,4h,2026-04,kline:PUMPUSDT:4h:2026-04,https://data.binance.vision/data/futures/um/monthly/klines/PUMPUSDT/4h/PUMPUSDT-4h-2026-04.zip,https://data.binance.vision/data/futures/um/monthly/klines/PUMPUSDT/4h/PUMPUSDT-4h-2026-04.zip.CHECKSUM,AVAILABLE,200,,215ccee22073f2b6f338d1624ec0b3e73881cbc82320e67f59a92de27d7cdad4,1,,2026-08-23T13:02:44.693065+00:00
366,PUMPUSDT,4h,2026-05,kline:PUMPUSDT:4h:2026-05,https://data.binance.vision/data/futures/um/monthly/klines/PUMPUSDT/4h/PUMPUSDT-4h-2026-05.zip,https://data.binance.vision/data/futures/um/monthly/klines/PUMPUSDT/4h/PUMPUSDT-4h-2026-05.zip.CHECKSUM,AVAILABLE,200,,9bf360582bdedb9daed29233d4f65faa39f0743e19cff099779494cb47109412,1,,2026-08-23T13:02:44.694665+00:00
367,PUMPUSDT,4h,2026-06,kline:PUMPUSDT:4h:2026-06,https://data.binance.vision/data/futures/um/monthly/klines/PUMPUSDT/4h/PUMPUSDT-4h-2026-06.zip,https://data.binance.vision/data/futures/um/monthly/klines/PUMPUSDT/4h/PUMPUSDT-4h-2026-06.zip.CHECKSUM,AVAILABLE,200,,cba4eb928ab1c29becabf7b0f94779e435894df148021ceb7fc9e695febe3be0,1,,2026-08-23T13:02:45.037230+00:00
368,PUMPUSDT,4h,2026-07,kline:PUMPUSDT:4h:2026-07,https://data.binance.vision/data/futures/um/monthly/klines/PUMPUSDT/4h/PUMPUSDT-4h-2026-07.zip,https://data.binance.vision/data/futures/um/monthly/klines/PUMPUSDT/4h/PUMPUSDT-4h-2026-07.zip.CHECKSUM,AVAILABLE,200,,6c2e209262b76fe4f30bf28ef18d90a14d162b883cbe05d1c63f3da251d7119a,1,,2026-08-23T13:02:44.699455+00:00
369,PUMPUSDT,1h,2026-04,kline:PUMPUSDT:1h:2026-04,https://data.binance.vision/data/futures/um/monthly/klines/PUMPUSDT/1h/PUMPUSDT-1h-2026-04.zip,https://data.binance.vision/data/futures/um/monthly/klines/PUMPUSDT/1h/PUMPUSDT-1h-2026-04.zip.CHECKSUM,AVAILABLE,200,,634d22b198b01216da7d198e44e85c69b77015eff317181ae6d945de6a7b71ba,1,,2026-08-23T13:02:44.695778+00:00
370,PUMPUSDT,1h,2026-05,kline:PUMPUSDT:1h:2026-05,https://data.binance.vision/data/futures/um/monthly/klines/PUMPUSDT/1h/PUMPUSDT-1h-2026-05.zip,https://data.binance.vision/data/futures/um/monthly/klines/PUMPUSDT/1h/PUMPUSDT-1h-2026-05.zip.CHECKSUM,AVAILABLE,200,,9a2a7f2b892fe26cefe5844850f39a67e7b890cfafae94ae4d2171030daf0010,1,,2026-08-23T13:02:44.708948+00:00
371,PUMPUSDT,1h,2026-06,kline:PUMPUSDT:1h:2026-06,https://data.binance.vision/data/futures/um/monthly/klines/PUMPUSDT/1h/PUMPUSDT-1h-2026-06.zip,https://data.binance.vision/data/futures/um/monthly/klines/PUMPUSDT/1h/PUMPUSDT-1h-2026-06.zip.CHECKSUM,AVAILABLE,200,,caf00a71c7b59d9e72b5f55a49644c623e4d5a63cd6a5fad815dc0cd3bcb7018,1,,2026-08-23T13:02:44.706080+00:00
372,PUMPUSDT,1h,2026-07,kline:PUMPUSDT:1h:2026-07,https://data.binance.vision/data/futures/um/monthly/klines/PUMPUSDT/1h/PUMPUSDT-1h-2026-07.zip,https://data.binance.vision/data/futures/um/monthly/klines/PUMPUSDT/1h/PUMPUSDT-1h-2026-07.zip.CHECKSUM,AVAILABLE,200,,16d401c11f31bfb1834922ae75be42d186097a5fbabddac36c175e93c01c0be0,1,,2026-08-23T13:02:44.690672+00:00
373,PUMPUSDT,15m,2026-04,kline:PUMPUSDT:15m:2026-04,https://data.binance.vision/data/futures/um/monthly/klines/PUMPUSDT/15m/PUMPUSDT-15m-2026-04.zip,https://data.binance.vision/data/futures/um/monthly/klines/PUMPUSDT/15m/PUMPUSDT-15m-2026-04.zip.CHECKSUM,AVAILABLE,200,,5544f10e2e918183a698b60abdbec9526e79817fa8746130ea6fc771fff989c7,1,,2026-08-23T13:02:44.700959+00:00
374,PUMPUSDT,15m,2026-05,kline:PUMPUSDT:15m:2026-05,https://data.binance.vision/data/futures/um/monthly/klines/PUMPUSDT/15m/PUMPUSDT-15m-2026-05.zip,https://data.binance.vision/data/futures/um/monthly/klines/PUMPUSDT/15m/PUMPUSDT-15m-2026-05.zip.CHECKSUM,AVAILABLE,200,,7e5cf015e70f882290e0d1c6e73e3a00f2452670ddb2dcb78846346ed9833f79,1,,2026-08-23T13:02:45.033549+00:00
375,PUMPUSDT,15m,2026-06,kline:PUMPUSDT:15m:2026-06,https://data.binance.vision/data/futures/um/monthly/klines/PUMPUSDT/15m/PUMPUSDT-15m-2026-06.zip,https://data.binance.vision/data/futures/um/monthly/klines/PUMPUSDT/15m/PUMPUSDT-15m-2026-06.zip.CHECKSUM,AVAILABLE,200,,93bf1b36d551e7a2a1932e593e0a8043b9be3cfa05afe23b26fa9611ddbe3182,1,,2026-08-23T13:02:44.702492+00:00
376,PUMPUSDT,15m,2026-07,kline:PUMPUSDT:15m:2026-07,https://data.binance.vision/data/futures/um/monthly/klines/PUMPUSDT/15m/PUMPUSDT-15m-2026-07.zip,https://data.binance.vision/data/futures/um/monthly/klines/PUMPUSDT/15m/PUMPUSDT-15m-2026-07.zip.CHECKSUM,AVAILABLE,200,,d156bddcdd6dbc24f8f3936433723d233ad9d47ce3fbc7e8c7f424a280c1d372,1,,2026-08-23T13:02:44.681461+00:00
377,PUMPUSDT,5m,2026-04,kline:PUMPUSDT:5m:2026-04,https://data.binance.vision/data/futures/um/monthly/klines/PUMPUSDT/5m/PUMPUSDT-5m-2026-04.zip,https://data.binance.vision/data/futures/um/monthly/klines/PUMPUSDT/5m/PUMPUSDT-5m-2026-04.zip.CHECKSUM,AVAILABLE,200,,b3c3da0f72ec95913c2577ee153b072bc95b9134414c7b0d4f928b1dbd1f6fa7,1,,2026-08-23T13:02:44.698165+00:00
378,PUMPUSDT,5m,2026-05,kline:PUMPUSDT:5m:2026-05,https://data.binance.vision/data/futures/um/monthly/klines/PUMPUSDT/5m/PUMPUSDT-5m-2026-05.zip,https://data.binance.vision/data/futures/um/monthly/klines/PUMPUSDT/5m/PUMPUSDT-5m-2026-05.zip.CHECKSUM,AVAILABLE,200,,f1b61d4f23b15a995dd873452a1f21dac94d7cf17bbeb977451ab2dbd8a10b4c,1,,2026-08-23T13:02:44.707294+00:00
379,PUMPUSDT,5m,2026-06,kline:PUMPUSDT:5m:2026-06,https://data.binance.vision/data/futures/um/monthly/klines/PUMPUSDT/5m/PUMPUSDT-5m-2026-06.zip,https://data.binance.vision/data/futures/um/monthly/klines/PUMPUSDT/5m/PUMPUSDT-5m-2026-06.zip.CHECKSUM,AVAILABLE,200,,c203ed6069a1be49cc2dc58b0a80892ac9f0c1bc008712591d228f8320c0a9e3,1,,2026-08-23T13:02:44.838126+00:00
380,PUMPUSDT,5m,2026-07,kline:PUMPUSDT:5m:2026-07,https://data.binance.vision/data/futures/um/monthly/klines/PUMPUSDT/5m/PUMPUSDT-5m-2026-07.zip,https://data.binance.vision/data/futures/um/monthly/klines/PUMPUSDT/5m/PUMPUSDT-5m-2026-07.zip.CHECKSUM,AVAILABLE,200,,fa922a223c18eec5a29e8272f1f56f74c86e392bdc6b18052a6e5b050efc2f93,1,,2026-08-23T13:02:44.887738+00:00
381,PUMPUSDT,1m,2026-04,kline:PUMPUSDT:1m:2026-04,https://data.binance.vision/data/futures/um/monthly/klines/PUMPUSDT/1m/PUMPUSDT-1m-2026-04.zip,https://data.binance.vision/data/futures/um/monthly/klines/PUMPUSDT/1m/PUMPUSDT-1m-2026-04.zip.CHECKSUM,AVAILABLE,200,,572612731bee0c50996cb05bd5dc2a6d03c05dbb0b8d3b5d41d77f5c72033f4c,1,,2026-08-23T13:02:44.905780+00:00
382,PUMPUSDT,1m,2026-05,kline:PUMPUSDT:1m:2026-05,https://data.binance.vision/data/futures/um/monthly/klines/PUMPUSDT/1m/PUMPUSDT-1m-2026-05.zip,https://data.binance.vision/data/futures/um/monthly/klines/PUMPUSDT/1m/PUMPUSDT-1m-2026-05.zip.CHECKSUM,AVAILABLE,200,,db93380bd29c5a85ef00ed8754cc910064d4c97dd306d23a2878cf385d1589df,1,,2026-08-23T13:02:45.241421+00:00
383,PUMPUSDT,1m,2026-06,kline:PUMPUSDT:1m:2026-06,https://data.binance.vision/data/futures/um/monthly/klines/PUMPUSDT/1m/PUMPUSDT-1m-2026-06.zip,https://data.binance.vision/data/futures/um/monthly/klines/PUMPUSDT/1m/PUMPUSDT-1m-2026-06.zip.CHECKSUM,AVAILABLE,200,,1f5d8068920726f6cd98fdff20987391b837b1ba2e2ff0c468adda949193cab0,1,,2026-08-23T13:02:44.899836+00:00
384,PUMPUSDT,1m,2026-07,kline:PUMPUSDT:1m:2026-07,https://data.binance.vision/data/futures/um/monthly/klines/PUMPUSDT/1m/PUMPUSDT-1m-2026-07.zip,https://data.binance.vision/data/futures/um/monthly/klines/PUMPUSDT/1m/PUMPUSDT-1m-2026-07.zip.CHECKSUM,AVAILABLE,200,,33122c055a2f25142944098a80a022a0f56c9d898dcd1e3481e1ca4ac4263cda,1,,2026-08-23T13:02:45.254487+00:00
385,BOMEUSDT,1d,2026-04,kline:BOMEUSDT:1d:2026-04,https://data.binance.vision/data/futures/um/monthly/klines/BOMEUSDT/1d/BOMEUSDT-1d-2026-04.zip,https://data.binance.vision/data/futures/um/monthly/klines/BOMEUSDT/1d/BOMEUSDT-1d-2026-04.zip.CHECKSUM,AVAILABLE,200,,ed48c9e24ad52977fa6a0d7871aa2a18332495bec098335fdd9862d6e0ba1460,1,,2026-08-23T13:02:44.904170+00:00
386,BOMEUSDT,1d,2026-05,kline:BOMEUSDT:1d:2026-05,https://data.binance.vision/data/futures/um/monthly/klines/BOMEUSDT/1d/BOMEUSDT-1d-2026-05.zip,https://data.binance.vision/data/futures/um/monthly/klines/BOMEUSDT/1d/BOMEUSDT-1d-2026-05.zip.CHECKSUM,AVAILABLE,200,,e3b180a755691566957873be19d4dc6a5b0e64728d076e3e6b3a9327fc9f9146,1,,2026-08-23T13:02:45.249798+00:00
387,BOMEUSDT,1d,2026-06,kline:BOMEUSDT:1d:2026-06,https://data.binance.vision/data/futures/um/monthly/klines/BOMEUSDT/1d/BOMEUSDT-1d-2026-06.zip,https://data.binance.vision/data/futures/um/monthly/klines/BOMEUSDT/1d/BOMEUSDT-1d-2026-06.zip.CHECKSUM,AVAILABLE,200,,2f252d0a31338d15856f5c4f3f080948d273cb4f4e5722fe0d22e74da3e25386,1,,2026-08-23T13:02:44.909458+00:00
388,BOMEUSDT,1d,2026-07,kline:BOMEUSDT:1d:2026-07,https://data.binance.vision/data/futures/um/monthly/klines/BOMEUSDT/1d/BOMEUSDT-1d-2026-07.zip,https://data.binance.vision/data/futures/um/monthly/klines/BOMEUSDT/1d/BOMEUSDT-1d-2026-07.zip.CHECKSUM,AVAILABLE,200,,ac396067e83ed33a005d6a5528fb0f544019fcafd532023f85b63fa560f34f88,1,,2026-08-23T13:02:44.915635+00:00
389,BOMEUSDT,4h,2026-04,kline:BOMEUSDT:4h:2026-04,https://data.binance.vision/data/futures/um/monthly/klines/BOMEUSDT/4h/BOMEUSDT-4h-2026-04.zip,https://data.binance.vision/data/futures/um/monthly/klines/BOMEUSDT/4h/BOMEUSDT-4h-2026-04.zip.CHECKSUM,AVAILABLE,200,,34f1514bdbf195c843f2eb65f1e9cd6d1913ee8c025401052c9fc35e55435b01,1,,2026-08-23T13:02:44.903771+00:00
390,BOMEUSDT,4h,2026-05,kline:BOMEUSDT:4h:2026-05,https://data.binance.vision/data/futures/um/monthly/klines/BOMEUSDT/4h/BOMEUSDT-4h-2026-05.zip,https://data.binance.vision/data/futures/um/monthly/klines/BOMEUSDT/4h/BOMEUSDT-4h-2026-05.zip.CHECKSUM,AVAILABLE,200,,781688acc739a9cd578acb12c40d9f77cbbf648fdcf129e3e239e84687e56323,1,,2026-08-23T13:02:44.908240+00:00
391,BOMEUSDT,4h,2026-06,kline:BOMEUSDT:4h:2026-06,https://data.binance.vision/data/futures/um/monthly/klines/BOMEUSDT/4h/BOMEUSDT-4h-2026-06.zip,https://data.binance.vision/data/futures/um/monthly/klines/BOMEUSDT/4h/BOMEUSDT-4h-2026-06.zip.CHECKSUM,AVAILABLE,200,,699c94053b5b12d9b40e188bfcf9a147abf7274613d25e311403cf18824422f2,1,,2026-08-23T13:02:45.026677+00:00
392,BOMEUSDT,4h,2026-07,kline:BOMEUSDT:4h:2026-07,https://data.binance.vision/data/futures/um/monthly/klines/BOMEUSDT/4h/BOMEUSDT-4h-2026-07.zip,https://data.binance.vision/data/futures/um/monthly/klines/BOMEUSDT/4h/BOMEUSDT-4h-2026-07.zip.CHECKSUM,AVAILABLE,200,,6b0ab82bdc6e3067921403a1bb85dbd56f0a649121bdd15f121fa5c04a5fa267,1,,2026-08-23T13:02:44.901014+00:00
393,BOMEUSDT,1h,2026-04,kline:BOMEUSDT:1h:2026-04,https://data.binance.vision/data/futures/um/monthly/klines/BOMEUSDT/1h/BOMEUSDT-1h-2026-04.zip,https://data.binance.vision/data/futures/um/monthly/klines/BOMEUSDT/1h/BOMEUSDT-1h-2026-04.zip.CHECKSUM,AVAILABLE,200,,466df812843de799b80ff4adda4379b8e187850f5844f0441a42363a8a0ebba0,1,,2026-08-23T13:02:44.916329+00:00
394,BOMEUSDT,1h,2026-05,kline:BOMEUSDT:1h:2026-05,https://data.binance.vision/data/futures/um/monthly/klines/BOMEUSDT/1h/BOMEUSDT-1h-2026-05.zip,https://data.binance.vision/data/futures/um/monthly/klines/BOMEUSDT/1h/BOMEUSDT-1h-2026-05.zip.CHECKSUM,AVAILABLE,200,,b0830b0a5be26a363c1f9981a05f1adfcc595a52e5d821ce1571ad8253eba6a0,1,,2026-08-23T13:02:44.906917+00:00
395,BOMEUSDT,1h,2026-06,kline:BOMEUSDT:1h:2026-06,https://data.binance.vision/data/futures/um/monthly/klines/BOMEUSDT/1h/BOMEUSDT-1h-2026-06.zip,https://data.binance.vision/data/futures/um/monthly/klines/BOMEUSDT/1h/BOMEUSDT-1h-2026-06.zip.CHECKSUM,AVAILABLE,200,,e389f8f99fed6d689ebf7162d9e604a13a09342c89bced92171040ac2b516dfb,1,,2026-08-23T13:02:44.913148+00:00
396,BOMEUSDT,1h,2026-07,kline:BOMEUSDT:1h:2026-07,https://data.binance.vision/data/futures/um/monthly/klines/BOMEUSDT/1h/BOMEUSDT-1h-2026-07.zip,https://data.binance.vision/data/futures/um/monthly/klines/BOMEUSDT/1h/BOMEUSDT-1h-2026-07.zip.CHECKSUM,AVAILABLE,200,,4c013c034b8260f5a99f58d712105aec9579d9b73c80b691c67e657e52c62078,1,,2026-08-23T13:02:44.913387+00:00
397,BOMEUSDT,15m,2026-04,kline:BOMEUSDT:15m:2026-04,https://data.binance.vision/data/futures/um/monthly/klines/BOMEUSDT/15m/BOMEUSDT-15m-2026-04.zip,https://data.binance.vision/data/futures/um/monthly/klines/BOMEUSDT/15m/BOMEUSDT-15m-2026-04.zip.CHECKSUM,AVAILABLE,200,,f3f2f3009656b58cb0f4ec0be9eb7a2e74068301c08a973b2061d5f10b1bacb8,1,,2026-08-23T13:02:44.914524+00:00
398,BOMEUSDT,15m,2026-05,kline:BOMEUSDT:15m:2026-05,https://data.binance.vision/data/futures/um/monthly/klines/BOMEUSDT/15m/BOMEUSDT-15m-2026-05.zip,https://data.binance.vision/data/futures/um/monthly/klines/BOMEUSDT/15m/BOMEUSDT-15m-2026-05.zip.CHECKSUM,AVAILABLE,200,,1a67c6afc6392d33ec218672bb77a2f7cf7239d1e0092d580e738854062e5ccf,1,,2026-08-23T13:02:45.252870+00:00
399,BOMEUSDT,15m,2026-06,kline:BOMEUSDT:15m:2026-06,https://data.binance.vision/data/futures/um/monthly/klines/BOMEUSDT/15m/BOMEUSDT-15m-2026-06.zip,https://data.binance.vision/data/futures/um/monthly/klines/BOMEUSDT/15m/BOMEUSDT-15m-2026-06.zip.CHECKSUM,AVAILABLE,200,,1cd58f13b589987db00e4f1041491169bd1e25db09b924a1eef44ec8c7638bbe,1,,2026-08-23T13:02:44.916867+00:00
400,BOMEUSDT,15m,2026-07,kline:BOMEUSDT:15m:2026-07,https://data.binance.vision/data/futures/um/monthly/klines/BOMEUSDT/15m/BOMEUSDT-15m-2026-07.zip,https://data.binance.vision/data/futures/um/monthly/klines/BOMEUSDT/15m/BOMEUSDT-15m-2026-07.zip.CHECKSUM,AVAILABLE,200,,3202afb96af6539a275ea1ab91c31f8e005f57228b58f0e1a1238ffd80498d18,1,,2026-08-23T13:02:44.916078+00:00
401,BOMEUSDT,5m,2026-04,kline:BOMEUSDT:5m:2026-04,https://data.binance.vision/data/futures/um/monthly/klines/BOMEUSDT/5m/BOMEUSDT-5m-2026-04.zip,https://data.binance.vision/data/futures/um/monthly/klines/BOMEUSDT/5m/BOMEUSDT-5m-2026-04.zip.CHECKSUM,AVAILABLE,200,,e2a26b3ad4eee37a1b8c2af8cd8d6e091ce30620fcb0f05dbcbdfe860fb9a5ee,1,,2026-08-23T13:02:44.912044+00:00
402,BOMEUSDT,5m,2026-05,kline:BOMEUSDT:5m:2026-05,https://data.binance.vision/data/futures/um/monthly/klines/BOMEUSDT/5m/BOMEUSDT-5m-2026-05.zip,https://data.binance.vision/data/futures/um/monthly/klines/BOMEUSDT/5m/BOMEUSDT-5m-2026-05.zip.CHECKSUM,AVAILABLE,200,,62042ef25653099d49072b0fa03d08dd6a9f01fd0d7260afba24a611668ddb7a,1,,2026-08-23T13:02:44.915825+00:00
403,BOMEUSDT,5m,2026-06,kline:BOMEUSDT:5m:2026-06,https://data.binance.vision/data/futures/um/monthly/klines/BOMEUSDT/5m/BOMEUSDT-5m-2026-06.zip,https://data.binance.vision/data/futures/um/monthly/klines/BOMEUSDT/5m/BOMEUSDT-5m-2026-06.zip.CHECKSUM,AVAILABLE,200,,1bbfa7da4ba87a327a4b84fbc20a671ac12e54d89c1ebb52924e8fad828bb5da,1,,2026-08-23T13:02:44.911423+00:00
404,BOMEUSDT,5m,2026-07,kline:BOMEUSDT:5m:2026-07,https://data.binance.vision/data/futures/um/monthly/klines/BOMEUSDT/5m/BOMEUSDT-5m-2026-07.zip,https://data.binance.vision/data/futures/um/monthly/klines/BOMEUSDT/5m/BOMEUSDT-5m-2026-07.zip.CHECKSUM,AVAILABLE,200,,61d29ebcf4ec590034a053390f87a90e48a7c0f7288b77f4406e2046a2325ef3,1,,2026-08-23T13:02:44.912536+00:00
405,BOMEUSDT,1m,2026-04,kline:BOMEUSDT:1m:2026-04,https://data.binance.vision/data/futures/um/monthly/klines/BOMEUSDT/1m/BOMEUSDT-1m-2026-04.zip,https://data.binance.vision/data/futures/um/monthly/klines/BOMEUSDT/1m/BOMEUSDT-1m-2026-04.zip.CHECKSUM,AVAILABLE,200,,26faa0dbb9bf8cd83374f5c85d51e3442f6fd7208e85adf1ce3f627f70a07482,1,,2026-08-23T13:02:44.919402+00:00
406,BOMEUSDT,1m,2026-05,kline:BOMEUSDT:1m:2026-05,https://data.binance.vision/data/futures/um/monthly/klines/BOMEUSDT/1m/BOMEUSDT-1m-2026-05.zip,https://data.binance.vision/data/futures/um/monthly/klines/BOMEUSDT/1m/BOMEUSDT-1m-2026-05.zip.CHECKSUM,AVAILABLE,200,,8ff5c61d2012b86e3f01e81fd2e2cd9e9c0bedd2197306d63b9e971cbb9eaddc,1,,2026-08-23T13:02:44.920393+00:00
407,BOMEUSDT,1m,2026-06,kline:BOMEUSDT:1m:2026-06,https://data.binance.vision/data/futures/um/monthly/klines/BOMEUSDT/1m/BOMEUSDT-1m-2026-06.zip,https://data.binance.vision/data/futures/um/monthly/klines/BOMEUSDT/1m/BOMEUSDT-1m-2026-06.zip.CHECKSUM,AVAILABLE,200,,086556258d0fb322733dfabcde6b4252d4a336a6a267484ca947b33d675efdf1,1,,2026-08-23T13:02:45.041017+00:00
408,BOMEUSDT,1m,2026-07,kline:BOMEUSDT:1m:2026-07,https://data.binance.vision/data/futures/um/monthly/klines/BOMEUSDT/1m/BOMEUSDT-1m-2026-07.zip,https://data.binance.vision/data/futures/um/monthly/klines/BOMEUSDT/1m/BOMEUSDT-1m-2026-07.zip.CHECKSUM,AVAILABLE,200,,46fb5bc4b3e90108d9f3c09b393c2cdc63b3c4539707f91d341b59f41baed8cc,1,,2026-08-23T13:02:45.096496+00:00
409,HEMIUSDT,1d,2026-04,kline:HEMIUSDT:1d:2026-04,https://data.binance.vision/data/futures/um/monthly/klines/HEMIUSDT/1d/HEMIUSDT-1d-2026-04.zip,https://data.binance.vision/data/futures/um/monthly/klines/HEMIUSDT/1d/HEMIUSDT-1d-2026-04.zip.CHECKSUM,AVAILABLE,200,,305ea0de59d294c57cf676edf81e2c246c279ddd0770cfacdc4ce5a33b1b7b71,1,,2026-08-23T13:02:45.094892+00:00
410,HEMIUSDT,1d,2026-05,kline:HEMIUSDT:1d:2026-05,https://data.binance.vision/data/futures/um/monthly/klines/HEMIUSDT/1d/HEMIUSDT-1d-2026-05.zip,https://data.binance.vision/data/futures/um/monthly/klines/HEMIUSDT/1d/HEMIUSDT-1d-2026-05.zip.CHECKSUM,AVAILABLE,200,,1edd7f23adeb6c46cf36f5f9b7276eb6116d9f08dc6a28b3b8bc87b7491e13e5,1,,2026-08-23T13:02:45.106755+00:00
411,HEMIUSDT,1d,2026-06,kline:HEMIUSDT:1d:2026-06,https://data.binance.vision/data/futures/um/monthly/klines/HEMIUSDT/1d/HEMIUSDT-1d-2026-06.zip,https://data.binance.vision/data/futures/um/monthly/klines/HEMIUSDT/1d/HEMIUSDT-1d-2026-06.zip.CHECKSUM,AVAILABLE,200,,68189e914fe29da2dcde29bf15340e982364dcb51c3230952aee101a61cfa1c5,1,,2026-08-23T13:02:45.105507+00:00
412,HEMIUSDT,1d,2026-07,kline:HEMIUSDT:1d:2026-07,https://data.binance.vision/data/futures/um/monthly/klines/HEMIUSDT/1d/HEMIUSDT-1d-2026-07.zip,https://data.binance.vision/data/futures/um/monthly/klines/HEMIUSDT/1d/HEMIUSDT-1d-2026-07.zip.CHECKSUM,AVAILABLE,200,,706b147c9bfc2c95cd036bbf1578ab09561a23ee6396c1ec12499695a3f32e21,1,,2026-08-23T13:02:45.117097+00:00
413,HEMIUSDT,4h,2026-04,kline:HEMIUSDT:4h:2026-04,https://data.binance.vision/data/futures/um/monthly/klines/HEMIUSDT/4h/HEMIUSDT-4h-2026-04.zip,https://data.binance.vision/data/futures/um/monthly/klines/HEMIUSDT/4h/HEMIUSDT-4h-2026-04.zip.CHECKSUM,AVAILABLE,200,,be70a1f6e266e0185716632b3931498fa8547e88b1f7eed9108c12f02009ad9b,1,,2026-08-23T13:02:45.118860+00:00
414,HEMIUSDT,4h,2026-05,kline:HEMIUSDT:4h:2026-05,https://data.binance.vision/data/futures/um/monthly/klines/HEMIUSDT/4h/HEMIUSDT-4h-2026-05.zip,https://data.binance.vision/data/futures/um/monthly/klines/HEMIUSDT/4h/HEMIUSDT-4h-2026-05.zip.CHECKSUM,AVAILABLE,200,,c1688af62828577501694a5b1145d8f069e8237eb80df225f5d67d63a7076dca,1,,2026-08-23T13:02:45.129772+00:00
415,HEMIUSDT,4h,2026-06,kline:HEMIUSDT:4h:2026-06,https://data.binance.vision/data/futures/um/monthly/klines/HEMIUSDT/4h/HEMIUSDT-4h-2026-06.zip,https://data.binance.vision/data/futures/um/monthly/klines/HEMIUSDT/4h/HEMIUSDT-4h-2026-06.zip.CHECKSUM,AVAILABLE,200,,ba2705e6d88351a0b23bd3ca0dfcb4d35b17c9df9fab8cd2df4bc28c9aa6017f,1,,2026-08-23T13:02:45.227445+00:00
416,HEMIUSDT,4h,2026-07,kline:HEMIUSDT:4h:2026-07,https://data.binance.vision/data/futures/um/monthly/klines/HEMIUSDT/4h/HEMIUSDT-4h-2026-07.zip,https://data.binance.vision/data/futures/um/monthly/klines/HEMIUSDT/4h/HEMIUSDT-4h-2026-07.zip.CHECKSUM,AVAILABLE,200,,006a6a01b3c137698663e56732d205774582cdc3922bde2a2fdfb887f71b27f7,1,,2026-08-23T13:02:45.128053+00:00
417,HEMIUSDT,1h,2026-04,kline:HEMIUSDT:1h:2026-04,https://data.binance.vision/data/futures/um/monthly/klines/HEMIUSDT/1h/HEMIUSDT-1h-2026-04.zip,https://data.binance.vision/data/futures/um/monthly/klines/HEMIUSDT/1h/HEMIUSDT-1h-2026-04.zip.CHECKSUM,AVAILABLE,200,,5764887dd6482911f6b797019de1512dc1c1041766e5939bd22eea5196147506,1,,2026-08-23T13:02:45.123281+00:00
418,HEMIUSDT,1h,2026-05,kline:HEMIUSDT:1h:2026-05,https://data.binance.vision/data/futures/um/monthly/klines/HEMIUSDT/1h/HEMIUSDT-1h-2026-05.zip,https://data.binance.vision/data/futures/um/monthly/klines/HEMIUSDT/1h/HEMIUSDT-1h-2026-05.zip.CHECKSUM,AVAILABLE,200,,9b7782a2e335d158f90c079204f29faca0be2c2f7de7b515d4912b645e65c597,1,,2026-08-23T13:02:45.462377+00:00
419,HEMIUSDT,1h,2026-06,kline:HEMIUSDT:1h:2026-06,https://data.binance.vision/data/futures/um/monthly/klines/HEMIUSDT/1h/HEMIUSDT-1h-2026-06.zip,https://data.binance.vision/data/futures/um/monthly/klines/HEMIUSDT/1h/HEMIUSDT-1h-2026-06.zip.CHECKSUM,AVAILABLE,200,,f27ff878bb33f27836c04642e44ab5a117c79db3928630a22e1193a0f5ec3b6a,1,,2026-08-23T13:02:45.124702+00:00
420,HEMIUSDT,1h,2026-07,kline:HEMIUSDT:1h:2026-07,https://data.binance.vision/data/futures/um/monthly/klines/HEMIUSDT/1h/HEMIUSDT-1h-2026-07.zip,https://data.binance.vision/data/futures/um/monthly/klines/HEMIUSDT/1h/HEMIUSDT-1h-2026-07.zip.CHECKSUM,AVAILABLE,200,,bdd984e135890f87a77d82465df82445ceea3e5ddf1e62f3bfd68ce2a54edc8c,1,,2026-08-23T13:02:45.119859+00:00
421,HEMIUSDT,15m,2026-04,kline:HEMIUSDT:15m:2026-04,https://data.binance.vision/data/futures/um/monthly/klines/HEMIUSDT/15m/HEMIUSDT-15m-2026-04.zip,https://data.binance.vision/data/futures/um/monthly/klines/HEMIUSDT/15m/HEMIUSDT-15m-2026-04.zip.CHECKSUM,AVAILABLE,200,,6234d39163a7af883e418a2ec38b7927e95924532f4dbae10971ee01cfef400c,1,,2026-08-23T13:02:45.297499+00:00
422,HEMIUSDT,15m,2026-05,kline:HEMIUSDT:15m:2026-05,https://data.binance.vision/data/futures/um/monthly/klines/HEMIUSDT/15m/HEMIUSDT-15m-2026-05.zip,https://data.binance.vision/data/futures/um/monthly/klines/HEMIUSDT/15m/HEMIUSDT-15m-2026-05.zip.CHECKSUM,AVAILABLE,200,,a994e83a84371613c57ac634d6d9811508d343017effdc2577ac039d35d78144,1,,2026-08-23T13:02:45.145034+00:00
423,HEMIUSDT,15m,2026-06,kline:HEMIUSDT:15m:2026-06,https://data.binance.vision/data/futures/um/monthly/klines/HEMIUSDT/15m/HEMIUSDT-15m-2026-06.zip,https://data.binance.vision/data/futures/um/monthly/klines/HEMIUSDT/15m/HEMIUSDT-15m-2026-06.zip.CHECKSUM,AVAILABLE,200,,d952ede5986d43d5001501f5f346be1ad19728c439821e2dc5c02d892dea9924,1,,2026-08-23T13:02:45.125635+00:00
424,HEMIUSDT,15m,2026-07,kline:HEMIUSDT:15m:2026-07,https://data.binance.vision/data/futures/um/monthly/klines/HEMIUSDT/15m/HEMIUSDT-15m-2026-07.zip,https://data.binance.vision/data/futures/um/monthly/klines/HEMIUSDT/15m/HEMIUSDT-15m-2026-07.zip.CHECKSUM,AVAILABLE,200,,989dbcc777f9a7cae8aa8849c667273d009ab69518b21d7f63a91e0eed481dda,1,,2026-08-23T13:02:45.134436+00:00
425,HEMIUSDT,5m,2026-04,kline:HEMIUSDT:5m:2026-04,https://data.binance.vision/data/futures/um/monthly/klines/HEMIUSDT/5m/HEMIUSDT-5m-2026-04.zip,https://data.binance.vision/data/futures/um/monthly/klines/HEMIUSDT/5m/HEMIUSDT-5m-2026-04.zip.CHECKSUM,AVAILABLE,200,,cdf9dcbbbc9c0943978bcd960269dd0840ad0b92f0f0785442c29cf9eace5b34,1,,2026-08-23T13:02:45.127512+00:00
426,HEMIUSDT,5m,2026-05,kline:HEMIUSDT:5m:2026-05,https://data.binance.vision/data/futures/um/monthly/klines/HEMIUSDT/5m/HEMIUSDT-5m-2026-05.zip,https://data.binance.vision/data/futures/um/monthly/klines/HEMIUSDT/5m/HEMIUSDT-5m-2026-05.zip.CHECKSUM,AVAILABLE,200,,aa230f003be0c0b17626939ad9123d734a4a4534b27d3c91dd40c60361f93877,1,,2026-08-23T13:02:45.120586+00:00
427,HEMIUSDT,5m,2026-06,kline:HEMIUSDT:5m:2026-06,https://data.binance.vision/data/futures/um/monthly/klines/HEMIUSDT/5m/HEMIUSDT-5m-2026-06.zip,https://data.binance.vision/data/futures/um/monthly/klines/HEMIUSDT/5m/HEMIUSDT-5m-2026-06.zip.CHECKSUM,AVAILABLE,200,,8984542388d87a42d0a222b5b611be7410ac22f3a889e586582faa84c594bcfc,1,,2026-08-23T13:02:45.131141+00:00
428,HEMIUSDT,5m,2026-07,kline:HEMIUSDT:5m:2026-07,https://data.binance.vision/data/futures/um/monthly/klines/HEMIUSDT/5m/HEMIUSDT-5m-2026-07.zip,https://data.binance.vision/data/futures/um/monthly/klines/HEMIUSDT/5m/HEMIUSDT-5m-2026-07.zip.CHECKSUM,AVAILABLE,200,,8051ef4d563e768c1d4e96647f4ef697064e802b730a57129e5cc8605e34c2ac,1,,2026-08-23T13:02:45.131865+00:00
429,HEMIUSDT,1m,2026-04,kline:HEMIUSDT:1m:2026-04,https://data.binance.vision/data/futures/um/monthly/klines/HEMIUSDT/1m/HEMIUSDT-1m-2026-04.zip,https://data.binance.vision/data/futures/um/monthly/klines/HEMIUSDT/1m/HEMIUSDT-1m-2026-04.zip.CHECKSUM,AVAILABLE,200,,d5510725ee74747485dd98f5040ba4876b80705070e71f146ab301b281303950,1,,2026-08-23T13:02:45.126393+00:00
430,HEMIUSDT,1m,2026-05,kline:HEMIUSDT:1m:2026-05,https://data.binance.vision/data/futures/um/monthly/klines/HEMIUSDT/1m/HEMIUSDT-1m-2026-05.zip,https://data.binance.vision/data/futures/um/monthly/klines/HEMIUSDT/1m/HEMIUSDT-1m-2026-05.zip.CHECKSUM,AVAILABLE,200,,88f2ed91fce319f4f555c7b462c832e77f7881c0d4221419d457e5cda831b6ca,1,,2026-08-23T13:02:45.137406+00:00
431,HEMIUSDT,1m,2026-06,kline:HEMIUSDT:1m:2026-06,https://data.binance.vision/data/futures/um/monthly/klines/HEMIUSDT/1m/HEMIUSDT-1m-2026-06.zip,https://data.binance.vision/data/futures/um/monthly/klines/HEMIUSDT/1m/HEMIUSDT-1m-2026-06.zip.CHECKSUM,AVAILABLE,200,,060a538c917d42a5379a2c267394477c2fd0566781eb928e7278da8a2f654549,1,,2026-08-23T13:02:45.178119+00:00
432,HEMIUSDT,1m,2026-07,kline:HEMIUSDT:1m:2026-07,https://data.binance.vision/data/futures/um/monthly/klines/HEMIUSDT/1m/HEMIUSDT-1m-2026-07.zip,https://data.binance.vision/data/futures/um/monthly/klines/HEMIUSDT/1m/HEMIUSDT-1m-2026-07.zip.CHECKSUM,AVAILABLE,200,,d9353621edca120cf82149d7a16311b77272a6c63cbe538cdea9a1cab35fc5ec,1,,2026-08-23T13:02:45.236239+00:00
433,WLDUSDT,1d,2026-04,kline:WLDUSDT:1d:2026-04,https://data.binance.vision/data/futures/um/monthly/klines/WLDUSDT/1d/WLDUSDT-1d-2026-04.zip,https://data.binance.vision/data/futures/um/monthly/klines/WLDUSDT/1d/WLDUSDT-1d-2026-04.zip.CHECKSUM,AVAILABLE,200,,2632562995892a3cd8abc8c08d2465f5c5fa005cfdec797365ad2b98edff6601,1,,2026-08-23T13:02:45.241915+00:00
434,WLDUSDT,1d,2026-05,kline:WLDUSDT:1d:2026-05,https://data.binance.vision/data/futures/um/monthly/klines/WLDUSDT/1d/WLDUSDT-1d-2026-05.zip,https://data.binance.vision/data/futures/um/monthly/klines/WLDUSDT/1d/WLDUSDT-1d-2026-05.zip.CHECKSUM,AVAILABLE,200,,734dd4940322908d0f37b017d69b3f6542e1e6be1debb1bb318dba74f986bd6c,1,,2026-08-23T13:02:45.242432+00:00
435,WLDUSDT,1d,2026-06,kline:WLDUSDT:1d:2026-06,https://data.binance.vision/data/futures/um/monthly/klines/WLDUSDT/1d/WLDUSDT-1d-2026-06.zip,https://data.binance.vision/data/futures/um/monthly/klines/WLDUSDT/1d/WLDUSDT-1d-2026-06.zip.CHECKSUM,AVAILABLE,200,,4388315a429f653aa7a3886f9857e9f91ce72224131edcdebb7c8924921f206d,1,,2026-08-23T13:02:45.240397+00:00
436,WLDUSDT,1d,2026-07,kline:WLDUSDT:1d:2026-07,https://data.binance.vision/data/futures/um/monthly/klines/WLDUSDT/1d/WLDUSDT-1d-2026-07.zip,https://data.binance.vision/data/futures/um/monthly/klines/WLDUSDT/1d/WLDUSDT-1d-2026-07.zip.CHECKSUM,AVAILABLE,200,,793c3e3d5bea8b4e9a6971b39f9fd91353b9e136c70501f5fd0403904f7f0e0a,1,,2026-08-23T13:02:45.298947+00:00
437,WLDUSDT,4h,2026-04,kline:WLDUSDT:4h:2026-04,https://data.binance.vision/data/futures/um/monthly/klines/WLDUSDT/4h/WLDUSDT-4h-2026-04.zip,https://data.binance.vision/data/futures/um/monthly/klines/WLDUSDT/4h/WLDUSDT-4h-2026-04.zip.CHECKSUM,AVAILABLE,200,,8ebb76a488fde6e672a8a6cf5f63965be4904c6e42da615537551236b92d266a,1,,2026-08-23T13:02:45.294462+00:00
438,WLDUSDT,4h,2026-05,kline:WLDUSDT:4h:2026-05,https://data.binance.vision/data/futures/um/monthly/klines/WLDUSDT/4h/WLDUSDT-4h-2026-05.zip,https://data.binance.vision/data/futures/um/monthly/klines/WLDUSDT/4h/WLDUSDT-4h-2026-05.zip.CHECKSUM,AVAILABLE,200,,24a038eb7b56c07ef9d410b8697e67055fb2546c17bc9128b7fbed3ce1d5ca4f,1,,2026-08-23T13:02:45.309040+00:00
439,WLDUSDT,4h,2026-06,kline:WLDUSDT:4h:2026-06,https://data.binance.vision/data/futures/um/monthly/klines/WLDUSDT/4h/WLDUSDT-4h-2026-06.zip,https://data.binance.vision/data/futures/um/monthly/klines/WLDUSDT/4h/WLDUSDT-4h-2026-06.zip.CHECKSUM,AVAILABLE,200,,8962a96ecbc092eff9f196d709f28024962097588232c3a4bbeb390a4eb51248,1,,2026-08-23T13:02:45.324773+00:00
440,WLDUSDT,4h,2026-07,kline:WLDUSDT:4h:2026-07,https://data.binance.vision/data/futures/um/monthly/klines/WLDUSDT/4h/WLDUSDT-4h-2026-07.zip,https://data.binance.vision/data/futures/um/monthly/klines/WLDUSDT/4h/WLDUSDT-4h-2026-07.zip.CHECKSUM,AVAILABLE,200,,5b7d818ad0f12d01d11f865c72e1d5da99287e215c95fdaa822f969ceb4048a8,1,,2026-08-23T13:02:45.314219+00:00
441,WLDUSDT,1h,2026-04,kline:WLDUSDT:1h:2026-04,https://data.binance.vision/data/futures/um/monthly/klines/WLDUSDT/1h/WLDUSDT-1h-2026-04.zip,https://data.binance.vision/data/futures/um/monthly/klines/WLDUSDT/1h/WLDUSDT-1h-2026-04.zip.CHECKSUM,AVAILABLE,200,,aab49ab198d014f18d91ef0fe080fac3da961e08832927faecc08962287a243d,1,,2026-08-23T13:02:45.321170+00:00
442,WLDUSDT,1h,2026-05,kline:WLDUSDT:1h:2026-05,https://data.binance.vision/data/futures/um/monthly/klines/WLDUSDT/1h/WLDUSDT-1h-2026-05.zip,https://data.binance.vision/data/futures/um/monthly/klines/WLDUSDT/1h/WLDUSDT-1h-2026-05.zip.CHECKSUM,AVAILABLE,200,,a837974fc10e38235d553cac751ef221f5d32819fe9dc24bfcb717301cb1e190,1,,2026-08-23T13:02:45.323788+00:00
443,WLDUSDT,1h,2026-06,kline:WLDUSDT:1h:2026-06,https://data.binance.vision/data/futures/um/monthly/klines/WLDUSDT/1h/WLDUSDT-1h-2026-06.zip,https://data.binance.vision/data/futures/um/monthly/klines/WLDUSDT/1h/WLDUSDT-1h-2026-06.zip.CHECKSUM,AVAILABLE,200,,31fb74907a36fa1317160336164b2996a40af6983fa4a6edf77e24e4a93a5dce,1,,2026-08-23T13:02:45.328656+00:00
444,WLDUSDT,1h,2026-07,kline:WLDUSDT:1h:2026-07,https://data.binance.vision/data/futures/um/monthly/klines/WLDUSDT/1h/WLDUSDT-1h-2026-07.zip,https://data.binance.vision/data/futures/um/monthly/klines/WLDUSDT/1h/WLDUSDT-1h-2026-07.zip.CHECKSUM,AVAILABLE,200,,2058e59034b21799a2f248c55da561cc023beb9c20bbecab0e9d908a4e06b287,1,,2026-08-23T13:02:45.325350+00:00
445,WLDUSDT,15m,2026-04,kline:WLDUSDT:15m:2026-04,https://data.binance.vision/data/futures/um/monthly/klines/WLDUSDT/15m/WLDUSDT-15m-2026-04.zip,https://data.binance.vision/data/futures/um/monthly/klines/WLDUSDT/15m/WLDUSDT-15m-2026-04.zip.CHECKSUM,AVAILABLE,200,,36edcb48151916eb09c96a34d71c31dca699df34b3afc467468bedafd520332e,1,,2026-08-23T13:02:45.330463+00:00
446,WLDUSDT,15m,2026-05,kline:WLDUSDT:15m:2026-05,https://data.binance.vision/data/futures/um/monthly/klines/WLDUSDT/15m/WLDUSDT-15m-2026-05.zip,https://data.binance.vision/data/futures/um/monthly/klines/WLDUSDT/15m/WLDUSDT-15m-2026-05.zip.CHECKSUM,AVAILABLE,200,,d3f6ae368e2e8951253eca82112293efbf52b7c794aa35bc815afe4011518e2d,1,,2026-08-23T13:02:45.439546+00:00
447,WLDUSDT,15m,2026-06,kline:WLDUSDT:15m:2026-06,https://data.binance.vision/data/futures/um/monthly/klines/WLDUSDT/15m/WLDUSDT-15m-2026-06.zip,https://data.binance.vision/data/futures/um/monthly/klines/WLDUSDT/15m/WLDUSDT-15m-2026-06.zip.CHECKSUM,AVAILABLE,200,,d73148ca4e9400fbee4068da5cecaaadc70b33bd8b01217bb02f46696ce3fcfe,1,,2026-08-23T13:02:45.329414+00:00
448,WLDUSDT,15m,2026-07,kline:WLDUSDT:15m:2026-07,https://data.binance.vision/data/futures/um/monthly/klines/WLDUSDT/15m/WLDUSDT-15m-2026-07.zip,https://data.binance.vision/data/futures/um/monthly/klines/WLDUSDT/15m/WLDUSDT-15m-2026-07.zip.CHECKSUM,AVAILABLE,200,,1c68d9d9c1504ffa864158ae34ac0747f4cc3499ffb74d26c13b94013c74427a,1,,2026-08-23T13:02:45.334229+00:00
449,WLDUSDT,5m,2026-04,kline:WLDUSDT:5m:2026-04,https://data.binance.vision/data/futures/um/monthly/klines/WLDUSDT/5m/WLDUSDT-5m-2026-04.zip,https://data.binance.vision/data/futures/um/monthly/klines/WLDUSDT/5m/WLDUSDT-5m-2026-04.zip.CHECKSUM,AVAILABLE,200,,57a3552f2038608e603a524da3d83f7244ba4e8fc780856382a670eec7f28329,1,,2026-08-23T13:02:45.331349+00:00
450,WLDUSDT,5m,2026-05,kline:WLDUSDT:5m:2026-05,https://data.binance.vision/data/futures/um/monthly/klines/WLDUSDT/5m/WLDUSDT-5m-2026-05.zip,https://data.binance.vision/data/futures/um/monthly/klines/WLDUSDT/5m/WLDUSDT-5m-2026-05.zip.CHECKSUM,AVAILABLE,200,,413fcaa3e9327398297c56247125a8d9d722ce9e59077a9120de5c9fc66e1856,1,,2026-08-23T13:02:45.339380+00:00
451,WLDUSDT,5m,2026-06,kline:WLDUSDT:5m:2026-06,https://data.binance.vision/data/futures/um/monthly/klines/WLDUSDT/5m/WLDUSDT-5m-2026-06.zip,https://data.binance.vision/data/futures/um/monthly/klines/WLDUSDT/5m/WLDUSDT-5m-2026-06.zip.CHECKSUM,AVAILABLE,200,,5869f3eb831c25b6d3acb2c48fbab68d67a4ee7519b7c60d7bdfed5e5963500f,1,,2026-08-23T13:02:45.333334+00:00
452,WLDUSDT,5m,2026-07,kline:WLDUSDT:5m:2026-07,https://data.binance.vision/data/futures/um/monthly/klines/WLDUSDT/5m/WLDUSDT-5m-2026-07.zip,https://data.binance.vision/data/futures/um/monthly/klines/WLDUSDT/5m/WLDUSDT-5m-2026-07.zip.CHECKSUM,AVAILABLE,200,,6baf88a0bc02054a19c78a5ad2a41106c6524c1bc37beb41c14d5f4f16867b2e,1,,2026-08-23T13:02:45.337761+00:00
453,WLDUSDT,1m,2026-04,kline:WLDUSDT:1m:2026-04,https://data.binance.vision/data/futures/um/monthly/klines/WLDUSDT/1m/WLDUSDT-1m-2026-04.zip,https://data.binance.vision/data/futures/um/monthly/klines/WLDUSDT/1m/WLDUSDT-1m-2026-04.zip.CHECKSUM,AVAILABLE,200,,d33c9fd933825632cc740c1ca57efe55bcb1dce285629f264aa74582f0a2700c,1,,2026-08-23T13:02:45.335809+00:00
454,WLDUSDT,1m,2026-05,kline:WLDUSDT:1m:2026-05,https://data.binance.vision/data/futures/um/monthly/klines/WLDUSDT/1m/WLDUSDT-1m-2026-05.zip,https://data.binance.vision/data/futures/um/monthly/klines/WLDUSDT/1m/WLDUSDT-1m-2026-05.zip.CHECKSUM,AVAILABLE,200,,247d35abff5631c593ba5ba30d1f75dfd9320995fb365c1aa6eb38133f570e07,1,,2026-08-23T13:02:45.344105+00:00
455,WLDUSDT,1m,2026-06,kline:WLDUSDT:1m:2026-06,https://data.binance.vision/data/futures/um/monthly/klines/WLDUSDT/1m/WLDUSDT-1m-2026-06.zip,https://data.binance.vision/data/futures/um/monthly/klines/WLDUSDT/1m/WLDUSDT-1m-2026-06.zip.CHECKSUM,AVAILABLE,200,,2db4c83292c75111c338b07deedd238f11a960d3e50b13bd3f351a5da8188629,1,,2026-08-23T13:02:45.349833+00:00
456,WLDUSDT,1m,2026-07,kline:WLDUSDT:1m:2026-07,https://data.binance.vision/data/futures/um/monthly/klines/WLDUSDT/1m/WLDUSDT-1m-2026-07.zip,https://data.binance.vision/data/futures/um/monthly/klines/WLDUSDT/1m/WLDUSDT-1m-2026-07.zip.CHECKSUM,AVAILABLE,200,,4a7f24a25e3d84e9ae2076b6439b676fca9786b8a4ce3a753bd37ccd9153dfda,1,,2026-08-23T13:02:45.383008+00:00
457,NEARUSDT,1d,2026-04,kline:NEARUSDT:1d:2026-04,https://data.binance.vision/data/futures/um/monthly/klines/NEARUSDT/1d/NEARUSDT-1d-2026-04.zip,https://data.binance.vision/data/futures/um/monthly/klines/NEARUSDT/1d/NEARUSDT-1d-2026-04.zip.CHECKSUM,AVAILABLE,200,,335f08a9af27f73ec0b526e507c30018058893d78f855e8057d03eba82781a34,1,,2026-08-23T13:02:45.444973+00:00
458,NEARUSDT,1d,2026-05,kline:NEARUSDT:1d:2026-05,https://data.binance.vision/data/futures/um/monthly/klines/NEARUSDT/1d/NEARUSDT-1d-2026-05.zip,https://data.binance.vision/data/futures/um/monthly/klines/NEARUSDT/1d/NEARUSDT-1d-2026-05.zip.CHECKSUM,AVAILABLE,200,,8c339fc3c3169bae014a0743b122e20c9c181e9228aa1807218beca7849af2a5,1,,2026-08-23T13:02:45.440097+00:00
459,NEARUSDT,1d,2026-06,kline:NEARUSDT:1d:2026-06,https://data.binance.vision/data/futures/um/monthly/klines/NEARUSDT/1d/NEARUSDT-1d-2026-06.zip,https://data.binance.vision/data/futures/um/monthly/klines/NEARUSDT/1d/NEARUSDT-1d-2026-06.zip.CHECKSUM,AVAILABLE,200,,742260e018e0276775fadbb1620c84fa82a0e379e36d41a312b7384bead12980,1,,2026-08-23T13:02:45.440921+00:00
460,NEARUSDT,1d,2026-07,kline:NEARUSDT:1d:2026-07,https://data.binance.vision/data/futures/um/monthly/klines/NEARUSDT/1d/NEARUSDT-1d-2026-07.zip,https://data.binance.vision/data/futures/um/monthly/klines/NEARUSDT/1d/NEARUSDT-1d-2026-07.zip.CHECKSUM,AVAILABLE,200,,1e850d5d46d6e2119ba135d3f697485b3ffdec314417972fc050aa4215098a71,1,,2026-08-23T13:02:45.447006+00:00
461,NEARUSDT,4h,2026-04,kline:NEARUSDT:4h:2026-04,https://data.binance.vision/data/futures/um/monthly/klines/NEARUSDT/4h/NEARUSDT-4h-2026-04.zip,https://data.binance.vision/data/futures/um/monthly/klines/NEARUSDT/4h/NEARUSDT-4h-2026-04.zip.CHECKSUM,AVAILABLE,200,,d48f81500ff2c2c8324c535d990e00c67627e61fbe3f3cafe7bda02d6cdc98de,1,,2026-08-23T13:02:45.446287+00:00
462,NEARUSDT,4h,2026-05,kline:NEARUSDT:4h:2026-05,https://data.binance.vision/data/futures/um/monthly/klines/NEARUSDT/4h/NEARUSDT-4h-2026-05.zip,https://data.binance.vision/data/futures/um/monthly/klines/NEARUSDT/4h/NEARUSDT-4h-2026-05.zip.CHECKSUM,AVAILABLE,200,,97d3b746389c701d2e917a9cbb1d8818a70230cef472832c394d6a079601e9d8,1,,2026-08-23T13:02:45.449462+00:00
463,NEARUSDT,4h,2026-06,kline:NEARUSDT:4h:2026-06,https://data.binance.vision/data/futures/um/monthly/klines/NEARUSDT/4h/NEARUSDT-4h-2026-06.zip,https://data.binance.vision/data/futures/um/monthly/klines/NEARUSDT/4h/NEARUSDT-4h-2026-06.zip.CHECKSUM,AVAILABLE,200,,05fa1d5903b917f0713d5ee1e3c1dbd87979b3aacc4ae0ce6f097eec003fdb4a,1,,2026-08-23T13:02:45.489439+00:00
464,NEARUSDT,4h,2026-07,kline:NEARUSDT:4h:2026-07,https://data.binance.vision/data/futures/um/monthly/klines/NEARUSDT/4h/NEARUSDT-4h-2026-07.zip,https://data.binance.vision/data/futures/um/monthly/klines/NEARUSDT/4h/NEARUSDT-4h-2026-07.zip.CHECKSUM,AVAILABLE,200,,ba1687d2ef7fd772008039f481e594bf726b9d866f4303564bcbd542e11bd5d6,1,,2026-08-23T13:02:45.460967+00:00
465,NEARUSDT,1h,2026-04,kline:NEARUSDT:1h:2026-04,https://data.binance.vision/data/futures/um/monthly/klines/NEARUSDT/1h/NEARUSDT-1h-2026-04.zip,https://data.binance.vision/data/futures/um/monthly/klines/NEARUSDT/1h/NEARUSDT-1h-2026-04.zip.CHECKSUM,AVAILABLE,200,,c51354773e0925f80b9d2a4a2e95fee70b99de4273280605d8710c60b9be737f,1,,2026-08-23T13:02:45.454781+00:00
466,NEARUSDT,1h,2026-05,kline:NEARUSDT:1h:2026-05,https://data.binance.vision/data/futures/um/monthly/klines/NEARUSDT/1h/NEARUSDT-1h-2026-05.zip,https://data.binance.vision/data/futures/um/monthly/klines/NEARUSDT/1h/NEARUSDT-1h-2026-05.zip.CHECKSUM,AVAILABLE,200,,3e182e25a143c7cc6edfe9c8f80936a72cfe179445473db38d587dad71c03f23,1,,2026-08-23T13:02:45.498623+00:00
467,NEARUSDT,1h,2026-06,kline:NEARUSDT:1h:2026-06,https://data.binance.vision/data/futures/um/monthly/klines/NEARUSDT/1h/NEARUSDT-1h-2026-06.zip,https://data.binance.vision/data/futures/um/monthly/klines/NEARUSDT/1h/NEARUSDT-1h-2026-06.zip.CHECKSUM,AVAILABLE,200,,35007189d567423113a37529be636f0f289a0439f6679339f27ad52496d17dcf,1,,2026-08-23T13:02:45.499076+00:00
468,NEARUSDT,1h,2026-07,kline:NEARUSDT:1h:2026-07,https://data.binance.vision/data/futures/um/monthly/klines/NEARUSDT/1h/NEARUSDT-1h-2026-07.zip,https://data.binance.vision/data/futures/um/monthly/klines/NEARUSDT/1h/NEARUSDT-1h-2026-07.zip.CHECKSUM,AVAILABLE,200,,fe15a70866032a00e073321c68d9efa93aefbee1044dd6c9486598329972ec67,1,,2026-08-23T13:02:45.500017+00:00
469,NEARUSDT,15m,2026-04,kline:NEARUSDT:15m:2026-04,https://data.binance.vision/data/futures/um/monthly/klines/NEARUSDT/15m/NEARUSDT-15m-2026-04.zip,https://data.binance.vision/data/futures/um/monthly/klines/NEARUSDT/15m/NEARUSDT-15m-2026-04.zip.CHECKSUM,AVAILABLE,200,,7595b9bc66b74868b42a2cc6c36218edd36df99311d4d692cc41a34f7b774089,1,,2026-08-23T13:02:45.515479+00:00
470,NEARUSDT,15m,2026-05,kline:NEARUSDT:15m:2026-05,https://data.binance.vision/data/futures/um/monthly/klines/NEARUSDT/15m/NEARUSDT-15m-2026-05.zip,https://data.binance.vision/data/futures/um/monthly/klines/NEARUSDT/15m/NEARUSDT-15m-2026-05.zip.CHECKSUM,AVAILABLE,200,,9afaa5bf7f1b1fd0e43e13ef42d7c877c0ffcd4beefb6eaf33d7d013f68d116a,1,,2026-08-23T13:02:45.519084+00:00
471,NEARUSDT,15m,2026-06,kline:NEARUSDT:15m:2026-06,https://data.binance.vision/data/futures/um/monthly/klines/NEARUSDT/15m/NEARUSDT-15m-2026-06.zip,https://data.binance.vision/data/futures/um/monthly/klines/NEARUSDT/15m/NEARUSDT-15m-2026-06.zip.CHECKSUM,AVAILABLE,200,,77a209a5058f0a9f1386964df40af67368bc314987b910a54c5044a19b2f42d5,1,,2026-08-23T13:02:45.555309+00:00
472,NEARUSDT,15m,2026-07,kline:NEARUSDT:15m:2026-07,https://data.binance.vision/data/futures/um/monthly/klines/NEARUSDT/15m/NEARUSDT-15m-2026-07.zip,https://data.binance.vision/data/futures/um/monthly/klines/NEARUSDT/15m/NEARUSDT-15m-2026-07.zip.CHECKSUM,AVAILABLE,200,,f5776582ed2c264a66e776205cc197910a0db02c4de22383d64631748e0c6985,1,,2026-08-23T13:02:45.527053+00:00
473,NEARUSDT,5m,2026-04,kline:NEARUSDT:5m:2026-04,https://data.binance.vision/data/futures/um/monthly/klines/NEARUSDT/5m/NEARUSDT-5m-2026-04.zip,https://data.binance.vision/data/futures/um/monthly/klines/NEARUSDT/5m/NEARUSDT-5m-2026-04.zip.CHECKSUM,AVAILABLE,200,,e0b430be08a31e91289bf2d002b942d47b9614d000ed32917402079ce48bed55,1,,2026-08-23T13:02:45.530636+00:00
474,NEARUSDT,5m,2026-05,kline:NEARUSDT:5m:2026-05,https://data.binance.vision/data/futures/um/monthly/klines/NEARUSDT/5m/NEARUSDT-5m-2026-05.zip,https://data.binance.vision/data/futures/um/monthly/klines/NEARUSDT/5m/NEARUSDT-5m-2026-05.zip.CHECKSUM,AVAILABLE,200,,2e5fdc8ed0c27434b388fbea6ed3eea47407cca9c25697aba674171b661d7790,1,,2026-08-23T13:02:45.874714+00:00
475,NEARUSDT,5m,2026-06,kline:NEARUSDT:5m:2026-06,https://data.binance.vision/data/futures/um/monthly/klines/NEARUSDT/5m/NEARUSDT-5m-2026-06.zip,https://data.binance.vision/data/futures/um/monthly/klines/NEARUSDT/5m/NEARUSDT-5m-2026-06.zip.CHECKSUM,AVAILABLE,200,,8024fd3bb10deb2228a5a958c9d1c0fc2dd8acec17860924f8e558a12dfe483d,1,,2026-08-23T13:02:45.536489+00:00
476,NEARUSDT,5m,2026-07,kline:NEARUSDT:5m:2026-07,https://data.binance.vision/data/futures/um/monthly/klines/NEARUSDT/5m/NEARUSDT-5m-2026-07.zip,https://data.binance.vision/data/futures/um/monthly/klines/NEARUSDT/5m/NEARUSDT-5m-2026-07.zip.CHECKSUM,AVAILABLE,200,,1130f8eede0665612a2b2c453f9f99d7ccce2fc52b26fb74497a54aada1bbed6,1,,2026-08-23T13:02:45.532000+00:00
477,NEARUSDT,1m,2026-04,kline:NEARUSDT:1m:2026-04,https://data.binance.vision/data/futures/um/monthly/klines/NEARUSDT/1m/NEARUSDT-1m-2026-04.zip,https://data.binance.vision/data/futures/um/monthly/klines/NEARUSDT/1m/NEARUSDT-1m-2026-04.zip.CHECKSUM,AVAILABLE,200,,b50147b9eaad20414686379ca1b938737b4acc9135b09144aef0ba0aa0ad2f23,1,,2026-08-23T13:02:45.533878+00:00
478,NEARUSDT,1m,2026-05,kline:NEARUSDT:1m:2026-05,https://data.binance.vision/data/futures/um/monthly/klines/NEARUSDT/1m/NEARUSDT-1m-2026-05.zip,https://data.binance.vision/data/futures/um/monthly/klines/NEARUSDT/1m/NEARUSDT-1m-2026-05.zip.CHECKSUM,AVAILABLE,200,,f9c0c3e753ff5c579b8d3f5d2e3b7d295094d8f14a860413b28f71c9502fff18,1,,2026-08-23T13:02:45.540442+00:00
479,NEARUSDT,1m,2026-06,kline:NEARUSDT:1m:2026-06,https://data.binance.vision/data/futures/um/monthly/klines/NEARUSDT/1m/NEARUSDT-1m-2026-06.zip,https://data.binance.vision/data/futures/um/monthly/klines/NEARUSDT/1m/NEARUSDT-1m-2026-06.zip.CHECKSUM,AVAILABLE,200,,39ea4b16815c63c051da8900e5d0c6cee92bbb59d51c03c8c3f82853527fe54d,1,,2026-08-23T13:02:45.539397+00:00
480,NEARUSDT,1m,2026-07,kline:NEARUSDT:1m:2026-07,https://data.binance.vision/data/futures/um/monthly/klines/NEARUSDT/1m/NEARUSDT-1m-2026-07.zip,https://data.binance.vision/data/futures/um/monthly/klines/NEARUSDT/1m/NEARUSDT-1m-2026-07.zip.CHECKSUM,AVAILABLE,200,,37465e3334fb54b8e795989c4bacf1f6e3187cda8a6464fa0cb4af3afbfc7cc4,1,,2026-08-23T13:02:45.539973+00:00
481,ASTERUSDT,1d,2026-04,kline:ASTERUSDT:1d:2026-04,https://data.binance.vision/data/futures/um/monthly/klines/ASTERUSDT/1d/ASTERUSDT-1d-2026-04.zip,https://data.binance.vision/data/futures/um/monthly/klines/ASTERUSDT/1d/ASTERUSDT-1d-2026-04.zip.CHECKSUM,AVAILABLE,200,,652e8ffd8d9bbe9b7040b5986bea0a66759e6450cbb364aed9a38afa00b05c71,1,,2026-08-23T13:02:45.530179+00:00
482,ASTERUSDT,1d,2026-05,kline:ASTERUSDT:1d:2026-05,https://data.binance.vision/data/futures/um/monthly/klines/ASTERUSDT/1d/ASTERUSDT-1d-2026-05.zip,https://data.binance.vision/data/futures/um/monthly/klines/ASTERUSDT/1d/ASTERUSDT-1d-2026-05.zip.CHECKSUM,AVAILABLE,200,,8dbc3f3ae60a8883a2c554d74fa2646d102df2939b6407e4db0565983027373a,1,,2026-08-23T13:02:45.546404+00:00
483,ASTERUSDT,1d,2026-06,kline:ASTERUSDT:1d:2026-06,https://data.binance.vision/data/futures/um/monthly/klines/ASTERUSDT/1d/ASTERUSDT-1d-2026-06.zip,https://data.binance.vision/data/futures/um/monthly/klines/ASTERUSDT/1d/ASTERUSDT-1d-2026-06.zip.CHECKSUM,AVAILABLE,200,,4cee83c1c65af0a5653ee36e1acd34923bf0a2c63024a904f56fcdaca1b30b27,1,,2026-08-23T13:02:45.541451+00:00
484,ASTERUSDT,1d,2026-07,kline:ASTERUSDT:1d:2026-07,https://data.binance.vision/data/futures/um/monthly/klines/ASTERUSDT/1d/ASTERUSDT-1d-2026-07.zip,https://data.binance.vision/data/futures/um/monthly/klines/ASTERUSDT/1d/ASTERUSDT-1d-2026-07.zip.CHECKSUM,AVAILABLE,200,,88d23314bf3af4312cf90de31423c778269bfbad3e2804937ca031fb71c08feb,1,,2026-08-23T13:02:45.551886+00:00
485,ASTERUSDT,4h,2026-04,kline:ASTERUSDT:4h:2026-04,https://data.binance.vision/data/futures/um/monthly/klines/ASTERUSDT/4h/ASTERUSDT-4h-2026-04.zip,https://data.binance.vision/data/futures/um/monthly/klines/ASTERUSDT/4h/ASTERUSDT-4h-2026-04.zip.CHECKSUM,AVAILABLE,200,,b343755e81a048d4389bb57d3133b6023f3273dad06770408806ab9ab51aa075,1,,2026-08-23T13:02:45.555830+00:00
486,ASTERUSDT,4h,2026-05,kline:ASTERUSDT:4h:2026-05,https://data.binance.vision/data/futures/um/monthly/klines/ASTERUSDT/4h/ASTERUSDT-4h-2026-05.zip,https://data.binance.vision/data/futures/um/monthly/klines/ASTERUSDT/4h/ASTERUSDT-4h-2026-05.zip.CHECKSUM,AVAILABLE,200,,2eb2add8b29433b15387297863a14028db1871f7bd9b7c100bae2949a30f4a93,1,,2026-08-23T13:02:45.620994+00:00
487,ASTERUSDT,4h,2026-06,kline:ASTERUSDT:4h:2026-06,https://data.binance.vision/data/futures/um/monthly/klines/ASTERUSDT/4h/ASTERUSDT-4h-2026-06.zip,https://data.binance.vision/data/futures/um/monthly/klines/ASTERUSDT/4h/ASTERUSDT-4h-2026-06.zip.CHECKSUM,AVAILABLE,200,,9a46f3d64adee2aa80cb8b30936341f6573cc43a83c8b0c9a9cdeb3aaf5fb8e0,1,,2026-08-23T13:02:45.644272+00:00
488,ASTERUSDT,4h,2026-07,kline:ASTERUSDT:4h:2026-07,https://data.binance.vision/data/futures/um/monthly/klines/ASTERUSDT/4h/ASTERUSDT-4h-2026-07.zip,https://data.binance.vision/data/futures/um/monthly/klines/ASTERUSDT/4h/ASTERUSDT-4h-2026-07.zip.CHECKSUM,AVAILABLE,200,,74d4102189240bafc3899d010c61e4bb1629b3fa1d1be75ec53a6908332647f4,1,,2026-08-23T13:02:45.650162+00:00
489,ASTERUSDT,1h,2026-04,kline:ASTERUSDT:1h:2026-04,https://data.binance.vision/data/futures/um/monthly/klines/ASTERUSDT/1h/ASTERUSDT-1h-2026-04.zip,https://data.binance.vision/data/futures/um/monthly/klines/ASTERUSDT/1h/ASTERUSDT-1h-2026-04.zip.CHECKSUM,AVAILABLE,200,,30ca1eec8c5801ccca8b280bdfa517c08b5f7a074edcbeb3164f6846e167ae68,1,,2026-08-23T13:02:45.651110+00:00
490,ASTERUSDT,1h,2026-05,kline:ASTERUSDT:1h:2026-05,https://data.binance.vision/data/futures/um/monthly/klines/ASTERUSDT/1h/ASTERUSDT-1h-2026-05.zip,https://data.binance.vision/data/futures/um/monthly/klines/ASTERUSDT/1h/ASTERUSDT-1h-2026-05.zip.CHECKSUM,AVAILABLE,200,,fc6bc9d7cba5f0126a9a95a4198725bec4ca29f6122e9b0e42836c0a3dacdbd0,1,,2026-08-23T13:02:45.665551+00:00
491,ASTERUSDT,1h,2026-06,kline:ASTERUSDT:1h:2026-06,https://data.binance.vision/data/futures/um/monthly/klines/ASTERUSDT/1h/ASTERUSDT-1h-2026-06.zip,https://data.binance.vision/data/futures/um/monthly/klines/ASTERUSDT/1h/ASTERUSDT-1h-2026-06.zip.CHECKSUM,AVAILABLE,200,,63f0b2dfa51f51ac3f2a1e89f9ac64fb0e6de04caea9a14fe7bdba645d41d3c2,1,,2026-08-23T13:02:45.651345+00:00
492,ASTERUSDT,1h,2026-07,kline:ASTERUSDT:1h:2026-07,https://data.binance.vision/data/futures/um/monthly/klines/ASTERUSDT/1h/ASTERUSDT-1h-2026-07.zip,https://data.binance.vision/data/futures/um/monthly/klines/ASTERUSDT/1h/ASTERUSDT-1h-2026-07.zip.CHECKSUM,AVAILABLE,200,,22d95c46a64bdfdc78c5708bbc60875bb24cffa58b8551e8fde3874b42cc1fc4,1,,2026-08-23T13:02:45.646599+00:00
493,ASTERUSDT,15m,2026-04,kline:ASTERUSDT:15m:2026-04,https://data.binance.vision/data/futures/um/monthly/klines/ASTERUSDT/15m/ASTERUSDT-15m-2026-04.zip,https://data.binance.vision/data/futures/um/monthly/klines/ASTERUSDT/15m/ASTERUSDT-15m-2026-04.zip.CHECKSUM,AVAILABLE,200,,09b0b4841c63b77547dbf9e072051df848a6e6781b8e6cc9a83d6b2354194217,1,,2026-08-23T13:02:45.987380+00:00
494,ASTERUSDT,15m,2026-05,kline:ASTERUSDT:15m:2026-05,https://data.binance.vision/data/futures/um/monthly/klines/ASTERUSDT/15m/ASTERUSDT-15m-2026-05.zip,https://data.binance.vision/data/futures/um/monthly/klines/ASTERUSDT/15m/ASTERUSDT-15m-2026-05.zip.CHECKSUM,AVAILABLE,200,,2076a14848e5daafd35e51a950290932988792337425452975be96828ea97442,1,,2026-08-23T13:02:45.666453+00:00
495,ASTERUSDT,15m,2026-06,kline:ASTERUSDT:15m:2026-06,https://data.binance.vision/data/futures/um/monthly/klines/ASTERUSDT/15m/ASTERUSDT-15m-2026-06.zip,https://data.binance.vision/data/futures/um/monthly/klines/ASTERUSDT/15m/ASTERUSDT-15m-2026-06.zip.CHECKSUM,AVAILABLE,200,,045b6fbf8eec5a90ab55c74e70a84ca1529c44dad539420f79543fefbc34f79d,1,,2026-08-23T13:02:45.664137+00:00
496,ASTERUSDT,15m,2026-07,kline:ASTERUSDT:15m:2026-07,https://data.binance.vision/data/futures/um/monthly/klines/ASTERUSDT/15m/ASTERUSDT-15m-2026-07.zip,https://data.binance.vision/data/futures/um/monthly/klines/ASTERUSDT/15m/ASTERUSDT-15m-2026-07.zip.CHECKSUM,AVAILABLE,200,,18e95de91b4e0a3398d9a7c7bcfd4e37b32a81177be1f4bf7ef5d00bf3a94706,1,,2026-08-23T13:02:45.669236+00:00
497,ASTERUSDT,5m,2026-04,kline:ASTERUSDT:5m:2026-04,https://data.binance.vision/data/futures/um/monthly/klines/ASTERUSDT/5m/ASTERUSDT-5m-2026-04.zip,https://data.binance.vision/data/futures/um/monthly/klines/ASTERUSDT/5m/ASTERUSDT-5m-2026-04.zip.CHECKSUM,AVAILABLE,200,,d4e5e39a448830bee5418edbfa7957eda9241ca618714b4be99bbd481b4eea19,1,,2026-08-23T13:02:45.685402+00:00
498,ASTERUSDT,5m,2026-05,kline:ASTERUSDT:5m:2026-05,https://data.binance.vision/data/futures/um/monthly/klines/ASTERUSDT/5m/ASTERUSDT-5m-2026-05.zip,https://data.binance.vision/data/futures/um/monthly/klines/ASTERUSDT/5m/ASTERUSDT-5m-2026-05.zip.CHECKSUM,AVAILABLE,200,,903b0c9205cb3b13a4e3717dde8a41ed62d4cd17f328c779824ca276eb51a18b,1,,2026-08-23T13:02:45.709602+00:00
499,ASTERUSDT,5m,2026-06,kline:ASTERUSDT:5m:2026-06,https://data.binance.vision/data/futures/um/monthly/klines/ASTERUSDT/5m/ASTERUSDT-5m-2026-06.zip,https://data.binance.vision/data/futures/um/monthly/klines/ASTERUSDT/5m/ASTERUSDT-5m-2026-06.zip.CHECKSUM,AVAILABLE,200,,3b58fa6aa502d17ff966688c79012bed6df0b2fca35347decca7badeb33428df,1,,2026-08-23T13:02:45.741937+00:00
500,ASTERUSDT,5m,2026-07,kline:ASTERUSDT:5m:2026-07,https://data.binance.vision/data/futures/um/monthly/klines/ASTERUSDT/5m/ASTERUSDT-5m-2026-07.zip,https://data.binance.vision/data/futures/um/monthly/klines/ASTERUSDT/5m/ASTERUSDT-5m-2026-07.zip.CHECKSUM,AVAILABLE,200,,e631fbab31a2d2957a3bc1c1b5ec3d5b9e144225e04c7e92107865682f2236d5,1,,2026-08-23T13:02:45.740812+00:00
501,ASTERUSDT,1m,2026-04,kline:ASTERUSDT:1m:2026-04,https://data.binance.vision/data/futures/um/monthly/klines/ASTERUSDT/1m/ASTERUSDT-1m-2026-04.zip,https://data.binance.vision/data/futures/um/monthly/klines/ASTERUSDT/1m/ASTERUSDT-1m-2026-04.zip.CHECKSUM,AVAILABLE,200,,a16a1b57a25390c5aac41a9f365f94dbe808b695b3a44e03e6f8f8a5d5c6ef2a,1,,2026-08-23T13:02:45.728735+00:00
502,ASTERUSDT,1m,2026-05,kline:ASTERUSDT:1m:2026-05,https://data.binance.vision/data/futures/um/monthly/klines/ASTERUSDT/1m/ASTERUSDT-1m-2026-05.zip,https://data.binance.vision/data/futures/um/monthly/klines/ASTERUSDT/1m/ASTERUSDT-1m-2026-05.zip.CHECKSUM,AVAILABLE,200,,295fc2b04dcd0bc9f515fb37e1bcb79225ed1c7d47fb839f9fee56c5d8389e74,1,,2026-08-23T13:02:45.719888+00:00
503,ASTERUSDT,1m,2026-06,kline:ASTERUSDT:1m:2026-06,https://data.binance.vision/data/futures/um/monthly/klines/ASTERUSDT/1m/ASTERUSDT-1m-2026-06.zip,https://data.binance.vision/data/futures/um/monthly/klines/ASTERUSDT/1m/ASTERUSDT-1m-2026-06.zip.CHECKSUM,AVAILABLE,200,,85069d15b5699608e7038bcf0c533502b9a25b638d9a8d78bc36bb4e297ed4b8,1,,2026-08-23T13:02:45.737673+00:00
504,ASTERUSDT,1m,2026-07,kline:ASTERUSDT:1m:2026-07,https://data.binance.vision/data/futures/um/monthly/klines/ASTERUSDT/1m/ASTERUSDT-1m-2026-07.zip,https://data.binance.vision/data/futures/um/monthly/klines/ASTERUSDT/1m/ASTERUSDT-1m-2026-07.zip.CHECKSUM,AVAILABLE,200,,7e56f1edaacdee0c2352f9e6d879d2704a4520bebb29ff55ab0844773b77ae31,1,,2026-08-23T13:02:45.730325+00:00
505,TRUMPUSDT,1d,2026-04,kline:TRUMPUSDT:1d:2026-04,https://data.binance.vision/data/futures/um/monthly/klines/TRUMPUSDT/1d/TRUMPUSDT-1d-2026-04.zip,https://data.binance.vision/data/futures/um/monthly/klines/TRUMPUSDT/1d/TRUMPUSDT-1d-2026-04.zip.CHECKSUM,AVAILABLE,200,,6922fc165121441da24f0f5bf6de024f0c2bb03a2a9dc4b4e1fc169186b06c8b,1,,2026-08-23T13:02:45.735711+00:00
506,TRUMPUSDT,1d,2026-05,kline:TRUMPUSDT:1d:2026-05,https://data.binance.vision/data/futures/um/monthly/klines/TRUMPUSDT/1d/TRUMPUSDT-1d-2026-05.zip,https://data.binance.vision/data/futures/um/monthly/klines/TRUMPUSDT/1d/TRUMPUSDT-1d-2026-05.zip.CHECKSUM,AVAILABLE,200,,baca7cc5cfb478c92f87ea592b0f88343f395f8a68f56732b6dd24980e105ed3,1,,2026-08-23T13:02:45.738742+00:00
507,TRUMPUSDT,1d,2026-06,kline:TRUMPUSDT:1d:2026-06,https://data.binance.vision/data/futures/um/monthly/klines/TRUMPUSDT/1d/TRUMPUSDT-1d-2026-06.zip,https://data.binance.vision/data/futures/um/monthly/klines/TRUMPUSDT/1d/TRUMPUSDT-1d-2026-06.zip.CHECKSUM,AVAILABLE,200,,a8dfb3f7ca66ba81dcfc7b9139e1576961816273f11a663c7234ae8ea104945e,1,,2026-08-23T13:02:45.734913+00:00
508,TRUMPUSDT,1d,2026-07,kline:TRUMPUSDT:1d:2026-07,https://data.binance.vision/data/futures/um/monthly/klines/TRUMPUSDT/1d/TRUMPUSDT-1d-2026-07.zip,https://data.binance.vision/data/futures/um/monthly/klines/TRUMPUSDT/1d/TRUMPUSDT-1d-2026-07.zip.CHECKSUM,AVAILABLE,200,,c762e7b2068555cf0e1ad8a59fa925c8d4d58c9684af5ffa1b9eb3d3533936a5,1,,2026-08-23T13:02:45.737860+00:00
509,TRUMPUSDT,4h,2026-04,kline:TRUMPUSDT:4h:2026-04,https://data.binance.vision/data/futures/um/monthly/klines/TRUMPUSDT/4h/TRUMPUSDT-4h-2026-04.zip,https://data.binance.vision/data/futures/um/monthly/klines/TRUMPUSDT/4h/TRUMPUSDT-4h-2026-04.zip.CHECKSUM,AVAILABLE,200,,3ec1304c06e73b936c742a7944c90294f52e09f188e51fe8eaebcf6309bfda88,1,,2026-08-23T13:02:45.745076+00:00
510,TRUMPUSDT,4h,2026-05,kline:TRUMPUSDT:4h:2026-05,https://data.binance.vision/data/futures/um/monthly/klines/TRUMPUSDT/4h/TRUMPUSDT-4h-2026-05.zip,https://data.binance.vision/data/futures/um/monthly/klines/TRUMPUSDT/4h/TRUMPUSDT-4h-2026-05.zip.CHECKSUM,AVAILABLE,200,,17bda637947d4e446be026c71bc5c3f6b513a3030d872f2271c4589c482c1843,1,,2026-08-23T13:02:45.747247+00:00
511,TRUMPUSDT,4h,2026-06,kline:TRUMPUSDT:4h:2026-06,https://data.binance.vision/data/futures/um/monthly/klines/TRUMPUSDT/4h/TRUMPUSDT-4h-2026-06.zip,https://data.binance.vision/data/futures/um/monthly/klines/TRUMPUSDT/4h/TRUMPUSDT-4h-2026-06.zip.CHECKSUM,AVAILABLE,200,,a531e2016fed436f094f609e1c86ed2e9c0eeb440ea06d07062af03408fd8018,1,,2026-08-23T13:02:45.739298+00:00
512,TRUMPUSDT,4h,2026-07,kline:TRUMPUSDT:4h:2026-07,https://data.binance.vision/data/futures/um/monthly/klines/TRUMPUSDT/4h/TRUMPUSDT-4h-2026-07.zip,https://data.binance.vision/data/futures/um/monthly/klines/TRUMPUSDT/4h/TRUMPUSDT-4h-2026-07.zip.CHECKSUM,AVAILABLE,200,,91c0f14816e2b12438b5213066b91e069bd2f2069f711497ba1cbcfc83bfae47,1,,2026-08-23T13:02:45.747770+00:00
513,TRUMPUSDT,1h,2026-04,kline:TRUMPUSDT:1h:2026-04,https://data.binance.vision/data/futures/um/monthly/klines/TRUMPUSDT/1h/TRUMPUSDT-1h-2026-04.zip,https://data.binance.vision/data/futures/um/monthly/klines/TRUMPUSDT/1h/TRUMPUSDT-1h-2026-04.zip.CHECKSUM,AVAILABLE,200,,a3b50397065a53ca4de1c31453ff4befda53798949657b70097acbf4830b0761,1,,2026-08-23T13:02:45.752781+00:00
514,TRUMPUSDT,1h,2026-05,kline:TRUMPUSDT:1h:2026-05,https://data.binance.vision/data/futures/um/monthly/klines/TRUMPUSDT/1h/TRUMPUSDT-1h-2026-05.zip,https://data.binance.vision/data/futures/um/monthly/klines/TRUMPUSDT/1h/TRUMPUSDT-1h-2026-05.zip.CHECKSUM,AVAILABLE,200,,565584dad6d36aea84ddf022f4197433ed033462f0a8a3fe3c4043fa67ac26d7,1,,2026-08-23T13:02:45.754371+00:00
515,TRUMPUSDT,1h,2026-06,kline:TRUMPUSDT:1h:2026-06,https://data.binance.vision/data/futures/um/monthly/klines/TRUMPUSDT/1h/TRUMPUSDT-1h-2026-06.zip,https://data.binance.vision/data/futures/um/monthly/klines/TRUMPUSDT/1h/TRUMPUSDT-1h-2026-06.zip.CHECKSUM,AVAILABLE,200,,6143f27be5185ecb71458686851d0c584b193e6a8cb59f0e6321a6396e6938a1,1,,2026-08-23T13:02:45.758018+00:00
516,TRUMPUSDT,1h,2026-07,kline:TRUMPUSDT:1h:2026-07,https://data.binance.vision/data/futures/um/monthly/klines/TRUMPUSDT/1h/TRUMPUSDT-1h-2026-07.zip,https://data.binance.vision/data/futures/um/monthly/klines/TRUMPUSDT/1h/TRUMPUSDT-1h-2026-07.zip.CHECKSUM,AVAILABLE,200,,147fd7ff0979bed8bc0243798e922e0731930607df152b8a8f6e7396c4d6ca68,1,,2026-08-23T13:02:45.760953+00:00
517,TRUMPUSDT,15m,2026-04,kline:TRUMPUSDT:15m:2026-04,https://data.binance.vision/data/futures/um/monthly/klines/TRUMPUSDT/15m/TRUMPUSDT-15m-2026-04.zip,https://data.binance.vision/data/futures/um/monthly/klines/TRUMPUSDT/15m/TRUMPUSDT-15m-2026-04.zip.CHECKSUM,AVAILABLE,200,,2e43d239241a12791ca48a4caf6ab3406f765b60ba6354cdc5f82cf8ee3d52fd,1,,2026-08-23T13:02:45.830005+00:00
518,TRUMPUSDT,15m,2026-05,kline:TRUMPUSDT:15m:2026-05,https://data.binance.vision/data/futures/um/monthly/klines/TRUMPUSDT/15m/TRUMPUSDT-15m-2026-05.zip,https://data.binance.vision/data/futures/um/monthly/klines/TRUMPUSDT/15m/TRUMPUSDT-15m-2026-05.zip.CHECKSUM,AVAILABLE,200,,6ce245330f41a5fa93f662d976b7cec06a11b349c8dad31db7d8e683dd11c594,1,,2026-08-23T13:02:45.850244+00:00
519,TRUMPUSDT,15m,2026-06,kline:TRUMPUSDT:15m:2026-06,https://data.binance.vision/data/futures/um/monthly/klines/TRUMPUSDT/15m/TRUMPUSDT-15m-2026-06.zip,https://data.binance.vision/data/futures/um/monthly/klines/TRUMPUSDT/15m/TRUMPUSDT-15m-2026-06.zip.CHECKSUM,AVAILABLE,200,,c09f459b881973b7c3579c058551cdccf32700aea4b151aee718f112376a0dfb,1,,2026-08-23T13:02:45.863510+00:00
520,TRUMPUSDT,15m,2026-07,kline:TRUMPUSDT:15m:2026-07,https://data.binance.vision/data/futures/um/monthly/klines/TRUMPUSDT/15m/TRUMPUSDT-15m-2026-07.zip,https://data.binance.vision/data/futures/um/monthly/klines/TRUMPUSDT/15m/TRUMPUSDT-15m-2026-07.zip.CHECKSUM,AVAILABLE,200,,62f222c4b42565869be3f91c27e410b7dc713eb50f991a27cc55a1f864479141,1,,2026-08-23T13:02:45.855020+00:00
521,TRUMPUSDT,5m,2026-04,kline:TRUMPUSDT:5m:2026-04,https://data.binance.vision/data/futures/um/monthly/klines/TRUMPUSDT/5m/TRUMPUSDT-5m-2026-04.zip,https://data.binance.vision/data/futures/um/monthly/klines/TRUMPUSDT/5m/TRUMPUSDT-5m-2026-04.zip.CHECKSUM,AVAILABLE,200,,394139f5181bf8ac12aeba3cff10c77afe1d7358e71969edbf73b71938cb1f82,1,,2026-08-23T13:02:45.854563+00:00
522,TRUMPUSDT,5m,2026-05,kline:TRUMPUSDT:5m:2026-05,https://data.binance.vision/data/futures/um/monthly/klines/TRUMPUSDT/5m/TRUMPUSDT-5m-2026-05.zip,https://data.binance.vision/data/futures/um/monthly/klines/TRUMPUSDT/5m/TRUMPUSDT-5m-2026-05.zip.CHECKSUM,AVAILABLE,200,,003266cff0bb720e90ed093c2059d4c02750488fe47c8ba4a74016d24560e244,1,,2026-08-23T13:02:45.853175+00:00
523,TRUMPUSDT,5m,2026-06,kline:TRUMPUSDT:5m:2026-06,https://data.binance.vision/data/futures/um/monthly/klines/TRUMPUSDT/5m/TRUMPUSDT-5m-2026-06.zip,https://data.binance.vision/data/futures/um/monthly/klines/TRUMPUSDT/5m/TRUMPUSDT-5m-2026-06.zip.CHECKSUM,AVAILABLE,200,,b8010fc13723122e3fc8eb21624103d5c98842faf925d366bdd7588b1787a1b2,1,,2026-08-23T13:02:45.870978+00:00
524,TRUMPUSDT,5m,2026-07,kline:TRUMPUSDT:5m:2026-07,https://data.binance.vision/data/futures/um/monthly/klines/TRUMPUSDT/5m/TRUMPUSDT-5m-2026-07.zip,https://data.binance.vision/data/futures/um/monthly/klines/TRUMPUSDT/5m/TRUMPUSDT-5m-2026-07.zip.CHECKSUM,AVAILABLE,200,,906c60c188499101d894564ac41247584dfd1b124317f01e827c1bb7f5106cca,1,,2026-08-23T13:02:45.881680+00:00
525,TRUMPUSDT,1m,2026-04,kline:TRUMPUSDT:1m:2026-04,https://data.binance.vision/data/futures/um/monthly/klines/TRUMPUSDT/1m/TRUMPUSDT-1m-2026-04.zip,https://data.binance.vision/data/futures/um/monthly/klines/TRUMPUSDT/1m/TRUMPUSDT-1m-2026-04.zip.CHECKSUM,AVAILABLE,200,,d5a75c59e0e919e1256220a531c2a0ff563468be25f2ac85476d816ab12f468a,1,,2026-08-23T13:02:45.926524+00:00
526,TRUMPUSDT,1m,2026-05,kline:TRUMPUSDT:1m:2026-05,https://data.binance.vision/data/futures/um/monthly/klines/TRUMPUSDT/1m/TRUMPUSDT-1m-2026-05.zip,https://data.binance.vision/data/futures/um/monthly/klines/TRUMPUSDT/1m/TRUMPUSDT-1m-2026-05.zip.CHECKSUM,AVAILABLE,200,,0799aebac61ef7d0b19de79cb12d561782934e0f2dc8283762d433e17c985b59,1,,2026-08-23T13:02:45.876583+00:00
527,TRUMPUSDT,1m,2026-06,kline:TRUMPUSDT:1m:2026-06,https://data.binance.vision/data/futures/um/monthly/klines/TRUMPUSDT/1m/TRUMPUSDT-1m-2026-06.zip,https://data.binance.vision/data/futures/um/monthly/klines/TRUMPUSDT/1m/TRUMPUSDT-1m-2026-06.zip.CHECKSUM,AVAILABLE,200,,cacfdfd0e25584ddc9725e8f7b8c256c4356b3bd6ba7e817038bbe9fae790c07,1,,2026-08-23T13:02:45.893272+00:00
528,TRUMPUSDT,1m,2026-07,kline:TRUMPUSDT:1m:2026-07,https://data.binance.vision/data/futures/um/monthly/klines/TRUMPUSDT/1m/TRUMPUSDT-1m-2026-07.zip,https://data.binance.vision/data/futures/um/monthly/klines/TRUMPUSDT/1m/TRUMPUSDT-1m-2026-07.zip.CHECKSUM,AVAILABLE,200,,7f679659aaf002497b7e49a44f1cae3c368575877649199689d21caec7520819,1,,2026-08-23T13:02:45.918429+00:00
529,ACEUSDT,1d,2026-04,kline:ACEUSDT:1d:2026-04,https://data.binance.vision/data/futures/um/monthly/klines/ACEUSDT/1d/ACEUSDT-1d-2026-04.zip,https://data.binance.vision/data/futures/um/monthly/klines/ACEUSDT/1d/ACEUSDT-1d-2026-04.zip.CHECKSUM,AVAILABLE,200,,9c03c61aa3d5e512ba4a0b7cf5113d3fe63888cbab70cc0276d67a95d4d9a27c,1,,2026-08-23T13:02:45.927488+00:00
530,ACEUSDT,1d,2026-05,kline:ACEUSDT:1d:2026-05,https://data.binance.vision/data/futures/um/monthly/klines/ACEUSDT/1d/ACEUSDT-1d-2026-05.zip,https://data.binance.vision/data/futures/um/monthly/klines/ACEUSDT/1d/ACEUSDT-1d-2026-05.zip.CHECKSUM,AVAILABLE,200,,c9b3004ba75a6b487db6855b504e3af817929bcbbc39d0730e286e46da9af68e,1,,2026-08-23T13:02:46.274314+00:00
531,ACEUSDT,1d,2026-06,kline:ACEUSDT:1d:2026-06,https://data.binance.vision/data/futures/um/monthly/klines/ACEUSDT/1d/ACEUSDT-1d-2026-06.zip,https://data.binance.vision/data/futures/um/monthly/klines/ACEUSDT/1d/ACEUSDT-1d-2026-06.zip.CHECKSUM,AVAILABLE,200,,faf4e215dc670642a054a7840822ab49de258d0ee7c8d5bd96135990b81129bb,1,,2026-08-23T13:02:45.946317+00:00
532,ACEUSDT,1d,2026-07,kline:ACEUSDT:1d:2026-07,https://data.binance.vision/data/futures/um/monthly/klines/ACEUSDT/1d/ACEUSDT-1d-2026-07.zip,https://data.binance.vision/data/futures/um/monthly/klines/ACEUSDT/1d/ACEUSDT-1d-2026-07.zip.CHECKSUM,AVAILABLE,200,,26f301f7731bb6336285a322de5a79d473b67cecf3f40c900173579a3041e2f2,1,,2026-08-23T13:02:45.943897+00:00
533,ACEUSDT,4h,2026-04,kline:ACEUSDT:4h:2026-04,https://data.binance.vision/data/futures/um/monthly/klines/ACEUSDT/4h/ACEUSDT-4h-2026-04.zip,https://data.binance.vision/data/futures/um/monthly/klines/ACEUSDT/4h/ACEUSDT-4h-2026-04.zip.CHECKSUM,AVAILABLE,200,,d66948ae0e29f95d7a213396d259f5926cf480a9dd85cca71809fe449f27b5ca,1,,2026-08-23T13:02:45.950631+00:00
534,ACEUSDT,4h,2026-05,kline:ACEUSDT:4h:2026-05,https://data.binance.vision/data/futures/um/monthly/klines/ACEUSDT/4h/ACEUSDT-4h-2026-05.zip,https://data.binance.vision/data/futures/um/monthly/klines/ACEUSDT/4h/ACEUSDT-4h-2026-05.zip.CHECKSUM,AVAILABLE,200,,7ac9e206c94014d8e9b9fab3bcc527d5cc1784155aa0802ae1703b9512b6a87a,1,,2026-08-23T13:02:45.948455+00:00
535,ACEUSDT,4h,2026-06,kline:ACEUSDT:4h:2026-06,https://data.binance.vision/data/futures/um/monthly/klines/ACEUSDT/4h/ACEUSDT-4h-2026-06.zip,https://data.binance.vision/data/futures/um/monthly/klines/ACEUSDT/4h/ACEUSDT-4h-2026-06.zip.CHECKSUM,AVAILABLE,200,,7f76fb525851798a9935b34e8d9a88650fe5536bbcee59d92277a060e7163cca,1,,2026-08-23T13:02:45.945079+00:00
536,ACEUSDT,4h,2026-07,kline:ACEUSDT:4h:2026-07,https://data.binance.vision/data/futures/um/monthly/klines/ACEUSDT/4h/ACEUSDT-4h-2026-07.zip,https://data.binance.vision/data/futures/um/monthly/klines/ACEUSDT/4h/ACEUSDT-4h-2026-07.zip.CHECKSUM,AVAILABLE,200,,a43358b98787319efb2178a6a6fb775627c8ad9f249b8742dd8e2f2f5b357ede,1,,2026-08-23T13:02:45.939960+00:00
537,ACEUSDT,1h,2026-04,kline:ACEUSDT:1h:2026-04,https://data.binance.vision/data/futures/um/monthly/klines/ACEUSDT/1h/ACEUSDT-1h-2026-04.zip,https://data.binance.vision/data/futures/um/monthly/klines/ACEUSDT/1h/ACEUSDT-1h-2026-04.zip.CHECKSUM,AVAILABLE,200,,c40421053613ecd6241a95533f26fafbbf87097dc0cf2c5bc6bb7299fd7e6de7,1,,2026-08-23T13:02:45.945239+00:00
538,ACEUSDT,1h,2026-05,kline:ACEUSDT:1h:2026-05,https://data.binance.vision/data/futures/um/monthly/klines/ACEUSDT/1h/ACEUSDT-1h-2026-05.zip,https://data.binance.vision/data/futures/um/monthly/klines/ACEUSDT/1h/ACEUSDT-1h-2026-05.zip.CHECKSUM,AVAILABLE,200,,9d3d4445fef33eebbd1acab5844121edf3d772718cc8875a4ca3d93f67bd226a,1,,2026-08-23T13:02:45.944647+00:00
539,ACEUSDT,1h,2026-06,kline:ACEUSDT:1h:2026-06,https://data.binance.vision/data/futures/um/monthly/klines/ACEUSDT/1h/ACEUSDT-1h-2026-06.zip,https://data.binance.vision/data/futures/um/monthly/klines/ACEUSDT/1h/ACEUSDT-1h-2026-06.zip.CHECKSUM,AVAILABLE,200,,9d4439a7784a029c4670406ba7c8c2e10afbb5cd96ceb4f52201c62a3581edab,1,,2026-08-23T13:02:46.071055+00:00
540,ACEUSDT,1h,2026-07,kline:ACEUSDT:1h:2026-07,https://data.binance.vision/data/futures/um/monthly/klines/ACEUSDT/1h/ACEUSDT-1h-2026-07.zip,https://data.binance.vision/data/futures/um/monthly/klines/ACEUSDT/1h/ACEUSDT-1h-2026-07.zip.CHECKSUM,AVAILABLE,200,,263a6fce03ca1775cbbe0f89b267712989955fff6786cc163215fda4c34105cc,1,,2026-08-23T13:02:45.950014+00:00
541,ACEUSDT,15m,2026-04,kline:ACEUSDT:15m:2026-04,https://data.binance.vision/data/futures/um/monthly/klines/ACEUSDT/15m/ACEUSDT-15m-2026-04.zip,https://data.binance.vision/data/futures/um/monthly/klines/ACEUSDT/15m/ACEUSDT-15m-2026-04.zip.CHECKSUM,AVAILABLE,200,,5388210c90f294a311769465d282ed1c0fbcce318f1065870ad526b2d5b33478,1,,2026-08-23T13:02:45.948906+00:00
542,ACEUSDT,15m,2026-05,kline:ACEUSDT:15m:2026-05,https://data.binance.vision/data/futures/um/monthly/klines/ACEUSDT/15m/ACEUSDT-15m-2026-05.zip,https://data.binance.vision/data/futures/um/monthly/klines/ACEUSDT/15m/ACEUSDT-15m-2026-05.zip.CHECKSUM,AVAILABLE,200,,d643d1d6c87a8bdd03958400440294576a706bb36130d98560a856d72bc047a9,1,,2026-08-23T13:02:45.953402+00:00
543,ACEUSDT,15m,2026-06,kline:ACEUSDT:15m:2026-06,https://data.binance.vision/data/futures/um/monthly/klines/ACEUSDT/15m/ACEUSDT-15m-2026-06.zip,https://data.binance.vision/data/futures/um/monthly/klines/ACEUSDT/15m/ACEUSDT-15m-2026-06.zip.CHECKSUM,AVAILABLE,200,,6953fdacac3b5d27badfae8b2e504df9dc84b4bdb8ef48d5c118631a530e821b,1,,2026-08-23T13:02:45.960175+00:00
544,ACEUSDT,15m,2026-07,kline:ACEUSDT:15m:2026-07,https://data.binance.vision/data/futures/um/monthly/klines/ACEUSDT/15m/ACEUSDT-15m-2026-07.zip,https://data.binance.vision/data/futures/um/monthly/klines/ACEUSDT/15m/ACEUSDT-15m-2026-07.zip.CHECKSUM,AVAILABLE,200,,53295bec9a0cb6d8ce7414ba07d399a77db8e3b232399acd3498a0efc93cc838,1,,2026-08-23T13:02:45.955607+00:00
545,ACEUSDT,5m,2026-04,kline:ACEUSDT:5m:2026-04,https://data.binance.vision/data/futures/um/monthly/klines/ACEUSDT/5m/ACEUSDT-5m-2026-04.zip,https://data.binance.vision/data/futures/um/monthly/klines/ACEUSDT/5m/ACEUSDT-5m-2026-04.zip.CHECKSUM,AVAILABLE,200,,f1323253158ef938c24ad07451a6c401beb5b9b34d639e9933da58c687f02be4,1,,2026-08-23T13:02:45.959577+00:00
546,ACEUSDT,5m,2026-05,kline:ACEUSDT:5m:2026-05,https://data.binance.vision/data/futures/um/monthly/klines/ACEUSDT/5m/ACEUSDT-5m-2026-05.zip,https://data.binance.vision/data/futures/um/monthly/klines/ACEUSDT/5m/ACEUSDT-5m-2026-05.zip.CHECKSUM,AVAILABLE,200,,70939f8399d20c48d5303bea3667d7b92516ccc3fd80e50f7f5e1a0eb549036d,1,,2026-08-23T13:02:45.964347+00:00
547,ACEUSDT,5m,2026-06,kline:ACEUSDT:5m:2026-06,https://data.binance.vision/data/futures/um/monthly/klines/ACEUSDT/5m/ACEUSDT-5m-2026-06.zip,https://data.binance.vision/data/futures/um/monthly/klines/ACEUSDT/5m/ACEUSDT-5m-2026-06.zip.CHECKSUM,AVAILABLE,200,,6799b008313091f826be8c69f2d2a40a993160316a360eecf3ea1cf6291c2867,1,,2026-08-23T13:02:46.028965+00:00
548,ACEUSDT,5m,2026-07,kline:ACEUSDT:5m:2026-07,https://data.binance.vision/data/futures/um/monthly/klines/ACEUSDT/5m/ACEUSDT-5m-2026-07.zip,https://data.binance.vision/data/futures/um/monthly/klines/ACEUSDT/5m/ACEUSDT-5m-2026-07.zip.CHECKSUM,AVAILABLE,200,,1ead8fb4de50de4a2ad4a826a8ec674cb91c16c7508055726396e0a45fa1ee32,1,,2026-08-23T13:02:46.051588+00:00
549,ACEUSDT,1m,2026-04,kline:ACEUSDT:1m:2026-04,https://data.binance.vision/data/futures/um/monthly/klines/ACEUSDT/1m/ACEUSDT-1m-2026-04.zip,https://data.binance.vision/data/futures/um/monthly/klines/ACEUSDT/1m/ACEUSDT-1m-2026-04.zip.CHECKSUM,AVAILABLE,200,,be6cd5c3e29bc34fba6da39a711d9a6e7f47ce9c1c7ce56dc86019310e4bd4cc,1,,2026-08-23T13:02:46.057125+00:00
550,ACEUSDT,1m,2026-05,kline:ACEUSDT:1m:2026-05,https://data.binance.vision/data/futures/um/monthly/klines/ACEUSDT/1m/ACEUSDT-1m-2026-05.zip,https://data.binance.vision/data/futures/um/monthly/klines/ACEUSDT/1m/ACEUSDT-1m-2026-05.zip.CHECKSUM,AVAILABLE,200,,ca39bd05a62e0470b93b777a1304de400ebbc264230ef5a964658a6b0706ce6e,1,,2026-08-23T13:02:46.052082+00:00
551,ACEUSDT,1m,2026-06,kline:ACEUSDT:1m:2026-06,https://data.binance.vision/data/futures/um/monthly/klines/ACEUSDT/1m/ACEUSDT-1m-2026-06.zip,https://data.binance.vision/data/futures/um/monthly/klines/ACEUSDT/1m/ACEUSDT-1m-2026-06.zip.CHECKSUM,AVAILABLE,200,,7fa83edbea6b2f3a1ea349edbe1ead848f270011deded917bc7e2acf0b7c1408,1,,2026-08-23T13:02:46.065696+00:00
552,ACEUSDT,1m,2026-07,kline:ACEUSDT:1m:2026-07,https://data.binance.vision/data/futures/um/monthly/klines/ACEUSDT/1m/ACEUSDT-1m-2026-07.zip,https://data.binance.vision/data/futures/um/monthly/klines/ACEUSDT/1m/ACEUSDT-1m-2026-07.zip.CHECKSUM,AVAILABLE,200,,1dcc57138a254a2c67535bf44ec8f76bbac2cb5c4c52eaa4cc0c2fb63733a32b,1,,2026-08-23T13:02:46.068182+00:00
553,AVAXUSDT,1d,2026-04,kline:AVAXUSDT:1d:2026-04,https://data.binance.vision/data/futures/um/monthly/klines/AVAXUSDT/1d/AVAXUSDT-1d-2026-04.zip,https://data.binance.vision/data/futures/um/monthly/klines/AVAXUSDT/1d/AVAXUSDT-1d-2026-04.zip.CHECKSUM,AVAILABLE,200,,a310a45b888a9cbfaa82c9761a707aac837b0b8a36cedd08f2cf1d7bd31a0f3b,1,,2026-08-23T13:02:46.075368+00:00
554,AVAXUSDT,1d,2026-05,kline:AVAXUSDT:1d:2026-05,https://data.binance.vision/data/futures/um/monthly/klines/AVAXUSDT/1d/AVAXUSDT-1d-2026-05.zip,https://data.binance.vision/data/futures/um/monthly/klines/AVAXUSDT/1d/AVAXUSDT-1d-2026-05.zip.CHECKSUM,AVAILABLE,200,,35c2748b3115cf5891d798424ebe81d122382ebd1ddbc8ec8a1fea101b7012e5,1,,2026-08-23T13:02:46.080795+00:00
555,AVAXUSDT,1d,2026-06,kline:AVAXUSDT:1d:2026-06,https://data.binance.vision/data/futures/um/monthly/klines/AVAXUSDT/1d/AVAXUSDT-1d-2026-06.zip,https://data.binance.vision/data/futures/um/monthly/klines/AVAXUSDT/1d/AVAXUSDT-1d-2026-06.zip.CHECKSUM,AVAILABLE,200,,b3b995a55bebea55d931d0ff1d5ff85b78b83bdcd98aa27c0155e7c21d1104b8,1,,2026-08-23T13:02:46.083289+00:00
556,AVAXUSDT,1d,2026-07,kline:AVAXUSDT:1d:2026-07,https://data.binance.vision/data/futures/um/monthly/klines/AVAXUSDT/1d/AVAXUSDT-1d-2026-07.zip,https://data.binance.vision/data/futures/um/monthly/klines/AVAXUSDT/1d/AVAXUSDT-1d-2026-07.zip.CHECKSUM,AVAILABLE,200,,b41289620afee091bee458af7b0a70d26a7f58990ee4148f26cfb0c75d013e14,1,,2026-08-23T13:02:46.094491+00:00
557,AVAXUSDT,4h,2026-04,kline:AVAXUSDT:4h:2026-04,https://data.binance.vision/data/futures/um/monthly/klines/AVAXUSDT/4h/AVAXUSDT-4h-2026-04.zip,https://data.binance.vision/data/futures/um/monthly/klines/AVAXUSDT/4h/AVAXUSDT-4h-2026-04.zip.CHECKSUM,AVAILABLE,200,,81f30e347b15249894ec9874e958f17abbcead74f6f768685d8cc8aa789b853a,1,,2026-08-23T13:02:46.099683+00:00
558,AVAXUSDT,4h,2026-05,kline:AVAXUSDT:4h:2026-05,https://data.binance.vision/data/futures/um/monthly/klines/AVAXUSDT/4h/AVAXUSDT-4h-2026-05.zip,https://data.binance.vision/data/futures/um/monthly/klines/AVAXUSDT/4h/AVAXUSDT-4h-2026-05.zip.CHECKSUM,AVAILABLE,200,,b816218981b12f6a567d35860b1d26e4081a6ef3e8354c0fe942714b9b58a588,1,,2026-08-23T13:02:46.122394+00:00
559,AVAXUSDT,4h,2026-06,kline:AVAXUSDT:4h:2026-06,https://data.binance.vision/data/futures/um/monthly/klines/AVAXUSDT/4h/AVAXUSDT-4h-2026-06.zip,https://data.binance.vision/data/futures/um/monthly/klines/AVAXUSDT/4h/AVAXUSDT-4h-2026-06.zip.CHECKSUM,AVAILABLE,200,,e3180d11356172ad09e9dd5633cc18aaa1a9c8ba4a8f5cd6b232de93c27cf816,1,,2026-08-23T13:02:46.468751+00:00
560,AVAXUSDT,4h,2026-07,kline:AVAXUSDT:4h:2026-07,https://data.binance.vision/data/futures/um/monthly/klines/AVAXUSDT/4h/AVAXUSDT-4h-2026-07.zip,https://data.binance.vision/data/futures/um/monthly/klines/AVAXUSDT/4h/AVAXUSDT-4h-2026-07.zip.CHECKSUM,AVAILABLE,200,,c566bba9bd3c3c77c0d4071b08643f39ebf5f727b1d5aa47177a1c67a27c86ff,1,,2026-08-23T13:02:46.134348+00:00
561,AVAXUSDT,1h,2026-04,kline:AVAXUSDT:1h:2026-04,https://data.binance.vision/data/futures/um/monthly/klines/AVAXUSDT/1h/AVAXUSDT-1h-2026-04.zip,https://data.binance.vision/data/futures/um/monthly/klines/AVAXUSDT/1h/AVAXUSDT-1h-2026-04.zip.CHECKSUM,AVAILABLE,200,,330c5145366e46d3ce11c0554e549e250df703be7570184fefd86a4db4ad8eb7,1,,2026-08-23T13:02:46.142494+00:00
562,AVAXUSDT,1h,2026-05,kline:AVAXUSDT:1h:2026-05,https://data.binance.vision/data/futures/um/monthly/klines/AVAXUSDT/1h/AVAXUSDT-1h-2026-05.zip,https://data.binance.vision/data/futures/um/monthly/klines/AVAXUSDT/1h/AVAXUSDT-1h-2026-05.zip.CHECKSUM,AVAILABLE,200,,eff9574f5906bbf0f026c91961f900c36e5379e5918802960aa6386b7946c141,1,,2026-08-23T13:02:46.456919+00:00
563,AVAXUSDT,1h,2026-06,kline:AVAXUSDT:1h:2026-06,https://data.binance.vision/data/futures/um/monthly/klines/AVAXUSDT/1h/AVAXUSDT-1h-2026-06.zip,https://data.binance.vision/data/futures/um/monthly/klines/AVAXUSDT/1h/AVAXUSDT-1h-2026-06.zip.CHECKSUM,AVAILABLE,200,,d0deb5c979fbc81b7dfdd1b35c0bb5425941b5f7ac270f30baeaa466208e3edc,1,,2026-08-23T13:02:46.148074+00:00
564,AVAXUSDT,1h,2026-07,kline:AVAXUSDT:1h:2026-07,https://data.binance.vision/data/futures/um/monthly/klines/AVAXUSDT/1h/AVAXUSDT-1h-2026-07.zip,https://data.binance.vision/data/futures/um/monthly/klines/AVAXUSDT/1h/AVAXUSDT-1h-2026-07.zip.CHECKSUM,AVAILABLE,200,,4375f0ac4ae192e863fb4722df9afec601409a3fa48e1f7bdcac0419f4159389,1,,2026-08-23T13:02:46.151255+00:00
565,AVAXUSDT,15m,2026-04,kline:AVAXUSDT:15m:2026-04,https://data.binance.vision/data/futures/um/monthly/klines/AVAXUSDT/15m/AVAXUSDT-15m-2026-04.zip,https://data.binance.vision/data/futures/um/monthly/klines/AVAXUSDT/15m/AVAXUSDT-15m-2026-04.zip.CHECKSUM,AVAILABLE,200,,0dc6c4e221d0d7a1588197bcc09846fea9eaa4c2c9d701d1fe41211b43e02b00,1,,2026-08-23T13:02:46.490009+00:00
566,AVAXUSDT,15m,2026-05,kline:AVAXUSDT:15m:2026-05,https://data.binance.vision/data/futures/um/monthly/klines/AVAXUSDT/15m/AVAXUSDT-15m-2026-05.zip,https://data.binance.vision/data/futures/um/monthly/klines/AVAXUSDT/15m/AVAXUSDT-15m-2026-05.zip.CHECKSUM,AVAILABLE,200,,b38ff128c624b3f9c39648e76230c980695204e369be3c9423906e8fb207f6a8,1,,2026-08-23T13:02:46.262185+00:00
567,AVAXUSDT,15m,2026-06,kline:AVAXUSDT:15m:2026-06,https://data.binance.vision/data/futures/um/monthly/klines/AVAXUSDT/15m/AVAXUSDT-15m-2026-06.zip,https://data.binance.vision/data/futures/um/monthly/klines/AVAXUSDT/15m/AVAXUSDT-15m-2026-06.zip.CHECKSUM,AVAILABLE,200,,bf8306c9ecfbcaf60a2e9f3a11257741daee42c2523dedaef33411bb8ca96b2f,1,,2026-08-23T13:02:46.153796+00:00
568,AVAXUSDT,15m,2026-07,kline:AVAXUSDT:15m:2026-07,https://data.binance.vision/data/futures/um/monthly/klines/AVAXUSDT/15m/AVAXUSDT-15m-2026-07.zip,https://data.binance.vision/data/futures/um/monthly/klines/AVAXUSDT/15m/AVAXUSDT-15m-2026-07.zip.CHECKSUM,AVAILABLE,200,,de0ad0328607df583ec02ecad8bbe511e22dccc7f6001269b2bf93b60f9bc38c,1,,2026-08-23T13:02:46.154790+00:00
569,AVAXUSDT,5m,2026-04,kline:AVAXUSDT:5m:2026-04,https://data.binance.vision/data/futures/um/monthly/klines/AVAXUSDT/5m/AVAXUSDT-5m-2026-04.zip,https://data.binance.vision/data/futures/um/monthly/klines/AVAXUSDT/5m/AVAXUSDT-5m-2026-04.zip.CHECKSUM,AVAILABLE,200,,f07f4f64c217c588bde8c34209cbb79d88aba56057c0cef3bf05ab50047056c4,1,,2026-08-23T13:02:46.154254+00:00
570,AVAXUSDT,5m,2026-05,kline:AVAXUSDT:5m:2026-05,https://data.binance.vision/data/futures/um/monthly/klines/AVAXUSDT/5m/AVAXUSDT-5m-2026-05.zip,https://data.binance.vision/data/futures/um/monthly/klines/AVAXUSDT/5m/AVAXUSDT-5m-2026-05.zip.CHECKSUM,AVAILABLE,200,,f45488617deeb3792d3805e044f7912a5f5e0b195cf6f6d91ca0137dcf2fe03b,1,,2026-08-23T13:02:46.155305+00:00
571,AVAXUSDT,5m,2026-06,kline:AVAXUSDT:5m:2026-06,https://data.binance.vision/data/futures/um/monthly/klines/AVAXUSDT/5m/AVAXUSDT-5m-2026-06.zip,https://data.binance.vision/data/futures/um/monthly/klines/AVAXUSDT/5m/AVAXUSDT-5m-2026-06.zip.CHECKSUM,AVAILABLE,200,,73f4e58ce8c4d765e7d9cf31cdb79cc8c63099d0787105b02ecd335f3e59eec2,1,,2026-08-23T13:02:46.158494+00:00
572,AVAXUSDT,5m,2026-07,kline:AVAXUSDT:5m:2026-07,https://data.binance.vision/data/futures/um/monthly/klines/AVAXUSDT/5m/AVAXUSDT-5m-2026-07.zip,https://data.binance.vision/data/futures/um/monthly/klines/AVAXUSDT/5m/AVAXUSDT-5m-2026-07.zip.CHECKSUM,AVAILABLE,200,,61ec0406a49a0eceb861eff6f8b0a94fd7311a9c0ff2e3cf75b75377fc01beed,1,,2026-08-23T13:02:46.157579+00:00
573,AVAXUSDT,1m,2026-04,kline:AVAXUSDT:1m:2026-04,https://data.binance.vision/data/futures/um/monthly/klines/AVAXUSDT/1m/AVAXUSDT-1m-2026-04.zip,https://data.binance.vision/data/futures/um/monthly/klines/AVAXUSDT/1m/AVAXUSDT-1m-2026-04.zip.CHECKSUM,AVAILABLE,200,,8a789e697d9db0c45a4aa6428a1fceaa5a1317880d8bf354c8e35c733cc366c9,1,,2026-08-23T13:02:46.168627+00:00
574,AVAXUSDT,1m,2026-05,kline:AVAXUSDT:1m:2026-05,https://data.binance.vision/data/futures/um/monthly/klines/AVAXUSDT/1m/AVAXUSDT-1m-2026-05.zip,https://data.binance.vision/data/futures/um/monthly/klines/AVAXUSDT/1m/AVAXUSDT-1m-2026-05.zip.CHECKSUM,AVAILABLE,200,,bd697712ecb9b95198073a094d14b2e15a4b206dc88c3c61f5dd7360dd34a4d8,1,,2026-08-23T13:02:46.163962+00:00
575,AVAXUSDT,1m,2026-06,kline:AVAXUSDT:1m:2026-06,https://data.binance.vision/data/futures/um/monthly/klines/AVAXUSDT/1m/AVAXUSDT-1m-2026-06.zip,https://data.binance.vision/data/futures/um/monthly/klines/AVAXUSDT/1m/AVAXUSDT-1m-2026-06.zip.CHECKSUM,AVAILABLE,200,,948167e0903e3b420749a5606a9653250e93a377b4f0f171f927e00700108cc7,1,,2026-08-23T13:02:46.177953+00:00
576,AVAXUSDT,1m,2026-07,kline:AVAXUSDT:1m:2026-07,https://data.binance.vision/data/futures/um/monthly/klines/AVAXUSDT/1m/AVAXUSDT-1m-2026-07.zip,https://data.binance.vision/data/futures/um/monthly/klines/AVAXUSDT/1m/AVAXUSDT-1m-2026-07.zip.CHECKSUM,AVAILABLE,200,,92afe765109a0d185a1d35d8024ec44ab1a427d78711199c7321feeebd75a4f9,1,,2026-08-23T13:02:46.196016+00:00
577,AAVEUSDT,1d,2026-04,kline:AAVEUSDT:1d:2026-04,https://data.binance.vision/data/futures/um/monthly/klines/AAVEUSDT/1d/AAVEUSDT-1d-2026-04.zip,https://data.binance.vision/data/futures/um/monthly/klines/AAVEUSDT/1d/AAVEUSDT-1d-2026-04.zip.CHECKSUM,AVAILABLE,200,,d230e4001336e394861850c652d5cc55cf6a2afbf4b5cd56bc5b0b21a99d1fda,1,,2026-08-23T13:02:46.244889+00:00
578,AAVEUSDT,1d,2026-05,kline:AAVEUSDT:1d:2026-05,https://data.binance.vision/data/futures/um/monthly/klines/AAVEUSDT/1d/AAVEUSDT-1d-2026-05.zip,https://data.binance.vision/data/futures/um/monthly/klines/AAVEUSDT/1d/AAVEUSDT-1d-2026-05.zip.CHECKSUM,AVAILABLE,200,,e2258741f10e1fa3493b4432016f0c4e4c882b980ad49a73b2ef09b3828699ad,1,,2026-08-23T13:02:46.252155+00:00
579,AAVEUSDT,1d,2026-06,kline:AAVEUSDT:1d:2026-06,https://data.binance.vision/data/futures/um/monthly/klines/AAVEUSDT/1d/AAVEUSDT-1d-2026-06.zip,https://data.binance.vision/data/futures/um/monthly/klines/AAVEUSDT/1d/AAVEUSDT-1d-2026-06.zip.CHECKSUM,AVAILABLE,200,,0806fc46ea7fb524288fb00bc4beb58993577e36cfc0957e108efe64e06b987e,1,,2026-08-23T13:02:46.254510+00:00
580,AAVEUSDT,1d,2026-07,kline:AAVEUSDT:1d:2026-07,https://data.binance.vision/data/futures/um/monthly/klines/AAVEUSDT/1d/AAVEUSDT-1d-2026-07.zip,https://data.binance.vision/data/futures/um/monthly/klines/AAVEUSDT/1d/AAVEUSDT-1d-2026-07.zip.CHECKSUM,AVAILABLE,200,,aaa2f32fef65ba7659ba282bf8256efcef48090af46dd66ab676dcfe7ccb833b,1,,2026-08-23T13:02:46.266057+00:00
581,AAVEUSDT,4h,2026-04,kline:AAVEUSDT:4h:2026-04,https://data.binance.vision/data/futures/um/monthly/klines/AAVEUSDT/4h/AAVEUSDT-4h-2026-04.zip,https://data.binance.vision/data/futures/um/monthly/klines/AAVEUSDT/4h/AAVEUSDT-4h-2026-04.zip.CHECKSUM,AVAILABLE,200,,ec9f13e1b90fb997b1933d42232833b1a72c8245f883541156e636c992061eb5,1,,2026-08-23T13:02:46.615907+00:00
582,AAVEUSDT,4h,2026-05,kline:AAVEUSDT:4h:2026-05,https://data.binance.vision/data/futures/um/monthly/klines/AAVEUSDT/4h/AAVEUSDT-4h-2026-05.zip,https://data.binance.vision/data/futures/um/monthly/klines/AAVEUSDT/4h/AAVEUSDT-4h-2026-05.zip.CHECKSUM,AVAILABLE,200,,540456e307396e3485612dee523e13139b6cf220a6a9462408f6da50eaa9c6d3,1,,2026-08-23T13:02:46.270465+00:00
583,AAVEUSDT,4h,2026-06,kline:AAVEUSDT:4h:2026-06,https://data.binance.vision/data/futures/um/monthly/klines/AAVEUSDT/4h/AAVEUSDT-4h-2026-06.zip,https://data.binance.vision/data/futures/um/monthly/klines/AAVEUSDT/4h/AAVEUSDT-4h-2026-06.zip.CHECKSUM,AVAILABLE,200,,e995433a103fb461c4efb768ffc30703a4d2348e455540e6d273742147d5ad3d,1,,2026-08-23T13:02:46.271349+00:00
584,AAVEUSDT,4h,2026-07,kline:AAVEUSDT:4h:2026-07,https://data.binance.vision/data/futures/um/monthly/klines/AAVEUSDT/4h/AAVEUSDT-4h-2026-07.zip,https://data.binance.vision/data/futures/um/monthly/klines/AAVEUSDT/4h/AAVEUSDT-4h-2026-07.zip.CHECKSUM,AVAILABLE,200,,34184f3d82641ec52494b9a2012b21faf85f4dcc07c544c76795e4b29ae42944,1,,2026-08-23T13:02:46.275725+00:00
585,AAVEUSDT,1h,2026-04,kline:AAVEUSDT:1h:2026-04,https://data.binance.vision/data/futures/um/monthly/klines/AAVEUSDT/1h/AAVEUSDT-1h-2026-04.zip,https://data.binance.vision/data/futures/um/monthly/klines/AAVEUSDT/1h/AAVEUSDT-1h-2026-04.zip.CHECKSUM,AVAILABLE,200,,631a7825e5069f9f7d4bbec55c596c08dd2c0d813d2bf657fa8871d0ad36b226,1,,2026-08-23T13:02:46.304817+00:00
586,AAVEUSDT,1h,2026-05,kline:AAVEUSDT:1h:2026-05,https://data.binance.vision/data/futures/um/monthly/klines/AAVEUSDT/1h/AAVEUSDT-1h-2026-05.zip,https://data.binance.vision/data/futures/um/monthly/klines/AAVEUSDT/1h/AAVEUSDT-1h-2026-05.zip.CHECKSUM,AVAILABLE,200,,4a15b99f999b2f1db9407376ef9fe47e16595b36334a64bc1f3285ab88bd5b00,1,,2026-08-23T13:02:46.284497+00:00
587,AAVEUSDT,1h,2026-06,kline:AAVEUSDT:1h:2026-06,https://data.binance.vision/data/futures/um/monthly/klines/AAVEUSDT/1h/AAVEUSDT-1h-2026-06.zip,https://data.binance.vision/data/futures/um/monthly/klines/AAVEUSDT/1h/AAVEUSDT-1h-2026-06.zip.CHECKSUM,AVAILABLE,200,,e2d5d3bed9aacd48f355287e8159c1fce0a14de442f72cc1a08de32d00c17029,1,,2026-08-23T13:02:46.294707+00:00
588,AAVEUSDT,1h,2026-07,kline:AAVEUSDT:1h:2026-07,https://data.binance.vision/data/futures/um/monthly/klines/AAVEUSDT/1h/AAVEUSDT-1h-2026-07.zip,https://data.binance.vision/data/futures/um/monthly/klines/AAVEUSDT/1h/AAVEUSDT-1h-2026-07.zip.CHECKSUM,AVAILABLE,200,,ca15a25a76ef480a2c170daa9b1868741be269101220fc558075221091cf44c5,1,,2026-08-23T13:02:46.304990+00:00
589,AAVEUSDT,15m,2026-04,kline:AAVEUSDT:15m:2026-04,https://data.binance.vision/data/futures/um/monthly/klines/AAVEUSDT/15m/AAVEUSDT-15m-2026-04.zip,https://data.binance.vision/data/futures/um/monthly/klines/AAVEUSDT/15m/AAVEUSDT-15m-2026-04.zip.CHECKSUM,AVAILABLE,200,,101447bd756fd595cf225b3a4a232e33288333bc49927b6deeb21113045f368e,1,,2026-08-23T13:02:46.326400+00:00
590,AAVEUSDT,15m,2026-05,kline:AAVEUSDT:15m:2026-05,https://data.binance.vision/data/futures/um/monthly/klines/AAVEUSDT/15m/AAVEUSDT-15m-2026-05.zip,https://data.binance.vision/data/futures/um/monthly/klines/AAVEUSDT/15m/AAVEUSDT-15m-2026-05.zip.CHECKSUM,AVAILABLE,200,,af335e96be4f3a6ebb1819297b3c87846fa86fc6f141371571c2aa4b28f79e4d,1,,2026-08-23T13:02:46.347887+00:00
591,AAVEUSDT,15m,2026-06,kline:AAVEUSDT:15m:2026-06,https://data.binance.vision/data/futures/um/monthly/klines/AAVEUSDT/15m/AAVEUSDT-15m-2026-06.zip,https://data.binance.vision/data/futures/um/monthly/klines/AAVEUSDT/15m/AAVEUSDT-15m-2026-06.zip.CHECKSUM,AVAILABLE,200,,525c1534619ec5459d6de86488caa02b89b7bce7ab9c1f9cd07a7267bdbc0b78,1,,2026-08-23T13:02:46.345511+00:00
592,AAVEUSDT,15m,2026-07,kline:AAVEUSDT:15m:2026-07,https://data.binance.vision/data/futures/um/monthly/klines/AAVEUSDT/15m/AAVEUSDT-15m-2026-07.zip,https://data.binance.vision/data/futures/um/monthly/klines/AAVEUSDT/15m/AAVEUSDT-15m-2026-07.zip.CHECKSUM,AVAILABLE,200,,5fb8eceadee6d2c7abad6a0b949c3e759c646ac34f4996c0875c078e12140003,1,,2026-08-23T13:02:46.353914+00:00
593,AAVEUSDT,5m,2026-04,kline:AAVEUSDT:5m:2026-04,https://data.binance.vision/data/futures/um/monthly/klines/AAVEUSDT/5m/AAVEUSDT-5m-2026-04.zip,https://data.binance.vision/data/futures/um/monthly/klines/AAVEUSDT/5m/AAVEUSDT-5m-2026-04.zip.CHECKSUM,AVAILABLE,200,,3ad3666a2b9ed1dcf0c7463f6f6411d4ead3c57d400579ad39c82905b42be942,1,,2026-08-23T13:02:46.368697+00:00
594,AAVEUSDT,5m,2026-05,kline:AAVEUSDT:5m:2026-05,https://data.binance.vision/data/futures/um/monthly/klines/AAVEUSDT/5m/AAVEUSDT-5m-2026-05.zip,https://data.binance.vision/data/futures/um/monthly/klines/AAVEUSDT/5m/AAVEUSDT-5m-2026-05.zip.CHECKSUM,AVAILABLE,200,,a6bf0002e24945db9c6815ab8608bccc4fa04d7987742370828db22f504ccae6,1,,2026-08-23T13:02:46.358450+00:00
595,AAVEUSDT,5m,2026-06,kline:AAVEUSDT:5m:2026-06,https://data.binance.vision/data/futures/um/monthly/klines/AAVEUSDT/5m/AAVEUSDT-5m-2026-06.zip,https://data.binance.vision/data/futures/um/monthly/klines/AAVEUSDT/5m/AAVEUSDT-5m-2026-06.zip.CHECKSUM,AVAILABLE,200,,c2214d6fda27de27bdd1e422c990b36c2e2999810e638947da4b1213de6a9bab,1,,2026-08-23T13:02:46.359788+00:00
596,AAVEUSDT,5m,2026-07,kline:AAVEUSDT:5m:2026-07,https://data.binance.vision/data/futures/um/monthly/klines/AAVEUSDT/5m/AAVEUSDT-5m-2026-07.zip,https://data.binance.vision/data/futures/um/monthly/klines/AAVEUSDT/5m/AAVEUSDT-5m-2026-07.zip.CHECKSUM,AVAILABLE,200,,de19aa607dd38de69a8d87285fbd9dbf1237611c4ffad3b5f6ec240e35086499,1,,2026-08-23T13:02:46.373717+00:00
597,AAVEUSDT,1m,2026-04,kline:AAVEUSDT:1m:2026-04,https://data.binance.vision/data/futures/um/monthly/klines/AAVEUSDT/1m/AAVEUSDT-1m-2026-04.zip,https://data.binance.vision/data/futures/um/monthly/klines/AAVEUSDT/1m/AAVEUSDT-1m-2026-04.zip.CHECKSUM,AVAILABLE,200,,350eb2c794797e9b0947b8e008ddf95190c7c2eadaf15ff8ffe8b022d6e78873,1,,2026-08-23T13:02:46.469280+00:00
598,AAVEUSDT,1m,2026-05,kline:AAVEUSDT:1m:2026-05,https://data.binance.vision/data/futures/um/monthly/klines/AAVEUSDT/1m/AAVEUSDT-1m-2026-05.zip,https://data.binance.vision/data/futures/um/monthly/klines/AAVEUSDT/1m/AAVEUSDT-1m-2026-05.zip.CHECKSUM,AVAILABLE,200,,30fbcff37f91046d91f74570e34b5373dc07a81f897d4d96873a6b8d05c1b20d,1,,2026-08-23T13:02:46.363928+00:00
599,AAVEUSDT,1m,2026-06,kline:AAVEUSDT:1m:2026-06,https://data.binance.vision/data/futures/um/monthly/klines/AAVEUSDT/1m/AAVEUSDT-1m-2026-06.zip,https://data.binance.vision/data/futures/um/monthly/klines/AAVEUSDT/1m/AAVEUSDT-1m-2026-06.zip.CHECKSUM,AVAILABLE,200,,95c832b8f1935d7d9cda766b0a0e01213e2db929499a41c499b9fe0bfa46fd15,1,,2026-08-23T13:02:46.364504+00:00
600,AAVEUSDT,1m,2026-07,kline:AAVEUSDT:1m:2026-07,https://data.binance.vision/data/futures/um/monthly/klines/AAVEUSDT/1m/AAVEUSDT-1m-2026-07.zip,https://data.binance.vision/data/futures/um/monthly/klines/AAVEUSDT/1m/AAVEUSDT-1m-2026-07.zip.CHECKSUM,AVAILABLE,200,,e7cfff4e60f612b82bead726c39d0940ce4c483e4d0b75d67b69b78cb364d2c0,1,,2026-08-23T13:02:46.367724+00:00
601,BEATUSDT,1d,2026-04,kline:BEATUSDT:1d:2026-04,https://data.binance.vision/data/futures/um/monthly/klines/BEATUSDT/1d/BEATUSDT-1d-2026-04.zip,https://data.binance.vision/data/futures/um/monthly/klines/BEATUSDT/1d/BEATUSDT-1d-2026-04.zip.CHECKSUM,AVAILABLE,200,,9392d5a196f42bfa0e867ff0cc7263c4dec2bbf57a4a4e0c2767880a0dbc9539,1,,2026-08-23T13:02:46.375745+00:00
602,BEATUSDT,1d,2026-05,kline:BEATUSDT:1d:2026-05,https://data.binance.vision/data/futures/um/monthly/klines/BEATUSDT/1d/BEATUSDT-1d-2026-05.zip,https://data.binance.vision/data/futures/um/monthly/klines/BEATUSDT/1d/BEATUSDT-1d-2026-05.zip.CHECKSUM,AVAILABLE,200,,7fcea9f33757c661ae53c89adb14e3b7cce4a8f1acca98f88a7d868eafd3d157,1,,2026-08-23T13:02:46.382688+00:00
603,BEATUSDT,1d,2026-06,kline:BEATUSDT:1d:2026-06,https://data.binance.vision/data/futures/um/monthly/klines/BEATUSDT/1d/BEATUSDT-1d-2026-06.zip,https://data.binance.vision/data/futures/um/monthly/klines/BEATUSDT/1d/BEATUSDT-1d-2026-06.zip.CHECKSUM,AVAILABLE,200,,c10cdabfc5f97c373a93d1d8af178d13404f13eafc077fd81142852ebde34371,1,,2026-08-23T13:02:46.403321+00:00
604,BEATUSDT,1d,2026-07,kline:BEATUSDT:1d:2026-07,https://data.binance.vision/data/futures/um/monthly/klines/BEATUSDT/1d/BEATUSDT-1d-2026-07.zip,https://data.binance.vision/data/futures/um/monthly/klines/BEATUSDT/1d/BEATUSDT-1d-2026-07.zip.CHECKSUM,AVAILABLE,200,,e1e6e8f233168d57271ea7f76a92bbde882c5f494052efa4a6848bb4d56a26d0,1,,2026-08-23T13:02:46.715072+00:00
605,BEATUSDT,4h,2026-04,kline:BEATUSDT:4h:2026-04,https://data.binance.vision/data/futures/um/monthly/klines/BEATUSDT/4h/BEATUSDT-4h-2026-04.zip,https://data.binance.vision/data/futures/um/monthly/klines/BEATUSDT/4h/BEATUSDT-4h-2026-04.zip.CHECKSUM,AVAILABLE,200,,7d5d8ec1ef02cbb5109397b35b3e0722f4938ca900c337abf664aefca86edc0c,1,,2026-08-23T13:02:46.456109+00:00
606,BEATUSDT,4h,2026-05,kline:BEATUSDT:4h:2026-05,https://data.binance.vision/data/futures/um/monthly/klines/BEATUSDT/4h/BEATUSDT-4h-2026-05.zip,https://data.binance.vision/data/futures/um/monthly/klines/BEATUSDT/4h/BEATUSDT-4h-2026-05.zip.CHECKSUM,AVAILABLE,200,,e1c13c1d2f2e62f8da78166bfa68a1882726dbc1c410368a42894dfec31c57ec,1,,2026-08-23T13:02:46.461915+00:00
607,BEATUSDT,4h,2026-06,kline:BEATUSDT:4h:2026-06,https://data.binance.vision/data/futures/um/monthly/klines/BEATUSDT/4h/BEATUSDT-4h-2026-06.zip,https://data.binance.vision/data/futures/um/monthly/klines/BEATUSDT/4h/BEATUSDT-4h-2026-06.zip.CHECKSUM,AVAILABLE,200,,e87921f250e8c2197040c1f5b84e2baafb8dc981c6a9961adb9a14176b338a11,1,,2026-08-23T13:02:46.464409+00:00
608,BEATUSDT,4h,2026-07,kline:BEATUSDT:4h:2026-07,https://data.binance.vision/data/futures/um/monthly/klines/BEATUSDT/4h/BEATUSDT-4h-2026-07.zip,https://data.binance.vision/data/futures/um/monthly/klines/BEATUSDT/4h/BEATUSDT-4h-2026-07.zip.CHECKSUM,AVAILABLE,200,,afc816e6e2e913cfb381b9ac1a74aacfd373e3d36d24a7da18d1ccf6d26fd9ba,1,,2026-08-23T13:02:46.473525+00:00
609,BEATUSDT,1h,2026-04,kline:BEATUSDT:1h:2026-04,https://data.binance.vision/data/futures/um/monthly/klines/BEATUSDT/1h/BEATUSDT-1h-2026-04.zip,https://data.binance.vision/data/futures/um/monthly/klines/BEATUSDT/1h/BEATUSDT-1h-2026-04.zip.CHECKSUM,AVAILABLE,200,,cad095ca971cc11c5df699ef02976e7a9cb6559bef5c23fccebdf74dc557e934,1,,2026-08-23T13:02:46.478150+00:00
610,BEATUSDT,1h,2026-05,kline:BEATUSDT:1h:2026-05,https://data.binance.vision/data/futures/um/monthly/klines/BEATUSDT/1h/BEATUSDT-1h-2026-05.zip,https://data.binance.vision/data/futures/um/monthly/klines/BEATUSDT/1h/BEATUSDT-1h-2026-05.zip.CHECKSUM,AVAILABLE,200,,047b20a624b2fa87f226ae160ff467cf5c3da55a1c78004ad685d4643917b363,1,,2026-08-23T13:02:46.476183+00:00
611,BEATUSDT,1h,2026-06,kline:BEATUSDT:1h:2026-06,https://data.binance.vision/data/futures/um/monthly/klines/BEATUSDT/1h/BEATUSDT-1h-2026-06.zip,https://data.binance.vision/data/futures/um/monthly/klines/BEATUSDT/1h/BEATUSDT-1h-2026-06.zip.CHECKSUM,AVAILABLE,200,,ff982591865b1fe35d352cc2f3a2cc90ecaccad8793f57cb42bb0ac6f5deb309,1,,2026-08-23T13:02:46.478838+00:00
612,BEATUSDT,1h,2026-07,kline:BEATUSDT:1h:2026-07,https://data.binance.vision/data/futures/um/monthly/klines/BEATUSDT/1h/BEATUSDT-1h-2026-07.zip,https://data.binance.vision/data/futures/um/monthly/klines/BEATUSDT/1h/BEATUSDT-1h-2026-07.zip.CHECKSUM,AVAILABLE,200,,24d14ed4102f9fcf36f8fed9229e8acddeba8549e67fc7b0ec2cf3771fa3e5f7,1,,2026-08-23T13:02:46.821770+00:00
613,BEATUSDT,15m,2026-04,kline:BEATUSDT:15m:2026-04,https://data.binance.vision/data/futures/um/monthly/klines/BEATUSDT/15m/BEATUSDT-15m-2026-04.zip,https://data.binance.vision/data/futures/um/monthly/klines/BEATUSDT/15m/BEATUSDT-15m-2026-04.zip.CHECKSUM,AVAILABLE,200,,ed19c37849d681a6beefd0d21374100888b4783f8750a4eac8702901af29fa07,1,,2026-08-23T13:02:46.482813+00:00
614,BEATUSDT,15m,2026-05,kline:BEATUSDT:15m:2026-05,https://data.binance.vision/data/futures/um/monthly/klines/BEATUSDT/15m/BEATUSDT-15m-2026-05.zip,https://data.binance.vision/data/futures/um/monthly/klines/BEATUSDT/15m/BEATUSDT-15m-2026-05.zip.CHECKSUM,AVAILABLE,200,,2442f0a8d47577ae3a9ce9c336a5b820f2b9bd4ec7f69c14c0588beb2f999ba6,1,,2026-08-23T13:02:46.507089+00:00
615,BEATUSDT,15m,2026-06,kline:BEATUSDT:15m:2026-06,https://data.binance.vision/data/futures/um/monthly/klines/BEATUSDT/15m/BEATUSDT-15m-2026-06.zip,https://data.binance.vision/data/futures/um/monthly/klines/BEATUSDT/15m/BEATUSDT-15m-2026-06.zip.CHECKSUM,AVAILABLE,200,,c14159bac936083f546551d0dc2684e6a0bcca9b03f803a314bfd74828e0715f,1,,2026-08-23T13:02:46.518494+00:00
616,BEATUSDT,15m,2026-07,kline:BEATUSDT:15m:2026-07,https://data.binance.vision/data/futures/um/monthly/klines/BEATUSDT/15m/BEATUSDT-15m-2026-07.zip,https://data.binance.vision/data/futures/um/monthly/klines/BEATUSDT/15m/BEATUSDT-15m-2026-07.zip.CHECKSUM,AVAILABLE,200,,46820d488ebd999eab520b1b239f9b2750d98985212b71f3c4a7ced907ec5e6d,1,,2026-08-23T13:02:46.512100+00:00
617,BEATUSDT,5m,2026-04,kline:BEATUSDT:5m:2026-04,https://data.binance.vision/data/futures/um/monthly/klines/BEATUSDT/5m/BEATUSDT-5m-2026-04.zip,https://data.binance.vision/data/futures/um/monthly/klines/BEATUSDT/5m/BEATUSDT-5m-2026-04.zip.CHECKSUM,AVAILABLE,200,,d3dd1e8c719b5c74cf0232d82579b6fad1b23eedad87c67b14a12ebb943ada33,1,,2026-08-23T13:02:46.530435+00:00
618,BEATUSDT,5m,2026-05,kline:BEATUSDT:5m:2026-05,https://data.binance.vision/data/futures/um/monthly/klines/BEATUSDT/5m/BEATUSDT-5m-2026-05.zip,https://data.binance.vision/data/futures/um/monthly/klines/BEATUSDT/5m/BEATUSDT-5m-2026-05.zip.CHECKSUM,AVAILABLE,200,,6be142c87e38cb1c784602beb21e90e4ea5e533efaa85a07eac9ba02ecc73583,1,,2026-08-23T13:02:46.555470+00:00
619,BEATUSDT,5m,2026-06,kline:BEATUSDT:5m:2026-06,https://data.binance.vision/data/futures/um/monthly/klines/BEATUSDT/5m/BEATUSDT-5m-2026-06.zip,https://data.binance.vision/data/futures/um/monthly/klines/BEATUSDT/5m/BEATUSDT-5m-2026-06.zip.CHECKSUM,AVAILABLE,200,,5469014d7586f9f8944319ecadba4f2a6a8eecc85f2bf899c2dd1f442e673534,1,,2026-08-23T13:02:46.560172+00:00
620,BEATUSDT,5m,2026-07,kline:BEATUSDT:5m:2026-07,https://data.binance.vision/data/futures/um/monthly/klines/BEATUSDT/5m/BEATUSDT-5m-2026-07.zip,https://data.binance.vision/data/futures/um/monthly/klines/BEATUSDT/5m/BEATUSDT-5m-2026-07.zip.CHECKSUM,AVAILABLE,200,,39e23a34b3189acb6657283d274ddad4f67eaebc060cb00d1c86b05b76e5c02e,1,,2026-08-23T13:02:46.909284+00:00
621,BEATUSDT,1m,2026-04,kline:BEATUSDT:1m:2026-04,https://data.binance.vision/data/futures/um/monthly/klines/BEATUSDT/1m/BEATUSDT-1m-2026-04.zip,https://data.binance.vision/data/futures/um/monthly/klines/BEATUSDT/1m/BEATUSDT-1m-2026-04.zip.CHECKSUM,AVAILABLE,200,,da30004523a7800499f9dc19beac8e0042b3a9b1c4deb5fc33d01aabfea43562,1,,2026-08-23T13:02:46.911265+00:00
622,BEATUSDT,1m,2026-05,kline:BEATUSDT:1m:2026-05,https://data.binance.vision/data/futures/um/monthly/klines/BEATUSDT/1m/BEATUSDT-1m-2026-05.zip,https://data.binance.vision/data/futures/um/monthly/klines/BEATUSDT/1m/BEATUSDT-1m-2026-05.zip.CHECKSUM,AVAILABLE,200,,3e71429241fd414031b52a9cf91df86925866770c34ba7e4b1d4325584252b70,1,,2026-08-23T13:02:46.566557+00:00
623,BEATUSDT,1m,2026-06,kline:BEATUSDT:1m:2026-06,https://data.binance.vision/data/futures/um/monthly/klines/BEATUSDT/1m/BEATUSDT-1m-2026-06.zip,https://data.binance.vision/data/futures/um/monthly/klines/BEATUSDT/1m/BEATUSDT-1m-2026-06.zip.CHECKSUM,AVAILABLE,200,,8e074779cbb9f120af5548d6dd30574c5d68fc1e4e23dc399316b6f6f7c6b130,1,,2026-08-23T13:02:46.567397+00:00
624,BEATUSDT,1m,2026-07,kline:BEATUSDT:1m:2026-07,https://data.binance.vision/data/futures/um/monthly/klines/BEATUSDT/1m/BEATUSDT-1m-2026-07.zip,https://data.binance.vision/data/futures/um/monthly/klines/BEATUSDT/1m/BEATUSDT-1m-2026-07.zip.CHECKSUM,AVAILABLE,200,,5569d449affb1399a08c80b859dc0aaee8564717928be4b81ca2ae1c1c50c882,1,,2026-08-23T13:02:46.569036+00:00
625,NEIROUSDT,1d,2026-04,kline:NEIROUSDT:1d:2026-04,https://data.binance.vision/data/futures/um/monthly/klines/NEIROUSDT/1d/NEIROUSDT-1d-2026-04.zip,https://data.binance.vision/data/futures/um/monthly/klines/NEIROUSDT/1d/NEIROUSDT-1d-2026-04.zip.CHECKSUM,AVAILABLE,200,,a6a147e3c97b2734dcbdd1e87a7d630c1cde7b3ba2a5ffc646004b2080fea640,1,,2026-08-23T13:02:46.570176+00:00
626,NEIROUSDT,1d,2026-05,kline:NEIROUSDT:1d:2026-05,https://data.binance.vision/data/futures/um/monthly/klines/NEIROUSDT/1d/NEIROUSDT-1d-2026-05.zip,https://data.binance.vision/data/futures/um/monthly/klines/NEIROUSDT/1d/NEIROUSDT-1d-2026-05.zip.CHECKSUM,AVAILABLE,200,,4dc2fe3f103d6e01b4d7a8d3ea3733e081fd7370332fac245b01e6de521197e9,1,,2026-08-23T13:02:46.570775+00:00
627,NEIROUSDT,1d,2026-06,kline:NEIROUSDT:1d:2026-06,https://data.binance.vision/data/futures/um/monthly/klines/NEIROUSDT/1d/NEIROUSDT-1d-2026-06.zip,https://data.binance.vision/data/futures/um/monthly/klines/NEIROUSDT/1d/NEIROUSDT-1d-2026-06.zip.CHECKSUM,AVAILABLE,200,,91db1f52422d87ed034daeb8234d06a0d64f861873315e43b56a08d3ce29d091,1,,2026-08-23T13:02:46.574435+00:00
628,NEIROUSDT,1d,2026-07,kline:NEIROUSDT:1d:2026-07,https://data.binance.vision/data/futures/um/monthly/klines/NEIROUSDT/1d/NEIROUSDT-1d-2026-07.zip,https://data.binance.vision/data/futures/um/monthly/klines/NEIROUSDT/1d/NEIROUSDT-1d-2026-07.zip.CHECKSUM,AVAILABLE,200,,aa8698f7fd0879f321b7bbb36294949a6c3859460684eafa860d80f054bb50e6,1,,2026-08-23T13:02:46.581127+00:00
629,NEIROUSDT,4h,2026-04,kline:NEIROUSDT:4h:2026-04,https://data.binance.vision/data/futures/um/monthly/klines/NEIROUSDT/4h/NEIROUSDT-4h-2026-04.zip,https://data.binance.vision/data/futures/um/monthly/klines/NEIROUSDT/4h/NEIROUSDT-4h-2026-04.zip.CHECKSUM,AVAILABLE,200,,dd91eb039de37f3e3cf5b5a79a5ff2a81304da149c7e1fcec95c5cc8b920101e,1,,2026-08-23T13:02:46.583991+00:00
630,NEIROUSDT,4h,2026-05,kline:NEIROUSDT:4h:2026-05,https://data.binance.vision/data/futures/um/monthly/klines/NEIROUSDT/4h/NEIROUSDT-4h-2026-05.zip,https://data.binance.vision/data/futures/um/monthly/klines/NEIROUSDT/4h/NEIROUSDT-4h-2026-05.zip.CHECKSUM,AVAILABLE,200,,159f95b72e98e0d20cffe4d412e27f66175e388371fb93b5b2231bbe51b16034,1,,2026-08-23T13:02:46.607412+00:00
631,NEIROUSDT,4h,2026-06,kline:NEIROUSDT:4h:2026-06,https://data.binance.vision/data/futures/um/monthly/klines/NEIROUSDT/4h/NEIROUSDT-4h-2026-06.zip,https://data.binance.vision/data/futures/um/monthly/klines/NEIROUSDT/4h/NEIROUSDT-4h-2026-06.zip.CHECKSUM,AVAILABLE,200,,8a2f428f9ba83cdd642c52eb6ae9d880c2ad9697a12e2663478a015c0fa10a5d,1,,2026-08-23T13:02:47.004874+00:00
632,NEIROUSDT,4h,2026-07,kline:NEIROUSDT:4h:2026-07,https://data.binance.vision/data/futures/um/monthly/klines/NEIROUSDT/4h/NEIROUSDT-4h-2026-07.zip,https://data.binance.vision/data/futures/um/monthly/klines/NEIROUSDT/4h/NEIROUSDT-4h-2026-07.zip.CHECKSUM,AVAILABLE,200,,ff1a6dfe04e82c7cc956f3d3db091e62db9f3d0143bf9a0a3092aac6ce65284a,1,,2026-08-23T13:02:46.660419+00:00
633,NEIROUSDT,1h,2026-04,kline:NEIROUSDT:1h:2026-04,https://data.binance.vision/data/futures/um/monthly/klines/NEIROUSDT/1h/NEIROUSDT-1h-2026-04.zip,https://data.binance.vision/data/futures/um/monthly/klines/NEIROUSDT/1h/NEIROUSDT-1h-2026-04.zip.CHECKSUM,AVAILABLE,200,,ce9cca11ab9607d8a98a1d436763be2763f9c4dca3c532c3fc2d7231553f9a5e,1,,2026-08-23T13:02:46.671300+00:00
634,NEIROUSDT,1h,2026-05,kline:NEIROUSDT:1h:2026-05,https://data.binance.vision/data/futures/um/monthly/klines/NEIROUSDT/1h/NEIROUSDT-1h-2026-05.zip,https://data.binance.vision/data/futures/um/monthly/klines/NEIROUSDT/1h/NEIROUSDT-1h-2026-05.zip.CHECKSUM,AVAILABLE,200,,9bc2a2f2071c02ba177cc62b6d04be4441acd2207e5534adcd04f1c35417a05f,1,,2026-08-23T13:02:46.671797+00:00
635,NEIROUSDT,1h,2026-06,kline:NEIROUSDT:1h:2026-06,https://data.binance.vision/data/futures/um/monthly/klines/NEIROUSDT/1h/NEIROUSDT-1h-2026-06.zip,https://data.binance.vision/data/futures/um/monthly/klines/NEIROUSDT/1h/NEIROUSDT-1h-2026-06.zip.CHECKSUM,AVAILABLE,200,,ea23209caee15b2fbfdb4f0b3f3cb69cc694d17e03fc086e917bbcbad686118b,1,,2026-08-23T13:02:47.028789+00:00
636,NEIROUSDT,1h,2026-07,kline:NEIROUSDT:1h:2026-07,https://data.binance.vision/data/futures/um/monthly/klines/NEIROUSDT/1h/NEIROUSDT-1h-2026-07.zip,https://data.binance.vision/data/futures/um/monthly/klines/NEIROUSDT/1h/NEIROUSDT-1h-2026-07.zip.CHECKSUM,AVAILABLE,200,,2ca5d4210b29e1abf37a3b465d277f2435faf24367746d842c12059dfb6620c5,1,,2026-08-23T13:02:47.055511+00:00
637,NEIROUSDT,15m,2026-04,kline:NEIROUSDT:15m:2026-04,https://data.binance.vision/data/futures/um/monthly/klines/NEIROUSDT/15m/NEIROUSDT-15m-2026-04.zip,https://data.binance.vision/data/futures/um/monthly/klines/NEIROUSDT/15m/NEIROUSDT-15m-2026-04.zip.CHECKSUM,AVAILABLE,200,,6739a5c87c437a7d19e5e0f005b9feaecd04d2aa174175cb3fced6405c12c061,1,,2026-08-23T13:02:46.679158+00:00
638,NEIROUSDT,15m,2026-05,kline:NEIROUSDT:15m:2026-05,https://data.binance.vision/data/futures/um/monthly/klines/NEIROUSDT/15m/NEIROUSDT-15m-2026-05.zip,https://data.binance.vision/data/futures/um/monthly/klines/NEIROUSDT/15m/NEIROUSDT-15m-2026-05.zip.CHECKSUM,AVAILABLE,200,,fdb87b3f9c0090b6d4260ca929a82c4175c3822931757b7f168c7aee7ba5ef96,1,,2026-08-23T13:02:47.034480+00:00
639,NEIROUSDT,15m,2026-06,kline:NEIROUSDT:15m:2026-06,https://data.binance.vision/data/futures/um/monthly/klines/NEIROUSDT/15m/NEIROUSDT-15m-2026-06.zip,https://data.binance.vision/data/futures/um/monthly/klines/NEIROUSDT/15m/NEIROUSDT-15m-2026-06.zip.CHECKSUM,AVAILABLE,200,,50cca8eac9f999da6c54900b6e86917df6df934a6c4f866e4699478d00d22f29,1,,2026-08-23T13:02:46.681492+00:00
640,NEIROUSDT,15m,2026-07,kline:NEIROUSDT:15m:2026-07,https://data.binance.vision/data/futures/um/monthly/klines/NEIROUSDT/15m/NEIROUSDT-15m-2026-07.zip,https://data.binance.vision/data/futures/um/monthly/klines/NEIROUSDT/15m/NEIROUSDT-15m-2026-07.zip.CHECKSUM,AVAILABLE,200,,69a1b1381b3bf66c9fbec9d0cba7c846bc0db9ea0961f52f978ed64d30fa6404,1,,2026-08-23T13:02:46.679692+00:00
641,NEIROUSDT,5m,2026-04,kline:NEIROUSDT:5m:2026-04,https://data.binance.vision/data/futures/um/monthly/klines/NEIROUSDT/5m/NEIROUSDT-5m-2026-04.zip,https://data.binance.vision/data/futures/um/monthly/klines/NEIROUSDT/5m/NEIROUSDT-5m-2026-04.zip.CHECKSUM,AVAILABLE,200,,a90fba9f8f7d7c336d402e2b0917d1cbc19ea8b2f4b178467a04913a115f5fc9,1,,2026-08-23T13:02:46.685973+00:00
642,NEIROUSDT,5m,2026-05,kline:NEIROUSDT:5m:2026-05,https://data.binance.vision/data/futures/um/monthly/klines/NEIROUSDT/5m/NEIROUSDT-5m-2026-05.zip,https://data.binance.vision/data/futures/um/monthly/klines/NEIROUSDT/5m/NEIROUSDT-5m-2026-05.zip.CHECKSUM,AVAILABLE,200,,3d236a768eba2f84807e267360731f0a7b11fc4b752292d92f5e3f18d35a43b6,1,,2026-08-23T13:02:46.693122+00:00
643,NEIROUSDT,5m,2026-06,kline:NEIROUSDT:5m:2026-06,https://data.binance.vision/data/futures/um/monthly/klines/NEIROUSDT/5m/NEIROUSDT-5m-2026-06.zip,https://data.binance.vision/data/futures/um/monthly/klines/NEIROUSDT/5m/NEIROUSDT-5m-2026-06.zip.CHECKSUM,AVAILABLE,200,,30cc84877157ce9f672bb461388b98c8298a5626acd0f824ec79b8820e8308d0,1,,2026-08-23T13:02:46.710700+00:00
644,NEIROUSDT,5m,2026-07,kline:NEIROUSDT:5m:2026-07,https://data.binance.vision/data/futures/um/monthly/klines/NEIROUSDT/5m/NEIROUSDT-5m-2026-07.zip,https://data.binance.vision/data/futures/um/monthly/klines/NEIROUSDT/5m/NEIROUSDT-5m-2026-07.zip.CHECKSUM,AVAILABLE,200,,e9679ae989922f6960789e7dc9871d96c47713f1741e9510c843443af908c351,1,,2026-08-23T13:02:46.711349+00:00
645,NEIROUSDT,1m,2026-04,kline:NEIROUSDT:1m:2026-04,https://data.binance.vision/data/futures/um/monthly/klines/NEIROUSDT/1m/NEIROUSDT-1m-2026-04.zip,https://data.binance.vision/data/futures/um/monthly/klines/NEIROUSDT/1m/NEIROUSDT-1m-2026-04.zip.CHECKSUM,AVAILABLE,200,,5b7e3c1df95dd7abf156cae3b392ffb4a803a3685f28a4f802d6f7a2150fddd9,1,,2026-08-23T13:02:47.080091+00:00
646,NEIROUSDT,1m,2026-05,kline:NEIROUSDT:1m:2026-05,https://data.binance.vision/data/futures/um/monthly/klines/NEIROUSDT/1m/NEIROUSDT-1m-2026-05.zip,https://data.binance.vision/data/futures/um/monthly/klines/NEIROUSDT/1m/NEIROUSDT-1m-2026-05.zip.CHECKSUM,AVAILABLE,200,,2b0fe34316c4ff4b624bc9e76f30292c61a7fe337e87eb749321b3b311cdd5ab,1,,2026-08-23T13:02:47.077443+00:00
647,NEIROUSDT,1m,2026-06,kline:NEIROUSDT:1m:2026-06,https://data.binance.vision/data/futures/um/monthly/klines/NEIROUSDT/1m/NEIROUSDT-1m-2026-06.zip,https://data.binance.vision/data/futures/um/monthly/klines/NEIROUSDT/1m/NEIROUSDT-1m-2026-06.zip.CHECKSUM,AVAILABLE,200,,9fb18fee4b58198b1fbeaa18f1b36e219d179eb7926270422204c6e5654a7a25,1,,2026-08-23T13:02:46.761135+00:00
648,NEIROUSDT,1m,2026-07,kline:NEIROUSDT:1m:2026-07,https://data.binance.vision/data/futures/um/monthly/klines/NEIROUSDT/1m/NEIROUSDT-1m-2026-07.zip,https://data.binance.vision/data/futures/um/monthly/klines/NEIROUSDT/1m/NEIROUSDT-1m-2026-07.zip.CHECKSUM,AVAILABLE,200,,226224defb7dff32a86f778fe745b41a30eb40a6d2edf1891c4f4dae1b7f5e70,1,,2026-08-23T13:02:46.762707+00:00
649,TAOUSDT,1d,2026-04,kline:TAOUSDT:1d:2026-04,https://data.binance.vision/data/futures/um/monthly/klines/TAOUSDT/1d/TAOUSDT-1d-2026-04.zip,https://data.binance.vision/data/futures/um/monthly/klines/TAOUSDT/1d/TAOUSDT-1d-2026-04.zip.CHECKSUM,AVAILABLE,200,,7d340bc2389ec0f57699156659f8cce2bae81151eae135f0bf1c5fa72765dc2f,1,,2026-08-23T13:02:47.112531+00:00
650,TAOUSDT,1d,2026-05,kline:TAOUSDT:1d:2026-05,https://data.binance.vision/data/futures/um/monthly/klines/TAOUSDT/1d/TAOUSDT-1d-2026-05.zip,https://data.binance.vision/data/futures/um/monthly/klines/TAOUSDT/1d/TAOUSDT-1d-2026-05.zip.CHECKSUM,AVAILABLE,200,,b914a433f9be0b2bcf7ba3615f5c15858e552876818e8a0130bbde4aee4789d2,1,,2026-08-23T13:02:46.770363+00:00
651,TAOUSDT,1d,2026-06,kline:TAOUSDT:1d:2026-06,https://data.binance.vision/data/futures/um/monthly/klines/TAOUSDT/1d/TAOUSDT-1d-2026-06.zip,https://data.binance.vision/data/futures/um/monthly/klines/TAOUSDT/1d/TAOUSDT-1d-2026-06.zip.CHECKSUM,AVAILABLE,200,,fcd1b72df9232c7b7c3ee14813d2611f93aa35d85ae4aa606e1215054cfb7a29,1,,2026-08-23T13:02:46.778572+00:00
652,TAOUSDT,1d,2026-07,kline:TAOUSDT:1d:2026-07,https://data.binance.vision/data/futures/um/monthly/klines/TAOUSDT/1d/TAOUSDT-1d-2026-07.zip,https://data.binance.vision/data/futures/um/monthly/klines/TAOUSDT/1d/TAOUSDT-1d-2026-07.zip.CHECKSUM,AVAILABLE,200,,96d2605a27a33fe19c7f41aa22b625ec4daf6d376fb6e60c029edfef05091d47,1,,2026-08-23T13:02:47.096920+00:00
653,TAOUSDT,4h,2026-04,kline:TAOUSDT:4h:2026-04,https://data.binance.vision/data/futures/um/monthly/klines/TAOUSDT/4h/TAOUSDT-4h-2026-04.zip,https://data.binance.vision/data/futures/um/monthly/klines/TAOUSDT/4h/TAOUSDT-4h-2026-04.zip.CHECKSUM,AVAILABLE,200,,5fb2fea10bb5128e3b8eea3b79780132b08d44a73adf0aa8aa6b1b93380930be,1,,2026-08-23T13:02:47.095871+00:00
654,TAOUSDT,4h,2026-05,kline:TAOUSDT:4h:2026-05,https://data.binance.vision/data/futures/um/monthly/klines/TAOUSDT/4h/TAOUSDT-4h-2026-05.zip,https://data.binance.vision/data/futures/um/monthly/klines/TAOUSDT/4h/TAOUSDT-4h-2026-05.zip.CHECKSUM,AVAILABLE,200,,3260462ccecab75980c66f4f6bf9f3a478b3d497bab1a65ed2f83c31922b8cee,1,,2026-08-23T13:02:46.777399+00:00
655,TAOUSDT,4h,2026-06,kline:TAOUSDT:4h:2026-06,https://data.binance.vision/data/futures/um/monthly/klines/TAOUSDT/4h/TAOUSDT-4h-2026-06.zip,https://data.binance.vision/data/futures/um/monthly/klines/TAOUSDT/4h/TAOUSDT-4h-2026-06.zip.CHECKSUM,AVAILABLE,200,,018c0602745514b43fe0623f23b53f43d2b8276fc3c740ee6a4a007ea106486d,1,,2026-08-23T13:02:46.781955+00:00
656,TAOUSDT,4h,2026-07,kline:TAOUSDT:4h:2026-07,https://data.binance.vision/data/futures/um/monthly/klines/TAOUSDT/4h/TAOUSDT-4h-2026-07.zip,https://data.binance.vision/data/futures/um/monthly/klines/TAOUSDT/4h/TAOUSDT-4h-2026-07.zip.CHECKSUM,AVAILABLE,200,,4f581f1f42ae47185c66d3f0b6a308a4a00c88c73239b55ea1a4d2124c2ebe92,1,,2026-08-23T13:02:47.141802+00:00
657,TAOUSDT,1h,2026-04,kline:TAOUSDT:1h:2026-04,https://data.binance.vision/data/futures/um/monthly/klines/TAOUSDT/1h/TAOUSDT-1h-2026-04.zip,https://data.binance.vision/data/futures/um/monthly/klines/TAOUSDT/1h/TAOUSDT-1h-2026-04.zip.CHECKSUM,AVAILABLE,200,,45adeadd54650d996af1136815785334f1eed01423d18091baf8ec0e9b803b5e,1,,2026-08-23T13:02:46.816941+00:00
658,TAOUSDT,1h,2026-05,kline:TAOUSDT:1h:2026-05,https://data.binance.vision/data/futures/um/monthly/klines/TAOUSDT/1h/TAOUSDT-1h-2026-05.zip,https://data.binance.vision/data/futures/um/monthly/klines/TAOUSDT/1h/TAOUSDT-1h-2026-05.zip.CHECKSUM,AVAILABLE,200,,96477f8ee085ec370e824c88e6d9e897e9c142bcc8a5c7e193180efd8894334c,1,,2026-08-23T13:02:47.148418+00:00
659,TAOUSDT,1h,2026-06,kline:TAOUSDT:1h:2026-06,https://data.binance.vision/data/futures/um/monthly/klines/TAOUSDT/1h/TAOUSDT-1h-2026-06.zip,https://data.binance.vision/data/futures/um/monthly/klines/TAOUSDT/1h/TAOUSDT-1h-2026-06.zip.CHECKSUM,AVAILABLE,200,,87e3bd9487a88c38119802a7ce56cd9f4faf83e49325c3a89731a67418320b6f,1,,2026-08-23T13:02:47.200692+00:00
660,TAOUSDT,1h,2026-07,kline:TAOUSDT:1h:2026-07,https://data.binance.vision/data/futures/um/monthly/klines/TAOUSDT/1h/TAOUSDT-1h-2026-07.zip,https://data.binance.vision/data/futures/um/monthly/klines/TAOUSDT/1h/TAOUSDT-1h-2026-07.zip.CHECKSUM,AVAILABLE,200,,987f65f336ddeb279729c958eed02aa4de07ffb2819ea26a0ff8da73259b2cc1,1,,2026-08-23T13:02:46.872717+00:00
661,TAOUSDT,15m,2026-04,kline:TAOUSDT:15m:2026-04,https://data.binance.vision/data/futures/um/monthly/klines/TAOUSDT/15m/TAOUSDT-15m-2026-04.zip,https://data.binance.vision/data/futures/um/monthly/klines/TAOUSDT/15m/TAOUSDT-15m-2026-04.zip.CHECKSUM,AVAILABLE,200,,2e154afdbb31dd5c4e0b6c68307f21cb925e592f74c5dcb89982fc2d16b51f47,1,,2026-08-23T13:02:46.883472+00:00
662,TAOUSDT,15m,2026-05,kline:TAOUSDT:15m:2026-05,https://data.binance.vision/data/futures/um/monthly/klines/TAOUSDT/15m/TAOUSDT-15m-2026-05.zip,https://data.binance.vision/data/futures/um/monthly/klines/TAOUSDT/15m/TAOUSDT-15m-2026-05.zip.CHECKSUM,AVAILABLE,200,,357f53775ab6291d458768c080857c29c21244fdb21d0a1c81bd82f7efeecba1,1,,2026-08-23T13:02:47.232602+00:00
663,TAOUSDT,15m,2026-06,kline:TAOUSDT:15m:2026-06,https://data.binance.vision/data/futures/um/monthly/klines/TAOUSDT/15m/TAOUSDT-15m-2026-06.zip,https://data.binance.vision/data/futures/um/monthly/klines/TAOUSDT/15m/TAOUSDT-15m-2026-06.zip.CHECKSUM,AVAILABLE,200,,3d91cce3066e9662e260396a945ffffd8b721eb4fe50e833100363393f1e2b99,1,,2026-08-23T13:02:46.881746+00:00
664,TAOUSDT,15m,2026-07,kline:TAOUSDT:15m:2026-07,https://data.binance.vision/data/futures/um/monthly/klines/TAOUSDT/15m/TAOUSDT-15m-2026-07.zip,https://data.binance.vision/data/futures/um/monthly/klines/TAOUSDT/15m/TAOUSDT-15m-2026-07.zip.CHECKSUM,AVAILABLE,200,,2a947cbb52f7f5a020d672be9dbccd9097876e18701b0522a3b516c605434e5c,1,,2026-08-23T13:02:46.887421+00:00
665,TAOUSDT,5m,2026-04,kline:TAOUSDT:5m:2026-04,https://data.binance.vision/data/futures/um/monthly/klines/TAOUSDT/5m/TAOUSDT-5m-2026-04.zip,https://data.binance.vision/data/futures/um/monthly/klines/TAOUSDT/5m/TAOUSDT-5m-2026-04.zip.CHECKSUM,AVAILABLE,200,,94b238b96d0e032408384fca989e7db8093b5c88f01311957256bc58841abe5c,1,,2026-08-23T13:02:46.893177+00:00
666,TAOUSDT,5m,2026-05,kline:TAOUSDT:5m:2026-05,https://data.binance.vision/data/futures/um/monthly/klines/TAOUSDT/5m/TAOUSDT-5m-2026-05.zip,https://data.binance.vision/data/futures/um/monthly/klines/TAOUSDT/5m/TAOUSDT-5m-2026-05.zip.CHECKSUM,AVAILABLE,200,,39467a45daabdb80b60bf4132beaa7e1d7ebb383eae261a7a4649b6ee6ac21d9,1,,2026-08-23T13:02:46.899882+00:00
667,TAOUSDT,5m,2026-06,kline:TAOUSDT:5m:2026-06,https://data.binance.vision/data/futures/um/monthly/klines/TAOUSDT/5m/TAOUSDT-5m-2026-06.zip,https://data.binance.vision/data/futures/um/monthly/klines/TAOUSDT/5m/TAOUSDT-5m-2026-06.zip.CHECKSUM,AVAILABLE,200,,b2f9d2a41e5daaeef01103732a002c1a3e60b27de8c8b70a6dae143aa0510378,1,,2026-08-23T13:02:47.253141+00:00
668,TAOUSDT,5m,2026-07,kline:TAOUSDT:5m:2026-07,https://data.binance.vision/data/futures/um/monthly/klines/TAOUSDT/5m/TAOUSDT-5m-2026-07.zip,https://data.binance.vision/data/futures/um/monthly/klines/TAOUSDT/5m/TAOUSDT-5m-2026-07.zip.CHECKSUM,AVAILABLE,200,,1c47531db405e208b64a3130cd3b7dd5fc4229c7158a75be4e9cc0b61b0ecba6,1,,2026-08-23T13:02:46.918682+00:00
669,TAOUSDT,1m,2026-04,kline:TAOUSDT:1m:2026-04,https://data.binance.vision/data/futures/um/monthly/klines/TAOUSDT/1m/TAOUSDT-1m-2026-04.zip,https://data.binance.vision/data/futures/um/monthly/klines/TAOUSDT/1m/TAOUSDT-1m-2026-04.zip.CHECKSUM,AVAILABLE,200,,92708d50595cea9ca159202a4de33e2fb015bed7f1c46eb1ca72ac10e96f5e4f,1,,2026-08-23T13:02:47.255742+00:00
670,TAOUSDT,1m,2026-05,kline:TAOUSDT:1m:2026-05,https://data.binance.vision/data/futures/um/monthly/klines/TAOUSDT/1m/TAOUSDT-1m-2026-05.zip,https://data.binance.vision/data/futures/um/monthly/klines/TAOUSDT/1m/TAOUSDT-1m-2026-05.zip.CHECKSUM,AVAILABLE,200,,4fe3b8f6cc331150fc0a816b1266ed94ef5a1a4ca0889e600dc6f4b0e1245cca,1,,2026-08-23T13:02:46.964659+00:00
671,TAOUSDT,1m,2026-06,kline:TAOUSDT:1m:2026-06,https://data.binance.vision/data/futures/um/monthly/klines/TAOUSDT/1m/TAOUSDT-1m-2026-06.zip,https://data.binance.vision/data/futures/um/monthly/klines/TAOUSDT/1m/TAOUSDT-1m-2026-06.zip.CHECKSUM,AVAILABLE,200,,be87f4273eb93124efad325d0601092b0b26235d5c336263fc0d05fa7e687a90,1,,2026-08-23T13:02:46.963443+00:00
672,TAOUSDT,1m,2026-07,kline:TAOUSDT:1m:2026-07,https://data.binance.vision/data/futures/um/monthly/klines/TAOUSDT/1m/TAOUSDT-1m-2026-07.zip,https://data.binance.vision/data/futures/um/monthly/klines/TAOUSDT/1m/TAOUSDT-1m-2026-07.zip.CHECKSUM,AVAILABLE,200,,53f18dd1019d67d49a08262118e1b93eebf4fd24558822db81403d9b413880b7,1,,2026-08-23T13:02:46.976243+00:00
673,PEOPLEUSDT,1d,2026-04,kline:PEOPLEUSDT:1d:2026-04,https://data.binance.vision/data/futures/um/monthly/klines/PEOPLEUSDT/1d/PEOPLEUSDT-1d-2026-04.zip,https://data.binance.vision/data/futures/um/monthly/klines/PEOPLEUSDT/1d/PEOPLEUSDT-1d-2026-04.zip.CHECKSUM,AVAILABLE,200,,bac36b71664daaea6ef3d32109f6056749ec6302ffdd145ea7b86245c6948855,1,,2026-08-23T13:02:47.321963+00:00
674,PEOPLEUSDT,1d,2026-05,kline:PEOPLEUSDT:1d:2026-05,https://data.binance.vision/data/futures/um/monthly/klines/PEOPLEUSDT/1d/PEOPLEUSDT-1d-2026-05.zip,https://data.binance.vision/data/futures/um/monthly/klines/PEOPLEUSDT/1d/PEOPLEUSDT-1d-2026-05.zip.CHECKSUM,AVAILABLE,200,,1a9f8c5e3f89a41333ef71b3def5c2a8b2bc2ef52a68da07795c95956cd0788a,1,,2026-08-23T13:02:46.977873+00:00
675,PEOPLEUSDT,1d,2026-06,kline:PEOPLEUSDT:1d:2026-06,https://data.binance.vision/data/futures/um/monthly/klines/PEOPLEUSDT/1d/PEOPLEUSDT-1d-2026-06.zip,https://data.binance.vision/data/futures/um/monthly/klines/PEOPLEUSDT/1d/PEOPLEUSDT-1d-2026-06.zip.CHECKSUM,AVAILABLE,200,,fd8f5b64fefbecb134b55ea8db840b56dd52f11c9d3a3cdb76246ef3a7aa720b,1,,2026-08-23T13:02:47.327492+00:00
676,PEOPLEUSDT,1d,2026-07,kline:PEOPLEUSDT:1d:2026-07,https://data.binance.vision/data/futures/um/monthly/klines/PEOPLEUSDT/1d/PEOPLEUSDT-1d-2026-07.zip,https://data.binance.vision/data/futures/um/monthly/klines/PEOPLEUSDT/1d/PEOPLEUSDT-1d-2026-07.zip.CHECKSUM,AVAILABLE,200,,8acc8878b98449db788ca14324442420ae67e0de2dec0f6685fdf32bf65b00d2,1,,2026-08-23T13:02:47.020269+00:00
677,PEOPLEUSDT,4h,2026-04,kline:PEOPLEUSDT:4h:2026-04,https://data.binance.vision/data/futures/um/monthly/klines/PEOPLEUSDT/4h/PEOPLEUSDT-4h-2026-04.zip,https://data.binance.vision/data/futures/um/monthly/klines/PEOPLEUSDT/4h/PEOPLEUSDT-4h-2026-04.zip.CHECKSUM,AVAILABLE,200,,dab0a3373605a88d6917abd8ebcbd6fb23592b283f15926ca7ad8aec5512a2ce,1,,2026-08-23T13:02:47.029676+00:00
678,PEOPLEUSDT,4h,2026-05,kline:PEOPLEUSDT:4h:2026-05,https://data.binance.vision/data/futures/um/monthly/klines/PEOPLEUSDT/4h/PEOPLEUSDT-4h-2026-05.zip,https://data.binance.vision/data/futures/um/monthly/klines/PEOPLEUSDT/4h/PEOPLEUSDT-4h-2026-05.zip.CHECKSUM,AVAILABLE,200,,7f3fa5e66fe9a3edb38bd046c71b3beb9bbf8c28570cf166387314adf7229ea4,1,,2026-08-23T13:02:47.073416+00:00
679,PEOPLEUSDT,4h,2026-06,kline:PEOPLEUSDT:4h:2026-06,https://data.binance.vision/data/futures/um/monthly/klines/PEOPLEUSDT/4h/PEOPLEUSDT-4h-2026-06.zip,https://data.binance.vision/data/futures/um/monthly/klines/PEOPLEUSDT/4h/PEOPLEUSDT-4h-2026-06.zip.CHECKSUM,AVAILABLE,200,,7f27427879bb4dd71bce74b2eb8bd794cf0452dde7b6586c80fef8f0dae5646e,1,,2026-08-23T13:02:47.103709+00:00
680,PEOPLEUSDT,4h,2026-07,kline:PEOPLEUSDT:4h:2026-07,https://data.binance.vision/data/futures/um/monthly/klines/PEOPLEUSDT/4h/PEOPLEUSDT-4h-2026-07.zip,https://data.binance.vision/data/futures/um/monthly/klines/PEOPLEUSDT/4h/PEOPLEUSDT-4h-2026-07.zip.CHECKSUM,AVAILABLE,200,,61967c6bf9a515b75e9d0434348c661f708ca5b74ddf1991cd1fba4d6ba9aee5,1,,2026-08-23T13:02:47.094460+00:00
681,PEOPLEUSDT,1h,2026-04,kline:PEOPLEUSDT:1h:2026-04,https://data.binance.vision/data/futures/um/monthly/klines/PEOPLEUSDT/1h/PEOPLEUSDT-1h-2026-04.zip,https://data.binance.vision/data/futures/um/monthly/klines/PEOPLEUSDT/1h/PEOPLEUSDT-1h-2026-04.zip.CHECKSUM,AVAILABLE,200,,d471c4c930111a6fdac960e675f98fb9c2b6ae671870cf6a548205c2dae66c21,1,,2026-08-23T13:02:47.089040+00:00
682,PEOPLEUSDT,1h,2026-05,kline:PEOPLEUSDT:1h:2026-05,https://data.binance.vision/data/futures/um/monthly/klines/PEOPLEUSDT/1h/PEOPLEUSDT-1h-2026-05.zip,https://data.binance.vision/data/futures/um/monthly/klines/PEOPLEUSDT/1h/PEOPLEUSDT-1h-2026-05.zip.CHECKSUM,AVAILABLE,200,,36853a8e12b6fc96a9d3ecbc8dc9fc203702b40c6bc136ade5cbec76935fa43b,1,,2026-08-23T13:02:47.098618+00:00
683,PEOPLEUSDT,1h,2026-06,kline:PEOPLEUSDT:1h:2026-06,https://data.binance.vision/data/futures/um/monthly/klines/PEOPLEUSDT/1h/PEOPLEUSDT-1h-2026-06.zip,https://data.binance.vision/data/futures/um/monthly/klines/PEOPLEUSDT/1h/PEOPLEUSDT-1h-2026-06.zip.CHECKSUM,AVAILABLE,200,,4561f14f4a4287cae925181e9652c0e2e7b330e768179b50e46011b4d08d4853,1,,2026-08-23T13:02:47.107893+00:00
684,PEOPLEUSDT,1h,2026-07,kline:PEOPLEUSDT:1h:2026-07,https://data.binance.vision/data/futures/um/monthly/klines/PEOPLEUSDT/1h/PEOPLEUSDT-1h-2026-07.zip,https://data.binance.vision/data/futures/um/monthly/klines/PEOPLEUSDT/1h/PEOPLEUSDT-1h-2026-07.zip.CHECKSUM,AVAILABLE,200,,a3afd1f6245e536726fd3c7665a0d800932dc20547a12b7d5a3ecf8892c4da66,1,,2026-08-23T13:02:47.113686+00:00
685,PEOPLEUSDT,15m,2026-04,kline:PEOPLEUSDT:15m:2026-04,https://data.binance.vision/data/futures/um/monthly/klines/PEOPLEUSDT/15m/PEOPLEUSDT-15m-2026-04.zip,https://data.binance.vision/data/futures/um/monthly/klines/PEOPLEUSDT/15m/PEOPLEUSDT-15m-2026-04.zip.CHECKSUM,AVAILABLE,200,,3d4606eb3bcc2d201745d53f33137e96cfa4d0da1feb6799128732d55334df7a,1,,2026-08-23T13:02:47.118350+00:00
686,PEOPLEUSDT,15m,2026-05,kline:PEOPLEUSDT:15m:2026-05,https://data.binance.vision/data/futures/um/monthly/klines/PEOPLEUSDT/15m/PEOPLEUSDT-15m-2026-05.zip,https://data.binance.vision/data/futures/um/monthly/klines/PEOPLEUSDT/15m/PEOPLEUSDT-15m-2026-05.zip.CHECKSUM,AVAILABLE,200,,a98ec484fbef520058cb4a3e33b24bb4bd2d382d01ad5d659acfd486796a7009,1,,2026-08-23T13:02:47.120845+00:00
687,PEOPLEUSDT,15m,2026-06,kline:PEOPLEUSDT:15m:2026-06,https://data.binance.vision/data/futures/um/monthly/klines/PEOPLEUSDT/15m/PEOPLEUSDT-15m-2026-06.zip,https://data.binance.vision/data/futures/um/monthly/klines/PEOPLEUSDT/15m/PEOPLEUSDT-15m-2026-06.zip.CHECKSUM,AVAILABLE,200,,4fd63262aa83e2bdbf83afe132b60ade1ec3959b600b84d1b9d80dce98c586ea,1,,2026-08-23T13:02:47.167575+00:00
688,PEOPLEUSDT,15m,2026-07,kline:PEOPLEUSDT:15m:2026-07,https://data.binance.vision/data/futures/um/monthly/klines/PEOPLEUSDT/15m/PEOPLEUSDT-15m-2026-07.zip,https://data.binance.vision/data/futures/um/monthly/klines/PEOPLEUSDT/15m/PEOPLEUSDT-15m-2026-07.zip.CHECKSUM,AVAILABLE,200,,0ee3cea3e9bfa5e943b3810c7e325bdef65988a6c9fe9353f327f3b38ab494be,1,,2026-08-23T13:02:47.421859+00:00
689,PEOPLEUSDT,5m,2026-04,kline:PEOPLEUSDT:5m:2026-04,https://data.binance.vision/data/futures/um/monthly/klines/PEOPLEUSDT/5m/PEOPLEUSDT-5m-2026-04.zip,https://data.binance.vision/data/futures/um/monthly/klines/PEOPLEUSDT/5m/PEOPLEUSDT-5m-2026-04.zip.CHECKSUM,AVAILABLE,200,,19cfc2124aa0d22e1379ddf40c374478da0d6362f7ed5f99c8516785730c8f5f,1,,2026-08-23T13:02:47.177755+00:00
690,PEOPLEUSDT,5m,2026-05,kline:PEOPLEUSDT:5m:2026-05,https://data.binance.vision/data/futures/um/monthly/klines/PEOPLEUSDT/5m/PEOPLEUSDT-5m-2026-05.zip,https://data.binance.vision/data/futures/um/monthly/klines/PEOPLEUSDT/5m/PEOPLEUSDT-5m-2026-05.zip.CHECKSUM,AVAILABLE,200,,537b701cb56735135484fe7c01f64d407dec429b4a5cabaed1a409e37ea20111,1,,2026-08-23T13:02:47.276470+00:00
691,PEOPLEUSDT,5m,2026-06,kline:PEOPLEUSDT:5m:2026-06,https://data.binance.vision/data/futures/um/monthly/klines/PEOPLEUSDT/5m/PEOPLEUSDT-5m-2026-06.zip,https://data.binance.vision/data/futures/um/monthly/klines/PEOPLEUSDT/5m/PEOPLEUSDT-5m-2026-06.zip.CHECKSUM,AVAILABLE,200,,264aab03c7ae08d9d1264d27044a13a582a643c55865ace18c471f34effdf2d6,1,,2026-08-23T13:02:47.225444+00:00
692,PEOPLEUSDT,5m,2026-07,kline:PEOPLEUSDT:5m:2026-07,https://data.binance.vision/data/futures/um/monthly/klines/PEOPLEUSDT/5m/PEOPLEUSDT-5m-2026-07.zip,https://data.binance.vision/data/futures/um/monthly/klines/PEOPLEUSDT/5m/PEOPLEUSDT-5m-2026-07.zip.CHECKSUM,AVAILABLE,200,,f1a1c55b031ea7746a02ed50f2804ff71d5b973854e0670ebb81070ca57b802a,1,,2026-08-23T13:02:47.566782+00:00
693,PEOPLEUSDT,1m,2026-04,kline:PEOPLEUSDT:1m:2026-04,https://data.binance.vision/data/futures/um/monthly/klines/PEOPLEUSDT/1m/PEOPLEUSDT-1m-2026-04.zip,https://data.binance.vision/data/futures/um/monthly/klines/PEOPLEUSDT/1m/PEOPLEUSDT-1m-2026-04.zip.CHECKSUM,AVAILABLE,200,,9eb11310989630289923b34b116ce481c21c8196dc5a8ed3cefe72cc1d3c00cf,1,,2026-08-23T13:02:47.629305+00:00
694,PEOPLEUSDT,1m,2026-05,kline:PEOPLEUSDT:1m:2026-05,https://data.binance.vision/data/futures/um/monthly/klines/PEOPLEUSDT/1m/PEOPLEUSDT-1m-2026-05.zip,https://data.binance.vision/data/futures/um/monthly/klines/PEOPLEUSDT/1m/PEOPLEUSDT-1m-2026-05.zip.CHECKSUM,AVAILABLE,200,,8aba3fb5707521085839f96e58a6d3cfdc0b233aaa766480ce76cee3129f9c3a,1,,2026-08-23T13:02:47.236323+00:00
695,PEOPLEUSDT,1m,2026-06,kline:PEOPLEUSDT:1m:2026-06,https://data.binance.vision/data/futures/um/monthly/klines/PEOPLEUSDT/1m/PEOPLEUSDT-1m-2026-06.zip,https://data.binance.vision/data/futures/um/monthly/klines/PEOPLEUSDT/1m/PEOPLEUSDT-1m-2026-06.zip.CHECKSUM,AVAILABLE,200,,fcd552acdec16130120a0c646a43803181dbf66854123dbf9d387bae685d0f0f,1,,2026-08-23T13:02:47.581159+00:00
696,PEOPLEUSDT,1m,2026-07,kline:PEOPLEUSDT:1m:2026-07,https://data.binance.vision/data/futures/um/monthly/klines/PEOPLEUSDT/1m/PEOPLEUSDT-1m-2026-07.zip,https://data.binance.vision/data/futures/um/monthly/klines/PEOPLEUSDT/1m/PEOPLEUSDT-1m-2026-07.zip.CHECKSUM,AVAILABLE,200,,dd5991a7eb137879f2090cc51dff55be203e2b7f32ce1907efcec4284e570b4f,1,,2026-08-23T13:02:47.515781+00:00
697,ONDOUSDT,1d,2026-04,kline:ONDOUSDT:1d:2026-04,https://data.binance.vision/data/futures/um/monthly/klines/ONDOUSDT/1d/ONDOUSDT-1d-2026-04.zip,https://data.binance.vision/data/futures/um/monthly/klines/ONDOUSDT/1d/ONDOUSDT-1d-2026-04.zip.CHECKSUM,AVAILABLE,200,,46c5533eb1bce329964f6da9f1a4001c8709e3822ed2e524014a5d72c985d618,1,,2026-08-23T13:02:47.626307+00:00
698,ONDOUSDT,1d,2026-05,kline:ONDOUSDT:1d:2026-05,https://data.binance.vision/data/futures/um/monthly/klines/ONDOUSDT/1d/ONDOUSDT-1d-2026-05.zip,https://data.binance.vision/data/futures/um/monthly/klines/ONDOUSDT/1d/ONDOUSDT-1d-2026-05.zip.CHECKSUM,AVAILABLE,200,,f3946e13c5077dddd4c8fe751d639d32ad4bb7f264dde277f7d2948c1d4b9628,1,,2026-08-23T13:02:47.619020+00:00
699,ONDOUSDT,1d,2026-06,kline:ONDOUSDT:1d:2026-06,https://data.binance.vision/data/futures/um/monthly/klines/ONDOUSDT/1d/ONDOUSDT-1d-2026-06.zip,https://data.binance.vision/data/futures/um/monthly/klines/ONDOUSDT/1d/ONDOUSDT-1d-2026-06.zip.CHECKSUM,AVAILABLE,200,,0f49f39da8b8491cdaa6ed87487a03de953d3331a5ff666f639edcf7cb8bd8b9,1,,2026-08-23T13:02:47.636342+00:00
700,ONDOUSDT,1d,2026-07,kline:ONDOUSDT:1d:2026-07,https://data.binance.vision/data/futures/um/monthly/klines/ONDOUSDT/1d/ONDOUSDT-1d-2026-07.zip,https://data.binance.vision/data/futures/um/monthly/klines/ONDOUSDT/1d/ONDOUSDT-1d-2026-07.zip.CHECKSUM,AVAILABLE,200,,7c5e7532e058385ac142ad2a742ade360e257af806a4befc07ea45d72ab60b40,1,,2026-08-23T13:02:47.292831+00:00
701,ONDOUSDT,4h,2026-04,kline:ONDOUSDT:4h:2026-04,https://data.binance.vision/data/futures/um/monthly/klines/ONDOUSDT/4h/ONDOUSDT-4h-2026-04.zip,https://data.binance.vision/data/futures/um/monthly/klines/ONDOUSDT/4h/ONDOUSDT-4h-2026-04.zip.CHECKSUM,AVAILABLE,200,,7047493c86b248346db89ee37931416fd634adaf8ff05dddd2afbc9e2bdb134f,1,,2026-08-23T13:02:47.649278+00:00
702,ONDOUSDT,4h,2026-05,kline:ONDOUSDT:4h:2026-05,https://data.binance.vision/data/futures/um/monthly/klines/ONDOUSDT/4h/ONDOUSDT-4h-2026-05.zip,https://data.binance.vision/data/futures/um/monthly/klines/ONDOUSDT/4h/ONDOUSDT-4h-2026-05.zip.CHECKSUM,AVAILABLE,200,,55d69824b1f369bba8e9409ab6ef2825c8365dce8a1c9caeb593fba3da6d54a9,1,,2026-08-23T13:02:47.641776+00:00
703,ONDOUSDT,4h,2026-06,kline:ONDOUSDT:4h:2026-06,https://data.binance.vision/data/futures/um/monthly/klines/ONDOUSDT/4h/ONDOUSDT-4h-2026-06.zip,https://data.binance.vision/data/futures/um/monthly/klines/ONDOUSDT/4h/ONDOUSDT-4h-2026-06.zip.CHECKSUM,AVAILABLE,200,,38d01b86513fe647d8e8eee1dd99e6d7389988c717a429ff3d6960e65c67a311,1,,2026-08-23T13:02:47.646979+00:00
704,ONDOUSDT,4h,2026-07,kline:ONDOUSDT:4h:2026-07,https://data.binance.vision/data/futures/um/monthly/klines/ONDOUSDT/4h/ONDOUSDT-4h-2026-07.zip,https://data.binance.vision/data/futures/um/monthly/klines/ONDOUSDT/4h/ONDOUSDT-4h-2026-07.zip.CHECKSUM,AVAILABLE,200,,6b3d4118ec6dab8f416d242123afd806b959fed36a821c7203f76f40a5a9f306,1,,2026-08-23T13:02:47.307418+00:00
705,ONDOUSDT,1h,2026-04,kline:ONDOUSDT:1h:2026-04,https://data.binance.vision/data/futures/um/monthly/klines/ONDOUSDT/1h/ONDOUSDT-1h-2026-04.zip,https://data.binance.vision/data/futures/um/monthly/klines/ONDOUSDT/1h/ONDOUSDT-1h-2026-04.zip.CHECKSUM,AVAILABLE,200,,843ba4756000ebaed823d2bde78d476f6d218d5600ead96dd256f52e08e8244d,1,,2026-08-23T13:02:47.312100+00:00
706,ONDOUSDT,1h,2026-05,kline:ONDOUSDT:1h:2026-05,https://data.binance.vision/data/futures/um/monthly/klines/ONDOUSDT/1h/ONDOUSDT-1h-2026-05.zip,https://data.binance.vision/data/futures/um/monthly/klines/ONDOUSDT/1h/ONDOUSDT-1h-2026-05.zip.CHECKSUM,AVAILABLE,200,,8755e08efc1e8b7c1ff40e235ecaa5226836883081c1c327cc8c26b3efff3de6,1,,2026-08-23T13:02:47.335877+00:00
707,ONDOUSDT,1h,2026-06,kline:ONDOUSDT:1h:2026-06,https://data.binance.vision/data/futures/um/monthly/klines/ONDOUSDT/1h/ONDOUSDT-1h-2026-06.zip,https://data.binance.vision/data/futures/um/monthly/klines/ONDOUSDT/1h/ONDOUSDT-1h-2026-06.zip.CHECKSUM,AVAILABLE,200,,e642f2a367ec64b131655959821352cf0b59516f3e3b54c64214311d2b1f8a22,1,,2026-08-23T13:02:47.315863+00:00
708,ONDOUSDT,1h,2026-07,kline:ONDOUSDT:1h:2026-07,https://data.binance.vision/data/futures/um/monthly/klines/ONDOUSDT/1h/ONDOUSDT-1h-2026-07.zip,https://data.binance.vision/data/futures/um/monthly/klines/ONDOUSDT/1h/ONDOUSDT-1h-2026-07.zip.CHECKSUM,AVAILABLE,200,,404175eead4e65bbb7d4f47a39cb9dff9122a71ffdd4d8cdd2f4863118bbd209,1,,2026-08-23T13:02:47.644709+00:00
709,ONDOUSDT,15m,2026-04,kline:ONDOUSDT:15m:2026-04,https://data.binance.vision/data/futures/um/monthly/klines/ONDOUSDT/15m/ONDOUSDT-15m-2026-04.zip,https://data.binance.vision/data/futures/um/monthly/klines/ONDOUSDT/15m/ONDOUSDT-15m-2026-04.zip.CHECKSUM,AVAILABLE,200,,c62b2cdcb91d9cc531ee68664431edd3d6e3916024e9144188842bf13d4f73a6,1,,2026-08-23T13:02:47.317482+00:00
710,ONDOUSDT,15m,2026-05,kline:ONDOUSDT:15m:2026-05,https://data.binance.vision/data/futures/um/monthly/klines/ONDOUSDT/15m/ONDOUSDT-15m-2026-05.zip,https://data.binance.vision/data/futures/um/monthly/klines/ONDOUSDT/15m/ONDOUSDT-15m-2026-05.zip.CHECKSUM,AVAILABLE,200,,23f297c2a288e86b8ec35ee9ee3de9a06167d24146f58650ca501c0997943655,1,,2026-08-23T13:02:47.671472+00:00
711,ONDOUSDT,15m,2026-06,kline:ONDOUSDT:15m:2026-06,https://data.binance.vision/data/futures/um/monthly/klines/ONDOUSDT/15m/ONDOUSDT-15m-2026-06.zip,https://data.binance.vision/data/futures/um/monthly/klines/ONDOUSDT/15m/ONDOUSDT-15m-2026-06.zip.CHECKSUM,AVAILABLE,200,,738acef55aaa556f68fbba6637c639a8770eaab75f5757c6072bce23a9fcc663,1,,2026-08-23T13:02:47.688358+00:00
712,ONDOUSDT,15m,2026-07,kline:ONDOUSDT:15m:2026-07,https://data.binance.vision/data/futures/um/monthly/klines/ONDOUSDT/15m/ONDOUSDT-15m-2026-07.zip,https://data.binance.vision/data/futures/um/monthly/klines/ONDOUSDT/15m/ONDOUSDT-15m-2026-07.zip.CHECKSUM,AVAILABLE,200,,b20be9f9d537dfbebbf985a97ab4148e139a8bed25ec82e3b78a6c4cfbaf5f08,1,,2026-08-23T13:02:47.712432+00:00
713,ONDOUSDT,5m,2026-04,kline:ONDOUSDT:5m:2026-04,https://data.binance.vision/data/futures/um/monthly/klines/ONDOUSDT/5m/ONDOUSDT-5m-2026-04.zip,https://data.binance.vision/data/futures/um/monthly/klines/ONDOUSDT/5m/ONDOUSDT-5m-2026-04.zip.CHECKSUM,AVAILABLE,200,,261a7addec02d01d77098c5a397076a6c8e39f0b5880db596a82a9519c3cc7b4,1,,2026-08-23T13:02:47.392380+00:00
714,ONDOUSDT,5m,2026-05,kline:ONDOUSDT:5m:2026-05,https://data.binance.vision/data/futures/um/monthly/klines/ONDOUSDT/5m/ONDOUSDT-5m-2026-05.zip,https://data.binance.vision/data/futures/um/monthly/klines/ONDOUSDT/5m/ONDOUSDT-5m-2026-05.zip.CHECKSUM,AVAILABLE,200,,a23be5aee3cfe85832ade140d514b4f5ba293e594e3c5afa8045a83a028ba904,1,,2026-08-23T13:02:47.395527+00:00
715,ONDOUSDT,5m,2026-06,kline:ONDOUSDT:5m:2026-06,https://data.binance.vision/data/futures/um/monthly/klines/ONDOUSDT/5m/ONDOUSDT-5m-2026-06.zip,https://data.binance.vision/data/futures/um/monthly/klines/ONDOUSDT/5m/ONDOUSDT-5m-2026-06.zip.CHECKSUM,AVAILABLE,200,,dd37937c98554247a91669c452b80c2049d3d7128552f260781fa697d9e7630f,1,,2026-08-23T13:02:47.748397+00:00
716,ONDOUSDT,5m,2026-07,kline:ONDOUSDT:5m:2026-07,https://data.binance.vision/data/futures/um/monthly/klines/ONDOUSDT/5m/ONDOUSDT-5m-2026-07.zip,https://data.binance.vision/data/futures/um/monthly/klines/ONDOUSDT/5m/ONDOUSDT-5m-2026-07.zip.CHECKSUM,AVAILABLE,200,,31035c6278b6d43075c2355acce2b071a861b99ec398eb2495916ccc1be057cf,1,,2026-08-23T13:02:47.774409+00:00
717,ONDOUSDT,1m,2026-04,kline:ONDOUSDT:1m:2026-04,https://data.binance.vision/data/futures/um/monthly/klines/ONDOUSDT/1m/ONDOUSDT-1m-2026-04.zip,https://data.binance.vision/data/futures/um/monthly/klines/ONDOUSDT/1m/ONDOUSDT-1m-2026-04.zip.CHECKSUM,AVAILABLE,200,,e0e3b6c246efa8e4021cdbae7dcfe6124ff1239e409fb09b276375b047f67533,1,,2026-08-23T13:02:47.522571+00:00
718,ONDOUSDT,1m,2026-05,kline:ONDOUSDT:1m:2026-05,https://data.binance.vision/data/futures/um/monthly/klines/ONDOUSDT/1m/ONDOUSDT-1m-2026-05.zip,https://data.binance.vision/data/futures/um/monthly/klines/ONDOUSDT/1m/ONDOUSDT-1m-2026-05.zip.CHECKSUM,AVAILABLE,200,,13144b036947fa7ed761f078cf0c47996fafe913b8bded15c43556b842d641a2,1,,2026-08-23T13:02:47.444876+00:00
719,ONDOUSDT,1m,2026-06,kline:ONDOUSDT:1m:2026-06,https://data.binance.vision/data/futures/um/monthly/klines/ONDOUSDT/1m/ONDOUSDT-1m-2026-06.zip,https://data.binance.vision/data/futures/um/monthly/klines/ONDOUSDT/1m/ONDOUSDT-1m-2026-06.zip.CHECKSUM,AVAILABLE,200,,81cf752ed873baea8f56380ce08139c95f507de0589074172c02466f220d6220,1,,2026-08-23T13:02:47.741687+00:00
720,ONDOUSDT,1m,2026-07,kline:ONDOUSDT:1m:2026-07,https://data.binance.vision/data/futures/um/monthly/klines/ONDOUSDT/1m/ONDOUSDT-1m-2026-07.zip,https://data.binance.vision/data/futures/um/monthly/klines/ONDOUSDT/1m/ONDOUSDT-1m-2026-07.zip.CHECKSUM,AVAILABLE,200,,b9c4bb3f893f3766fc358c8932bb40cb33ed3b1ae4a09c874565fb0c5d3fb8ba,1,,2026-08-23T13:02:47.597236+00:00
721,UNIUSDT,1d,2026-04,kline:UNIUSDT:1d:2026-04,https://data.binance.vision/data/futures/um/monthly/klines/UNIUSDT/1d/UNIUSDT-1d-2026-04.zip,https://data.binance.vision/data/futures/um/monthly/klines/UNIUSDT/1d/UNIUSDT-1d-2026-04.zip.CHECKSUM,AVAILABLE,200,,36bb2c45c43a63a1ba146d59da6f5496125b565c05d6a92d2e2f7742e53cf333,1,,2026-08-23T13:02:47.809980+00:00
722,UNIUSDT,1d,2026-05,kline:UNIUSDT:1d:2026-05,https://data.binance.vision/data/futures/um/monthly/klines/UNIUSDT/1d/UNIUSDT-1d-2026-05.zip,https://data.binance.vision/data/futures/um/monthly/klines/UNIUSDT/1d/UNIUSDT-1d-2026-05.zip.CHECKSUM,AVAILABLE,200,,dcf5a40b06f578145f5b9972681e683ab17c1a518562822380e116034027a60d,1,,2026-08-23T13:02:47.833806+00:00
723,UNIUSDT,1d,2026-06,kline:UNIUSDT:1d:2026-06,https://data.binance.vision/data/futures/um/monthly/klines/UNIUSDT/1d/UNIUSDT-1d-2026-06.zip,https://data.binance.vision/data/futures/um/monthly/klines/UNIUSDT/1d/UNIUSDT-1d-2026-06.zip.CHECKSUM,AVAILABLE,200,,79ae9678c182bfde17fcc631cb21a34326e581e94b792d4ebec6f59934260594,1,,2026-08-23T13:02:47.868028+00:00
724,UNIUSDT,1d,2026-07,kline:UNIUSDT:1d:2026-07,https://data.binance.vision/data/futures/um/monthly/klines/UNIUSDT/1d/UNIUSDT-1d-2026-07.zip,https://data.binance.vision/data/futures/um/monthly/klines/UNIUSDT/1d/UNIUSDT-1d-2026-07.zip.CHECKSUM,AVAILABLE,200,,4f3ea4d1ece6242b15fc8f826c83f0c33d921240c05c76775981de91e0a53909,1,,2026-08-23T13:02:47.861531+00:00
725,UNIUSDT,4h,2026-04,kline:UNIUSDT:4h:2026-04,https://data.binance.vision/data/futures/um/monthly/klines/UNIUSDT/4h/UNIUSDT-4h-2026-04.zip,https://data.binance.vision/data/futures/um/monthly/klines/UNIUSDT/4h/UNIUSDT-4h-2026-04.zip.CHECKSUM,AVAILABLE,200,,4411ce90daa67b858b4197fa3465980fccc6bd837edd3b2c1e8f34806811a011,1,,2026-08-23T13:02:47.527694+00:00
726,UNIUSDT,4h,2026-05,kline:UNIUSDT:4h:2026-05,https://data.binance.vision/data/futures/um/monthly/klines/UNIUSDT/4h/UNIUSDT-4h-2026-05.zip,https://data.binance.vision/data/futures/um/monthly/klines/UNIUSDT/4h/UNIUSDT-4h-2026-05.zip.CHECKSUM,AVAILABLE,200,,6c8accf7ff33d4fc5cb08a9ac9f3d58021a9e1c311be2457469050004ed24c4c,1,,2026-08-23T13:02:47.868696+00:00
727,UNIUSDT,4h,2026-06,kline:UNIUSDT:4h:2026-06,https://data.binance.vision/data/futures/um/monthly/klines/UNIUSDT/4h/UNIUSDT-4h-2026-06.zip,https://data.binance.vision/data/futures/um/monthly/klines/UNIUSDT/4h/UNIUSDT-4h-2026-06.zip.CHECKSUM,AVAILABLE,200,,419a9fa091468af8fe18b94b4026c6df0be33bad07021968fd2d9bd900c9b63f,1,,2026-08-23T13:02:47.858901+00:00
728,UNIUSDT,4h,2026-07,kline:UNIUSDT:4h:2026-07,https://data.binance.vision/data/futures/um/monthly/klines/UNIUSDT/4h/UNIUSDT-4h-2026-07.zip,https://data.binance.vision/data/futures/um/monthly/klines/UNIUSDT/4h/UNIUSDT-4h-2026-07.zip.CHECKSUM,AVAILABLE,200,,8d4c98ab2a930187f29c88048af3600480a94b3dd7b6554274aa52e4618cc51b,1,,2026-08-23T13:02:47.876732+00:00
729,UNIUSDT,1h,2026-04,kline:UNIUSDT:1h:2026-04,https://data.binance.vision/data/futures/um/monthly/klines/UNIUSDT/1h/UNIUSDT-1h-2026-04.zip,https://data.binance.vision/data/futures/um/monthly/klines/UNIUSDT/1h/UNIUSDT-1h-2026-04.zip.CHECKSUM,AVAILABLE,200,,bc66da6d114db19650305fe430418f731aead9bb1d8ebbdc44f5212227b84876,1,,2026-08-23T13:02:47.540034+00:00
730,UNIUSDT,1h,2026-05,kline:UNIUSDT:1h:2026-05,https://data.binance.vision/data/futures/um/monthly/klines/UNIUSDT/1h/UNIUSDT-1h-2026-05.zip,https://data.binance.vision/data/futures/um/monthly/klines/UNIUSDT/1h/UNIUSDT-1h-2026-05.zip.CHECKSUM,AVAILABLE,200,,31580ad952313cec992aac3a70218fdd3175482b8378c8e97e6625dc905482e6,1,,2026-08-23T13:02:47.818183+00:00
731,UNIUSDT,1h,2026-06,kline:UNIUSDT:1h:2026-06,https://data.binance.vision/data/futures/um/monthly/klines/UNIUSDT/1h/UNIUSDT-1h-2026-06.zip,https://data.binance.vision/data/futures/um/monthly/klines/UNIUSDT/1h/UNIUSDT-1h-2026-06.zip.CHECKSUM,AVAILABLE,200,,b3fbe531c108cda3b63256bf271a6ba03e97e1e0b05be8adc26e0efb8272558a,1,,2026-08-23T13:02:47.602176+00:00
732,UNIUSDT,1h,2026-07,kline:UNIUSDT:1h:2026-07,https://data.binance.vision/data/futures/um/monthly/klines/UNIUSDT/1h/UNIUSDT-1h-2026-07.zip,https://data.binance.vision/data/futures/um/monthly/klines/UNIUSDT/1h/UNIUSDT-1h-2026-07.zip.CHECKSUM,AVAILABLE,200,,62406da36d2072951e1ba07b0ab6f331a6dedd55edac72210ff35b02f1985346,1,,2026-08-23T13:02:47.792545+00:00
733,UNIUSDT,15m,2026-04,kline:UNIUSDT:15m:2026-04,https://data.binance.vision/data/futures/um/monthly/klines/UNIUSDT/15m/UNIUSDT-15m-2026-04.zip,https://data.binance.vision/data/futures/um/monthly/klines/UNIUSDT/15m/UNIUSDT-15m-2026-04.zip.CHECKSUM,AVAILABLE,200,,74226447ae161737abcc648362491bacf686fa7782532b36e37693f413d3cc81,1,,2026-08-23T13:02:47.956299+00:00
734,UNIUSDT,15m,2026-05,kline:UNIUSDT:15m:2026-05,https://data.binance.vision/data/futures/um/monthly/klines/UNIUSDT/15m/UNIUSDT-15m-2026-05.zip,https://data.binance.vision/data/futures/um/monthly/klines/UNIUSDT/15m/UNIUSDT-15m-2026-05.zip.CHECKSUM,AVAILABLE,200,,10fe7c7b2a1a7b74fc06c3d8cc5798462824ac6467a5e5c685f142c92a116edb,1,,2026-08-23T13:02:47.717231+00:00
735,UNIUSDT,15m,2026-06,kline:UNIUSDT:15m:2026-06,https://data.binance.vision/data/futures/um/monthly/klines/UNIUSDT/15m/UNIUSDT-15m-2026-06.zip,https://data.binance.vision/data/futures/um/monthly/klines/UNIUSDT/15m/UNIUSDT-15m-2026-06.zip.CHECKSUM,AVAILABLE,200,,027d0bb29138d31eeb35daf67a1a970b7b9506cf5f41fbf7d0843ff361c2315f,1,,2026-08-23T13:02:48.066749+00:00
736,UNIUSDT,15m,2026-07,kline:UNIUSDT:15m:2026-07,https://data.binance.vision/data/futures/um/monthly/klines/UNIUSDT/15m/UNIUSDT-15m-2026-07.zip,https://data.binance.vision/data/futures/um/monthly/klines/UNIUSDT/15m/UNIUSDT-15m-2026-07.zip.CHECKSUM,AVAILABLE,200,,d742e1cc15142a67c0ca095baeea6c2909825efd18f19ac7c986723b271e6b1c,1,,2026-08-23T13:02:47.842614+00:00
737,UNIUSDT,5m,2026-04,kline:UNIUSDT:5m:2026-04,https://data.binance.vision/data/futures/um/monthly/klines/UNIUSDT/5m/UNIUSDT-5m-2026-04.zip,https://data.binance.vision/data/futures/um/monthly/klines/UNIUSDT/5m/UNIUSDT-5m-2026-04.zip.CHECKSUM,AVAILABLE,200,,9713ed4805669f4174f88c90e33a216bd20f08c3fa072e5148b255603fad09c4,1,,2026-08-23T13:02:47.744854+00:00
738,UNIUSDT,5m,2026-05,kline:UNIUSDT:5m:2026-05,https://data.binance.vision/data/futures/um/monthly/klines/UNIUSDT/5m/UNIUSDT-5m-2026-05.zip,https://data.binance.vision/data/futures/um/monthly/klines/UNIUSDT/5m/UNIUSDT-5m-2026-05.zip.CHECKSUM,AVAILABLE,200,,cd044476f0f3f307fd0a9e5a51424b352b07f447e92038560049c3cb9234464e,1,,2026-08-23T13:02:48.107587+00:00
739,UNIUSDT,5m,2026-06,kline:UNIUSDT:5m:2026-06,https://data.binance.vision/data/futures/um/monthly/klines/UNIUSDT/5m/UNIUSDT-5m-2026-06.zip,https://data.binance.vision/data/futures/um/monthly/klines/UNIUSDT/5m/UNIUSDT-5m-2026-06.zip.CHECKSUM,AVAILABLE,200,,788f0c06712573d44b18ed2f525db50f9b295e4b45536c664fa46397d21b82d4,1,,2026-08-23T13:02:48.116473+00:00
740,UNIUSDT,5m,2026-07,kline:UNIUSDT:5m:2026-07,https://data.binance.vision/data/futures/um/monthly/klines/UNIUSDT/5m/UNIUSDT-5m-2026-07.zip,https://data.binance.vision/data/futures/um/monthly/klines/UNIUSDT/5m/UNIUSDT-5m-2026-07.zip.CHECKSUM,AVAILABLE,200,,620b3493e35ae2b20edd9afe6f36f9299deb4b6cdc08703e49f0df0da15a0aae,1,,2026-08-23T13:02:48.138242+00:00
741,UNIUSDT,1m,2026-04,kline:UNIUSDT:1m:2026-04,https://data.binance.vision/data/futures/um/monthly/klines/UNIUSDT/1m/UNIUSDT-1m-2026-04.zip,https://data.binance.vision/data/futures/um/monthly/klines/UNIUSDT/1m/UNIUSDT-1m-2026-04.zip.CHECKSUM,AVAILABLE,200,,6521259167c41d822eb97577d120e4d0ede3e60143e880ed7485418ce78264e8,1,,2026-08-23T13:02:47.813272+00:00
742,UNIUSDT,1m,2026-05,kline:UNIUSDT:1m:2026-05,https://data.binance.vision/data/futures/um/monthly/klines/UNIUSDT/1m/UNIUSDT-1m-2026-05.zip,https://data.binance.vision/data/futures/um/monthly/klines/UNIUSDT/1m/UNIUSDT-1m-2026-05.zip.CHECKSUM,AVAILABLE,200,,2e87053a4e7611a3960416f96e034a0565bc4845047270e08251e8873d3a91ee,1,,2026-08-23T13:02:47.994267+00:00
743,UNIUSDT,1m,2026-06,kline:UNIUSDT:1m:2026-06,https://data.binance.vision/data/futures/um/monthly/klines/UNIUSDT/1m/UNIUSDT-1m-2026-06.zip,https://data.binance.vision/data/futures/um/monthly/klines/UNIUSDT/1m/UNIUSDT-1m-2026-06.zip.CHECKSUM,AVAILABLE,200,,fa9a476643ec170d8fd9009bc8c4a2942cb810239448aee07dcb19c7fba03525,1,,2026-08-23T13:02:47.880124+00:00
744,UNIUSDT,1m,2026-07,kline:UNIUSDT:1m:2026-07,https://data.binance.vision/data/futures/um/monthly/klines/UNIUSDT/1m/UNIUSDT-1m-2026-07.zip,https://data.binance.vision/data/futures/um/monthly/klines/UNIUSDT/1m/UNIUSDT-1m-2026-07.zip.CHECKSUM,AVAILABLE,200,,1e9ea53845f883698bb97d29ee345d96d3806fa963df45df0c75b918adc222e9,1,,2026-08-23T13:02:48.192130+00:00
745,LTCUSDT,1d,2026-04,kline:LTCUSDT:1d:2026-04,https://data.binance.vision/data/futures/um/monthly/klines/LTCUSDT/1d/LTCUSDT-1d-2026-04.zip,https://data.binance.vision/data/futures/um/monthly/klines/LTCUSDT/1d/LTCUSDT-1d-2026-04.zip.CHECKSUM,AVAILABLE,200,,a563668da4c40e771ef1f3ecc817a7653eabaf5fe46447410c31cb2c4c661a37,1,,2026-08-23T13:02:48.188296+00:00
746,LTCUSDT,1d,2026-05,kline:LTCUSDT:1d:2026-05,https://data.binance.vision/data/futures/um/monthly/klines/LTCUSDT/1d/LTCUSDT-1d-2026-05.zip,https://data.binance.vision/data/futures/um/monthly/klines/LTCUSDT/1d/LTCUSDT-1d-2026-05.zip.CHECKSUM,AVAILABLE,200,,00762322bb9677e8753b5bef3e5bbb2a8da9d8fad0f1fe29e63d2ed11f1a88e0,1,,2026-08-23T13:02:48.097094+00:00
747,LTCUSDT,1d,2026-06,kline:LTCUSDT:1d:2026-06,https://data.binance.vision/data/futures/um/monthly/klines/LTCUSDT/1d/LTCUSDT-1d-2026-06.zip,https://data.binance.vision/data/futures/um/monthly/klines/LTCUSDT/1d/LTCUSDT-1d-2026-06.zip.CHECKSUM,AVAILABLE,200,,84f0559391c6225721dd66aaa426d5320f707e3b823a4024ab86cc9061ed569d,1,,2026-08-23T13:02:47.848183+00:00
748,LTCUSDT,1d,2026-07,kline:LTCUSDT:1d:2026-07,https://data.binance.vision/data/futures/um/monthly/klines/LTCUSDT/1d/LTCUSDT-1d-2026-07.zip,https://data.binance.vision/data/futures/um/monthly/klines/LTCUSDT/1d/LTCUSDT-1d-2026-07.zip.CHECKSUM,AVAILABLE,200,,1d7d95ceaa78a8bee9f21d1487c8cc05600b90cf30b4092e83b58b98fd780aef,1,,2026-08-23T13:02:47.852856+00:00
749,LTCUSDT,4h,2026-04,kline:LTCUSDT:4h:2026-04,https://data.binance.vision/data/futures/um/monthly/klines/LTCUSDT/4h/LTCUSDT-4h-2026-04.zip,https://data.binance.vision/data/futures/um/monthly/klines/LTCUSDT/4h/LTCUSDT-4h-2026-04.zip.CHECKSUM,AVAILABLE,200,,17c165f16897d14200af121af31442e4a95b61dae2be2b0f177e48b1694d9ab3,1,,2026-08-23T13:02:48.005501+00:00
750,LTCUSDT,4h,2026-05,kline:LTCUSDT:4h:2026-05,https://data.binance.vision/data/futures/um/monthly/klines/LTCUSDT/4h/LTCUSDT-4h-2026-05.zip,https://data.binance.vision/data/futures/um/monthly/klines/LTCUSDT/4h/LTCUSDT-4h-2026-05.zip.CHECKSUM,AVAILABLE,200,,2ec771df0cb1f96a99086a3ff1eef5e8d0ef1451da27dc4ec778fc8530884b4a,1,,2026-08-23T13:02:47.879486+00:00
751,LTCUSDT,4h,2026-06,kline:LTCUSDT:4h:2026-06,https://data.binance.vision/data/futures/um/monthly/klines/LTCUSDT/4h/LTCUSDT-4h-2026-06.zip,https://data.binance.vision/data/futures/um/monthly/klines/LTCUSDT/4h/LTCUSDT-4h-2026-06.zip.CHECKSUM,AVAILABLE,200,,a48aa3a4f3bd5f525501d87a78f944bf9a621bf80e50f31f725768cb5a876f56,1,,2026-08-23T13:02:47.895159+00:00
752,LTCUSDT,4h,2026-07,kline:LTCUSDT:4h:2026-07,https://data.binance.vision/data/futures/um/monthly/klines/LTCUSDT/4h/LTCUSDT-4h-2026-07.zip,https://data.binance.vision/data/futures/um/monthly/klines/LTCUSDT/4h/LTCUSDT-4h-2026-07.zip.CHECKSUM,AVAILABLE,200,,2aa2c69d39263fd86d4f52c7afccfb3a71c1bc4bc7c73258dda42e551e6387b6,1,,2026-08-23T13:02:47.916080+00:00
753,LTCUSDT,1h,2026-04,kline:LTCUSDT:1h:2026-04,https://data.binance.vision/data/futures/um/monthly/klines/LTCUSDT/1h/LTCUSDT-1h-2026-04.zip,https://data.binance.vision/data/futures/um/monthly/klines/LTCUSDT/1h/LTCUSDT-1h-2026-04.zip.CHECKSUM,AVAILABLE,200,,04e191693c84ebd96e4950e1806bd7fb1f6c6eb2b6e3325c48f1263e79c6e08a,1,,2026-08-23T13:02:47.928760+00:00
754,LTCUSDT,1h,2026-05,kline:LTCUSDT:1h:2026-05,https://data.binance.vision/data/futures/um/monthly/klines/LTCUSDT/1h/LTCUSDT-1h-2026-05.zip,https://data.binance.vision/data/futures/um/monthly/klines/LTCUSDT/1h/LTCUSDT-1h-2026-05.zip.CHECKSUM,AVAILABLE,200,,a4d9efdd0b46207a478988de554f4f31a498274e56475509060c9027a48d82c0,1,,2026-08-23T13:02:47.947015+00:00
755,LTCUSDT,1h,2026-06,kline:LTCUSDT:1h:2026-06,https://data.binance.vision/data/futures/um/monthly/klines/LTCUSDT/1h/LTCUSDT-1h-2026-06.zip,https://data.binance.vision/data/futures/um/monthly/klines/LTCUSDT/1h/LTCUSDT-1h-2026-06.zip.CHECKSUM,AVAILABLE,200,,bfec99c3dad2a3cf5c432f17b2363e6fefc00f0bc3fe3d10aed3e5915aaa647b,1,,2026-08-23T13:02:47.952427+00:00
756,LTCUSDT,1h,2026-07,kline:LTCUSDT:1h:2026-07,https://data.binance.vision/data/futures/um/monthly/klines/LTCUSDT/1h/LTCUSDT-1h-2026-07.zip,https://data.binance.vision/data/futures/um/monthly/klines/LTCUSDT/1h/LTCUSDT-1h-2026-07.zip.CHECKSUM,AVAILABLE,200,,6554f0c383c39d8f5fbaf6234e1ebc2c49b2b2ea8fa2572ab91ea9a548f526e6,1,,2026-08-23T13:02:47.955676+00:00
757,LTCUSDT,15m,2026-04,kline:LTCUSDT:15m:2026-04,https://data.binance.vision/data/futures/um/monthly/klines/LTCUSDT/15m/LTCUSDT-15m-2026-04.zip,https://data.binance.vision/data/futures/um/monthly/klines/LTCUSDT/15m/LTCUSDT-15m-2026-04.zip.CHECKSUM,AVAILABLE,200,,632fcd5c0090db4453c6b38a5b81eefa966c8fa2057bc2fa12e919a04864675b,1,,2026-08-23T13:02:48.052147+00:00
758,LTCUSDT,15m,2026-05,kline:LTCUSDT:15m:2026-05,https://data.binance.vision/data/futures/um/monthly/klines/LTCUSDT/15m/LTCUSDT-15m-2026-05.zip,https://data.binance.vision/data/futures/um/monthly/klines/LTCUSDT/15m/LTCUSDT-15m-2026-05.zip.CHECKSUM,AVAILABLE,200,,a16058449eb49eedb2a044f97cdd806c1b14aa68c5e4a00a33010ab4ece799f4,1,,2026-08-23T13:02:48.297670+00:00
759,LTCUSDT,15m,2026-06,kline:LTCUSDT:15m:2026-06,https://data.binance.vision/data/futures/um/monthly/klines/LTCUSDT/15m/LTCUSDT-15m-2026-06.zip,https://data.binance.vision/data/futures/um/monthly/klines/LTCUSDT/15m/LTCUSDT-15m-2026-06.zip.CHECKSUM,AVAILABLE,200,,52c0a9ef1b0c58ff6b589f7a6eadd23f642f06b73feabfd0f09e646867a4c4df,1,,2026-08-23T13:02:48.338424+00:00
760,LTCUSDT,15m,2026-07,kline:LTCUSDT:15m:2026-07,https://data.binance.vision/data/futures/um/monthly/klines/LTCUSDT/15m/LTCUSDT-15m-2026-07.zip,https://data.binance.vision/data/futures/um/monthly/klines/LTCUSDT/15m/LTCUSDT-15m-2026-07.zip.CHECKSUM,AVAILABLE,200,,14fe4281245b2be30fadf38078718950962e18b38d2a4b943bc932974aaa18f7,1,,2026-08-23T13:02:48.354444+00:00
761,LTCUSDT,5m,2026-04,kline:LTCUSDT:5m:2026-04,https://data.binance.vision/data/futures/um/monthly/klines/LTCUSDT/5m/LTCUSDT-5m-2026-04.zip,https://data.binance.vision/data/futures/um/monthly/klines/LTCUSDT/5m/LTCUSDT-5m-2026-04.zip.CHECKSUM,AVAILABLE,200,,b5b7a76eb06394717555d8b2f2706e793a3e70526672518669e4fbf54024c7f3,1,,2026-08-23T13:02:48.028464+00:00
762,LTCUSDT,5m,2026-05,kline:LTCUSDT:5m:2026-05,https://data.binance.vision/data/futures/um/monthly/klines/LTCUSDT/5m/LTCUSDT-5m-2026-05.zip,https://data.binance.vision/data/futures/um/monthly/klines/LTCUSDT/5m/LTCUSDT-5m-2026-05.zip.CHECKSUM,AVAILABLE,200,,69197c1dc8aeb17b461fb613fff09ba19467af7f27c44ea65a74c8ed32752b9c,1,,2026-08-23T13:02:48.037907+00:00
763,LTCUSDT,5m,2026-06,kline:LTCUSDT:5m:2026-06,https://data.binance.vision/data/futures/um/monthly/klines/LTCUSDT/5m/LTCUSDT-5m-2026-06.zip,https://data.binance.vision/data/futures/um/monthly/klines/LTCUSDT/5m/LTCUSDT-5m-2026-06.zip.CHECKSUM,AVAILABLE,200,,f1c2a16c8c93b6367bc016753ff66e555339f038ae622963fd644bbac8fb9ead,1,,2026-08-23T13:02:48.157757+00:00
764,LTCUSDT,5m,2026-07,kline:LTCUSDT:5m:2026-07,https://data.binance.vision/data/futures/um/monthly/klines/LTCUSDT/5m/LTCUSDT-5m-2026-07.zip,https://data.binance.vision/data/futures/um/monthly/klines/LTCUSDT/5m/LTCUSDT-5m-2026-07.zip.CHECKSUM,AVAILABLE,200,,4b2b2d3fc6d9edc2fb47d934e035a2a5e19417c7a9fc9c5503223dca6f0e7f38,1,,2026-08-23T13:02:48.056996+00:00
765,LTCUSDT,1m,2026-04,kline:LTCUSDT:1m:2026-04,https://data.binance.vision/data/futures/um/monthly/klines/LTCUSDT/1m/LTCUSDT-1m-2026-04.zip,https://data.binance.vision/data/futures/um/monthly/klines/LTCUSDT/1m/LTCUSDT-1m-2026-04.zip.CHECKSUM,AVAILABLE,200,,3b76fd6dd55599737bcc571690009388ec2bfb8572dd54b0c1374ef1f4a96649,1,,2026-08-23T13:02:48.058468+00:00
766,LTCUSDT,1m,2026-05,kline:LTCUSDT:1m:2026-05,https://data.binance.vision/data/futures/um/monthly/klines/LTCUSDT/1m/LTCUSDT-1m-2026-05.zip,https://data.binance.vision/data/futures/um/monthly/klines/LTCUSDT/1m/LTCUSDT-1m-2026-05.zip.CHECKSUM,AVAILABLE,200,,65ec20b1051a5bf6d1ccc83515096489a5801cbdd4dbe98632ada35b6f51af7f,1,,2026-08-23T13:02:48.056555+00:00
767,LTCUSDT,1m,2026-06,kline:LTCUSDT:1m:2026-06,https://data.binance.vision/data/futures/um/monthly/klines/LTCUSDT/1m/LTCUSDT-1m-2026-06.zip,https://data.binance.vision/data/futures/um/monthly/klines/LTCUSDT/1m/LTCUSDT-1m-2026-06.zip.CHECKSUM,AVAILABLE,200,,b11720dca3eac99a8248ed1676343bb357eac198c12941ef62a7d9467a696fcc,1,,2026-08-23T13:02:48.063463+00:00
768,LTCUSDT,1m,2026-07,kline:LTCUSDT:1m:2026-07,https://data.binance.vision/data/futures/um/monthly/klines/LTCUSDT/1m/LTCUSDT-1m-2026-07.zip,https://data.binance.vision/data/futures/um/monthly/klines/LTCUSDT/1m/LTCUSDT-1m-2026-07.zip.CHECKSUM,AVAILABLE,200,,360b5b9809f37bcde142357f2b86f50408f3f9507530a61dcb9d29bdd1fa3769,1,,2026-08-23T13:02:48.089285+00:00
769,PAXGUSDT,1d,2026-04,kline:PAXGUSDT:1d:2026-04,https://data.binance.vision/data/futures/um/monthly/klines/PAXGUSDT/1d/PAXGUSDT-1d-2026-04.zip,https://data.binance.vision/data/futures/um/monthly/klines/PAXGUSDT/1d/PAXGUSDT-1d-2026-04.zip.CHECKSUM,AVAILABLE,200,,9df9acc35e552420a46f1abb36ec18be497ab5852388c1a200efb215644960c6,1,,2026-08-23T13:02:48.412337+00:00
770,PAXGUSDT,1d,2026-05,kline:PAXGUSDT:1d:2026-05,https://data.binance.vision/data/futures/um/monthly/klines/PAXGUSDT/1d/PAXGUSDT-1d-2026-05.zip,https://data.binance.vision/data/futures/um/monthly/klines/PAXGUSDT/1d/PAXGUSDT-1d-2026-05.zip.CHECKSUM,AVAILABLE,200,,2b67163c4a59588c9ee00ef1fc9f07d744020c71fc06379bf04b90bd16bf6651,1,,2026-08-23T13:02:48.098101+00:00
771,PAXGUSDT,1d,2026-06,kline:PAXGUSDT:1d:2026-06,https://data.binance.vision/data/futures/um/monthly/klines/PAXGUSDT/1d/PAXGUSDT-1d-2026-06.zip,https://data.binance.vision/data/futures/um/monthly/klines/PAXGUSDT/1d/PAXGUSDT-1d-2026-06.zip.CHECKSUM,AVAILABLE,200,,8d7ce8211609767f63b476f55cfe15d5a9c42876037cdee3efb5a5b08373d3b8,1,,2026-08-23T13:02:48.416928+00:00
772,PAXGUSDT,1d,2026-07,kline:PAXGUSDT:1d:2026-07,https://data.binance.vision/data/futures/um/monthly/klines/PAXGUSDT/1d/PAXGUSDT-1d-2026-07.zip,https://data.binance.vision/data/futures/um/monthly/klines/PAXGUSDT/1d/PAXGUSDT-1d-2026-07.zip.CHECKSUM,AVAILABLE,200,,53447bc8d1c8c26a05780332a10c6367da3817e148d35e1cdb49e51c2f98721e,1,,2026-08-23T13:02:48.087865+00:00
773,PAXGUSDT,4h,2026-04,kline:PAXGUSDT:4h:2026-04,https://data.binance.vision/data/futures/um/monthly/klines/PAXGUSDT/4h/PAXGUSDT-4h-2026-04.zip,https://data.binance.vision/data/futures/um/monthly/klines/PAXGUSDT/4h/PAXGUSDT-4h-2026-04.zip.CHECKSUM,AVAILABLE,200,,5523f4dcb3d4d23f20b1b8b7be47acbad58fc03b1046919dcad0a5503d79fc2c,1,,2026-08-23T13:02:48.102450+00:00
774,PAXGUSDT,4h,2026-05,kline:PAXGUSDT:4h:2026-05,https://data.binance.vision/data/futures/um/monthly/klines/PAXGUSDT/4h/PAXGUSDT-4h-2026-05.zip,https://data.binance.vision/data/futures/um/monthly/klines/PAXGUSDT/4h/PAXGUSDT-4h-2026-05.zip.CHECKSUM,AVAILABLE,200,,8736212aff3a71d8222a9cf201d0d549ccb6a1e035f7a59c69f3230ddb2549f2,1,,2026-08-23T13:02:48.123532+00:00
775,PAXGUSDT,4h,2026-06,kline:PAXGUSDT:4h:2026-06,https://data.binance.vision/data/futures/um/monthly/klines/PAXGUSDT/4h/PAXGUSDT-4h-2026-06.zip,https://data.binance.vision/data/futures/um/monthly/klines/PAXGUSDT/4h/PAXGUSDT-4h-2026-06.zip.CHECKSUM,AVAILABLE,200,,aa5fc1d18299ac83ad601ec51b0e5db19a37f409fff702be88a3f9f68f4df0ab,1,,2026-08-23T13:02:48.130827+00:00
776,PAXGUSDT,4h,2026-07,kline:PAXGUSDT:4h:2026-07,https://data.binance.vision/data/futures/um/monthly/klines/PAXGUSDT/4h/PAXGUSDT-4h-2026-07.zip,https://data.binance.vision/data/futures/um/monthly/klines/PAXGUSDT/4h/PAXGUSDT-4h-2026-07.zip.CHECKSUM,AVAILABLE,200,,2bb1a89b9e180d3bc1c9a23a6e315229fa8fa64bf7fadb911c5f306872803ea9,1,,2026-08-23T13:02:48.296517+00:00
777,PAXGUSDT,1h,2026-04,kline:PAXGUSDT:1h:2026-04,https://data.binance.vision/data/futures/um/monthly/klines/PAXGUSDT/1h/PAXGUSDT-1h-2026-04.zip,https://data.binance.vision/data/futures/um/monthly/klines/PAXGUSDT/1h/PAXGUSDT-1h-2026-04.zip.CHECKSUM,AVAILABLE,200,,da31932dbb8356bb164fbf291a0e17d14ccb042dbcbbf6b22df14ad29118fa2b,1,,2026-08-23T13:02:48.346938+00:00
778,PAXGUSDT,1h,2026-05,kline:PAXGUSDT:1h:2026-05,https://data.binance.vision/data/futures/um/monthly/klines/PAXGUSDT/1h/PAXGUSDT-1h-2026-05.zip,https://data.binance.vision/data/futures/um/monthly/klines/PAXGUSDT/1h/PAXGUSDT-1h-2026-05.zip.CHECKSUM,AVAILABLE,200,,a768d596d426cd901e789a115f136c933b400ffa32cb32276dadea15272e7e04,1,,2026-08-23T13:02:48.516470+00:00
779,PAXGUSDT,1h,2026-06,kline:PAXGUSDT:1h:2026-06,https://data.binance.vision/data/futures/um/monthly/klines/PAXGUSDT/1h/PAXGUSDT-1h-2026-06.zip,https://data.binance.vision/data/futures/um/monthly/klines/PAXGUSDT/1h/PAXGUSDT-1h-2026-06.zip.CHECKSUM,AVAILABLE,200,,4c97a6b97bd9380544a702e0239245d8d81c6c55fc2306c1a41bf53b26baa3a3,1,,2026-08-23T13:02:48.498688+00:00
780,PAXGUSDT,1h,2026-07,kline:PAXGUSDT:1h:2026-07,https://data.binance.vision/data/futures/um/monthly/klines/PAXGUSDT/1h/PAXGUSDT-1h-2026-07.zip,https://data.binance.vision/data/futures/um/monthly/klines/PAXGUSDT/1h/PAXGUSDT-1h-2026-07.zip.CHECKSUM,AVAILABLE,200,,517b34ed8899f9159b3009fc3a07391a4cfd57743376bd65870a8705d9988b45,1,,2026-08-23T13:02:48.552179+00:00
781,PAXGUSDT,15m,2026-04,kline:PAXGUSDT:15m:2026-04,https://data.binance.vision/data/futures/um/monthly/klines/PAXGUSDT/15m/PAXGUSDT-15m-2026-04.zip,https://data.binance.vision/data/futures/um/monthly/klines/PAXGUSDT/15m/PAXGUSDT-15m-2026-04.zip.CHECKSUM,AVAILABLE,200,,8e431b1f02d5603db6cfd5d59b267c7774caf05e3a9026d1df01fef33e12f312,1,,2026-08-23T13:02:48.255220+00:00
782,PAXGUSDT,15m,2026-05,kline:PAXGUSDT:15m:2026-05,https://data.binance.vision/data/futures/um/monthly/klines/PAXGUSDT/15m/PAXGUSDT-15m-2026-05.zip,https://data.binance.vision/data/futures/um/monthly/klines/PAXGUSDT/15m/PAXGUSDT-15m-2026-05.zip.CHECKSUM,AVAILABLE,200,,de7b8098ecd8568282834b8b28a129dfd57417f78353f9021c20e9f50af8383d,1,,2026-08-23T13:02:48.233650+00:00
783,PAXGUSDT,15m,2026-06,kline:PAXGUSDT:15m:2026-06,https://data.binance.vision/data/futures/um/monthly/klines/PAXGUSDT/15m/PAXGUSDT-15m-2026-06.zip,https://data.binance.vision/data/futures/um/monthly/klines/PAXGUSDT/15m/PAXGUSDT-15m-2026-06.zip.CHECKSUM,AVAILABLE,200,,82b973b421f7305b810a9b18a57d0066bed12dfac88eab0a85fbd5b5641cbc15,1,,2026-08-23T13:02:48.238901+00:00
784,PAXGUSDT,15m,2026-07,kline:PAXGUSDT:15m:2026-07,https://data.binance.vision/data/futures/um/monthly/klines/PAXGUSDT/15m/PAXGUSDT-15m-2026-07.zip,https://data.binance.vision/data/futures/um/monthly/klines/PAXGUSDT/15m/PAXGUSDT-15m-2026-07.zip.CHECKSUM,AVAILABLE,200,,c5dbcf427f8efedff995501541b521cee0cc2c03bb23c73a58c744bdd007f81b,1,,2026-08-23T13:02:48.287391+00:00
785,PAXGUSDT,5m,2026-04,kline:PAXGUSDT:5m:2026-04,https://data.binance.vision/data/futures/um/monthly/klines/PAXGUSDT/5m/PAXGUSDT-5m-2026-04.zip,https://data.binance.vision/data/futures/um/monthly/klines/PAXGUSDT/5m/PAXGUSDT-5m-2026-04.zip.CHECKSUM,AVAILABLE,200,,7c2742a84c86cefe599a5bf372ff31e9160d9045972cc380e59c60d9af18c538,1,,2026-08-23T13:02:48.607331+00:00
786,PAXGUSDT,5m,2026-05,kline:PAXGUSDT:5m:2026-05,https://data.binance.vision/data/futures/um/monthly/klines/PAXGUSDT/5m/PAXGUSDT-5m-2026-05.zip,https://data.binance.vision/data/futures/um/monthly/klines/PAXGUSDT/5m/PAXGUSDT-5m-2026-05.zip.CHECKSUM,AVAILABLE,200,,675d7e68eda3b27b565f152d4744d0dc1401b3157b2304c97dd2f5b9d7aab9f0,1,,2026-08-23T13:02:48.286562+00:00
787,PAXGUSDT,5m,2026-06,kline:PAXGUSDT:5m:2026-06,https://data.binance.vision/data/futures/um/monthly/klines/PAXGUSDT/5m/PAXGUSDT-5m-2026-06.zip,https://data.binance.vision/data/futures/um/monthly/klines/PAXGUSDT/5m/PAXGUSDT-5m-2026-06.zip.CHECKSUM,AVAILABLE,200,,434010285e70de40b63069dc20f8ee980bf1fa509d286173d523d0b508308d64,1,,2026-08-23T13:02:48.272747+00:00
788,PAXGUSDT,5m,2026-07,kline:PAXGUSDT:5m:2026-07,https://data.binance.vision/data/futures/um/monthly/klines/PAXGUSDT/5m/PAXGUSDT-5m-2026-07.zip,https://data.binance.vision/data/futures/um/monthly/klines/PAXGUSDT/5m/PAXGUSDT-5m-2026-07.zip.CHECKSUM,AVAILABLE,200,,c216412aa4b8c5556a620bfb8631ad01d5c645309a630546982c8781862297ab,1,,2026-08-23T13:02:48.266884+00:00
789,PAXGUSDT,1m,2026-04,kline:PAXGUSDT:1m:2026-04,https://data.binance.vision/data/futures/um/monthly/klines/PAXGUSDT/1m/PAXGUSDT-1m-2026-04.zip,https://data.binance.vision/data/futures/um/monthly/klines/PAXGUSDT/1m/PAXGUSDT-1m-2026-04.zip.CHECKSUM,AVAILABLE,200,,1d770a2c561df85f46a39d0f9f99c61ed75bc07293a391759b654aa1c7e0f0f9,1,,2026-08-23T13:02:48.268068+00:00
790,PAXGUSDT,1m,2026-05,kline:PAXGUSDT:1m:2026-05,https://data.binance.vision/data/futures/um/monthly/klines/PAXGUSDT/1m/PAXGUSDT-1m-2026-05.zip,https://data.binance.vision/data/futures/um/monthly/klines/PAXGUSDT/1m/PAXGUSDT-1m-2026-05.zip.CHECKSUM,AVAILABLE,200,,c2f11e065aed12d74a67131ac22bc203cce2c39c4eb0025f2962beba692bfaca,1,,2026-08-23T13:02:48.290657+00:00
791,PAXGUSDT,1m,2026-06,kline:PAXGUSDT:1m:2026-06,https://data.binance.vision/data/futures/um/monthly/klines/PAXGUSDT/1m/PAXGUSDT-1m-2026-06.zip,https://data.binance.vision/data/futures/um/monthly/klines/PAXGUSDT/1m/PAXGUSDT-1m-2026-06.zip.CHECKSUM,AVAILABLE,200,,f721ca4e2c65080dcce3566ff413527e99214a8fac6ae398eff5e7f8ab110e0e,1,,2026-08-23T13:02:48.292286+00:00
792,PAXGUSDT,1m,2026-07,kline:PAXGUSDT:1m:2026-07,https://data.binance.vision/data/futures/um/monthly/klines/PAXGUSDT/1m/PAXGUSDT-1m-2026-07.zip,https://data.binance.vision/data/futures/um/monthly/klines/PAXGUSDT/1m/PAXGUSDT-1m-2026-07.zip.CHECKSUM,AVAILABLE,200,,72cee9d5a3d268132369f89f809fa16c7a857935dbb1c2f5170b7b63d6d1fa43,1,,2026-08-23T13:02:48.304000+00:00
793,PENGUUSDT,1d,2026-04,kline:PENGUUSDT:1d:2026-04,https://data.binance.vision/data/futures/um/monthly/klines/PENGUUSDT/1d/PENGUUSDT-1d-2026-04.zip,https://data.binance.vision/data/futures/um/monthly/klines/PENGUUSDT/1d/PENGUUSDT-1d-2026-04.zip.CHECKSUM,AVAILABLE,200,,d090546885b6263d328de7825bd39ce2fd9d1ac24cf2fd3dce094e65e53406a5,1,,2026-08-23T13:02:48.441754+00:00
794,PENGUUSDT,1d,2026-05,kline:PENGUUSDT:1d:2026-05,https://data.binance.vision/data/futures/um/monthly/klines/PENGUUSDT/1d/PENGUUSDT-1d-2026-05.zip,https://data.binance.vision/data/futures/um/monthly/klines/PENGUUSDT/1d/PENGUUSDT-1d-2026-05.zip.CHECKSUM,AVAILABLE,200,,8cda0260653e7af5b82e300ffff482502a61336a133506ab3f1ebbdf38105b67,1,,2026-08-23T13:02:48.303345+00:00
795,PENGUUSDT,1d,2026-06,kline:PENGUUSDT:1d:2026-06,https://data.binance.vision/data/futures/um/monthly/klines/PENGUUSDT/1d/PENGUUSDT-1d-2026-06.zip,https://data.binance.vision/data/futures/um/monthly/klines/PENGUUSDT/1d/PENGUUSDT-1d-2026-06.zip.CHECKSUM,AVAILABLE,200,,88d4c799a41170a348788da07c2202227928a434af9ab7c3fab5b00e310b5de5,1,,2026-08-23T13:02:48.309926+00:00
796,PENGUUSDT,1d,2026-07,kline:PENGUUSDT:1d:2026-07,https://data.binance.vision/data/futures/um/monthly/klines/PENGUUSDT/1d/PENGUUSDT-1d-2026-07.zip,https://data.binance.vision/data/futures/um/monthly/klines/PENGUUSDT/1d/PENGUUSDT-1d-2026-07.zip.CHECKSUM,AVAILABLE,200,,e6f7ab314e09ed5f469a90d774e37925d1fe2d496f2927a070203cb8dccd16ca,1,,2026-08-23T13:02:48.487098+00:00
797,PENGUUSDT,4h,2026-04,kline:PENGUUSDT:4h:2026-04,https://data.binance.vision/data/futures/um/monthly/klines/PENGUUSDT/4h/PENGUUSDT-4h-2026-04.zip,https://data.binance.vision/data/futures/um/monthly/klines/PENGUUSDT/4h/PENGUUSDT-4h-2026-04.zip.CHECKSUM,AVAILABLE,200,,4c72342af15303c52523ae854d44d2273ca34afb976fa65fc52b88b2e7ce6629,1,,2026-08-23T13:02:48.321094+00:00
798,PENGUUSDT,4h,2026-05,kline:PENGUUSDT:4h:2026-05,https://data.binance.vision/data/futures/um/monthly/klines/PENGUUSDT/4h/PENGUUSDT-4h-2026-05.zip,https://data.binance.vision/data/futures/um/monthly/klines/PENGUUSDT/4h/PENGUUSDT-4h-2026-05.zip.CHECKSUM,AVAILABLE,200,,0d51fd8b187d6db38d3da2bee0cbdc043d217b5b224077e772eede93dcaa318b,1,,2026-08-23T13:02:48.336111+00:00
799,PENGUUSDT,4h,2026-06,kline:PENGUUSDT:4h:2026-06,https://data.binance.vision/data/futures/um/monthly/klines/PENGUUSDT/4h/PENGUUSDT-4h-2026-06.zip,https://data.binance.vision/data/futures/um/monthly/klines/PENGUUSDT/4h/PENGUUSDT-4h-2026-06.zip.CHECKSUM,AVAILABLE,200,,7b5199271b3335dc1e15dccd85652126c3db494ea785c0cd6eedfdb8643ba4dd,1,,2026-08-23T13:02:48.680801+00:00
800,PENGUUSDT,4h,2026-07,kline:PENGUUSDT:4h:2026-07,https://data.binance.vision/data/futures/um/monthly/klines/PENGUUSDT/4h/PENGUUSDT-4h-2026-07.zip,https://data.binance.vision/data/futures/um/monthly/klines/PENGUUSDT/4h/PENGUUSDT-4h-2026-07.zip.CHECKSUM,AVAILABLE,200,,3b8045abddb8f2be2245ebcfd4dfa86da16f6ee668339003ed3d43ca2aa0119c,1,,2026-08-23T13:02:48.361525+00:00
801,PENGUUSDT,1h,2026-04,kline:PENGUUSDT:1h:2026-04,https://data.binance.vision/data/futures/um/monthly/klines/PENGUUSDT/1h/PENGUUSDT-1h-2026-04.zip,https://data.binance.vision/data/futures/um/monthly/klines/PENGUUSDT/1h/PENGUUSDT-1h-2026-04.zip.CHECKSUM,AVAILABLE,200,,42fd551aa2ea307488a7101dc4af2466a1e6ffa7204ee82a354af7429eff3b87,1,,2026-08-23T13:02:48.750015+00:00
802,PENGUUSDT,1h,2026-05,kline:PENGUUSDT:1h:2026-05,https://data.binance.vision/data/futures/um/monthly/klines/PENGUUSDT/1h/PENGUUSDT-1h-2026-05.zip,https://data.binance.vision/data/futures/um/monthly/klines/PENGUUSDT/1h/PENGUUSDT-1h-2026-05.zip.CHECKSUM,AVAILABLE,200,,d35858658304a8bbfeda4e955b8016c1783f513cff5e2aece79dafc270f83a88,1,,2026-08-23T13:02:48.740230+00:00
803,PENGUUSDT,1h,2026-06,kline:PENGUUSDT:1h:2026-06,https://data.binance.vision/data/futures/um/monthly/klines/PENGUUSDT/1h/PENGUUSDT-1h-2026-06.zip,https://data.binance.vision/data/futures/um/monthly/klines/PENGUUSDT/1h/PENGUUSDT-1h-2026-06.zip.CHECKSUM,AVAILABLE,200,,19fc8c741ba774c5d73cb7d59f22f078c7066c74388a22369101d8bc1885fc94,1,,2026-08-23T13:02:48.454048+00:00
804,PENGUUSDT,1h,2026-07,kline:PENGUUSDT:1h:2026-07,https://data.binance.vision/data/futures/um/monthly/klines/PENGUUSDT/1h/PENGUUSDT-1h-2026-07.zip,https://data.binance.vision/data/futures/um/monthly/klines/PENGUUSDT/1h/PENGUUSDT-1h-2026-07.zip.CHECKSUM,AVAILABLE,200,,1599f665debfc58c14b7be76199cbe1dd08ab80569b87f2ec3a4beec3aea980e,1,,2026-08-23T13:02:48.444947+00:00
805,PENGUUSDT,15m,2026-04,kline:PENGUUSDT:15m:2026-04,https://data.binance.vision/data/futures/um/monthly/klines/PENGUUSDT/15m/PENGUUSDT-15m-2026-04.zip,https://data.binance.vision/data/futures/um/monthly/klines/PENGUUSDT/15m/PENGUUSDT-15m-2026-04.zip.CHECKSUM,AVAILABLE,200,,e709c243ac18895eb8882c95d1d2ebd3fdf98e667961c39986c9ac07c77ea925,1,,2026-08-23T13:02:48.634714+00:00
806,PENGUUSDT,15m,2026-05,kline:PENGUUSDT:15m:2026-05,https://data.binance.vision/data/futures/um/monthly/klines/PENGUUSDT/15m/PENGUUSDT-15m-2026-05.zip,https://data.binance.vision/data/futures/um/monthly/klines/PENGUUSDT/15m/PENGUUSDT-15m-2026-05.zip.CHECKSUM,AVAILABLE,200,,2890a48be8b53fdc474d619b9665fbad11bd001aec144d16c5b7d91633e385c8,1,,2026-08-23T13:02:48.466080+00:00
807,PENGUUSDT,15m,2026-06,kline:PENGUUSDT:15m:2026-06,https://data.binance.vision/data/futures/um/monthly/klines/PENGUUSDT/15m/PENGUUSDT-15m-2026-06.zip,https://data.binance.vision/data/futures/um/monthly/klines/PENGUUSDT/15m/PENGUUSDT-15m-2026-06.zip.CHECKSUM,AVAILABLE,200,,15ee38a937a74bf83287bd571e26895a7ce505df383575534f9717ffccd07800,1,,2026-08-23T13:02:48.533595+00:00
808,PENGUUSDT,15m,2026-07,kline:PENGUUSDT:15m:2026-07,https://data.binance.vision/data/futures/um/monthly/klines/PENGUUSDT/15m/PENGUUSDT-15m-2026-07.zip,https://data.binance.vision/data/futures/um/monthly/klines/PENGUUSDT/15m/PENGUUSDT-15m-2026-07.zip.CHECKSUM,AVAILABLE,200,,00cfcafdf71b068d262e278253f1d58cf6161bd9c4b8cddeedcf15ffee9e160a,1,,2026-08-23T13:02:48.817793+00:00
809,PENGUUSDT,5m,2026-04,kline:PENGUUSDT:5m:2026-04,https://data.binance.vision/data/futures/um/monthly/klines/PENGUUSDT/5m/PENGUUSDT-5m-2026-04.zip,https://data.binance.vision/data/futures/um/monthly/klines/PENGUUSDT/5m/PENGUUSDT-5m-2026-04.zip.CHECKSUM,AVAILABLE,200,,e3ec0e9e1b1cd29d7603b567e73a5b7babac0e63b15fb4f9e744433599fc6293,1,,2026-08-23T13:02:48.497505+00:00
810,PENGUUSDT,5m,2026-05,kline:PENGUUSDT:5m:2026-05,https://data.binance.vision/data/futures/um/monthly/klines/PENGUUSDT/5m/PENGUUSDT-5m-2026-05.zip,https://data.binance.vision/data/futures/um/monthly/klines/PENGUUSDT/5m/PENGUUSDT-5m-2026-05.zip.CHECKSUM,AVAILABLE,200,,7a7fc4747e7fe79e35027ebd02fa8129b0ca85daabb93c3f953be09f8cade79c,1,,2026-08-23T13:02:48.494701+00:00
811,PENGUUSDT,5m,2026-06,kline:PENGUUSDT:5m:2026-06,https://data.binance.vision/data/futures/um/monthly/klines/PENGUUSDT/5m/PENGUUSDT-5m-2026-06.zip,https://data.binance.vision/data/futures/um/monthly/klines/PENGUUSDT/5m/PENGUUSDT-5m-2026-06.zip.CHECKSUM,AVAILABLE,200,,13cbfe043ae6a48d48707f1d95ded78fc42b0070355df86387a268f9c8fce336,1,,2026-08-23T13:02:48.496674+00:00
812,PENGUUSDT,5m,2026-07,kline:PENGUUSDT:5m:2026-07,https://data.binance.vision/data/futures/um/monthly/klines/PENGUUSDT/5m/PENGUUSDT-5m-2026-07.zip,https://data.binance.vision/data/futures/um/monthly/klines/PENGUUSDT/5m/PENGUUSDT-5m-2026-07.zip.CHECKSUM,AVAILABLE,200,,326f401efc3fd9c64c162a4e4e3b3218b4065834eb1b9040d31ef9e7de265ca5,1,,2026-08-23T13:02:48.504497+00:00
813,PENGUUSDT,1m,2026-04,kline:PENGUUSDT:1m:2026-04,https://data.binance.vision/data/futures/um/monthly/klines/PENGUUSDT/1m/PENGUUSDT-1m-2026-04.zip,https://data.binance.vision/data/futures/um/monthly/klines/PENGUUSDT/1m/PENGUUSDT-1m-2026-04.zip.CHECKSUM,AVAILABLE,200,,3afb4856acbcb1465d843b25f8604a00519e182ee0c377f6095e1fcc7bd7af2b,1,,2026-08-23T13:02:48.500315+00:00
814,PENGUUSDT,1m,2026-05,kline:PENGUUSDT:1m:2026-05,https://data.binance.vision/data/futures/um/monthly/klines/PENGUUSDT/1m/PENGUUSDT-1m-2026-05.zip,https://data.binance.vision/data/futures/um/monthly/klines/PENGUUSDT/1m/PENGUUSDT-1m-2026-05.zip.CHECKSUM,AVAILABLE,200,,1c1668c7855f88b705a07d088464b51323803994dbefe2e2b17a341e27521841,1,,2026-08-23T13:02:48.495560+00:00
815,PENGUUSDT,1m,2026-06,kline:PENGUUSDT:1m:2026-06,https://data.binance.vision/data/futures/um/monthly/klines/PENGUUSDT/1m/PENGUUSDT-1m-2026-06.zip,https://data.binance.vision/data/futures/um/monthly/klines/PENGUUSDT/1m/PENGUUSDT-1m-2026-06.zip.CHECKSUM,AVAILABLE,200,,b123b8418a6e45807fbdc3cfe7551b1ba92a23ed2f85e3048c44ad64ef71cfaa,1,,2026-08-23T13:02:48.789072+00:00
816,PENGUUSDT,1m,2026-07,kline:PENGUUSDT:1m:2026-07,https://data.binance.vision/data/futures/um/monthly/klines/PENGUUSDT/1m/PENGUUSDT-1m-2026-07.zip,https://data.binance.vision/data/futures/um/monthly/klines/PENGUUSDT/1m/PENGUUSDT-1m-2026-07.zip.CHECKSUM,AVAILABLE,200,,05cbbaf30829c4058b66be83b975644348d026ee9ecf01353f20918097c34d8a,1,,2026-08-23T13:02:48.507567+00:00
817,LITUSDT,1d,2026-04,kline:LITUSDT:1d:2026-04,https://data.binance.vision/data/futures/um/monthly/klines/LITUSDT/1d/LITUSDT-1d-2026-04.zip,https://data.binance.vision/data/futures/um/monthly/klines/LITUSDT/1d/LITUSDT-1d-2026-04.zip.CHECKSUM,AVAILABLE,200,,6eb4982154ac4fc3d728e4eac764e2d355cbf72c2864fe30ae0d821681803ea4,1,,2026-08-23T13:02:48.511957+00:00
818,LITUSDT,1d,2026-05,kline:LITUSDT:1d:2026-05,https://data.binance.vision/data/futures/um/monthly/klines/LITUSDT/1d/LITUSDT-1d-2026-05.zip,https://data.binance.vision/data/futures/um/monthly/klines/LITUSDT/1d/LITUSDT-1d-2026-05.zip.CHECKSUM,AVAILABLE,200,,10be5ced3acc0dcdf447a580cc6cf99b29f81965088a9b29d263cdbf96799716,1,,2026-08-23T13:02:48.526295+00:00
819,LITUSDT,1d,2026-06,kline:LITUSDT:1d:2026-06,https://data.binance.vision/data/futures/um/monthly/klines/LITUSDT/1d/LITUSDT-1d-2026-06.zip,https://data.binance.vision/data/futures/um/monthly/klines/LITUSDT/1d/LITUSDT-1d-2026-06.zip.CHECKSUM,AVAILABLE,200,,1ee493c3e76548483b38057b1ea8296e2a702c7026c53346b43e2fcbc8f3026d,1,,2026-08-23T13:02:48.544635+00:00
820,LITUSDT,1d,2026-07,kline:LITUSDT:1d:2026-07,https://data.binance.vision/data/futures/um/monthly/klines/LITUSDT/1d/LITUSDT-1d-2026-07.zip,https://data.binance.vision/data/futures/um/monthly/klines/LITUSDT/1d/LITUSDT-1d-2026-07.zip.CHECKSUM,AVAILABLE,200,,b4ed58ef4685af6a70f365b6cde14090b939da0f4bfa0286f0a6d4da3b088641,1,,2026-08-23T13:02:48.547767+00:00
821,LITUSDT,4h,2026-04,kline:LITUSDT:4h:2026-04,https://data.binance.vision/data/futures/um/monthly/klines/LITUSDT/4h/LITUSDT-4h-2026-04.zip,https://data.binance.vision/data/futures/um/monthly/klines/LITUSDT/4h/LITUSDT-4h-2026-04.zip.CHECKSUM,AVAILABLE,200,,ee236a2129fdd68c054686d8ce960327f9c0011230f112c21506e859e6051f86,1,,2026-08-23T13:02:48.548449+00:00
822,LITUSDT,4h,2026-05,kline:LITUSDT:4h:2026-05,https://data.binance.vision/data/futures/um/monthly/klines/LITUSDT/4h/LITUSDT-4h-2026-05.zip,https://data.binance.vision/data/futures/um/monthly/klines/LITUSDT/4h/LITUSDT-4h-2026-05.zip.CHECKSUM,AVAILABLE,200,,6c384e056c3b11db1b5af6cae17f7c6a766d91dee6c5db1e0f8888a2c8161f7f,1,,2026-08-23T13:02:48.558156+00:00
823,LITUSDT,4h,2026-06,kline:LITUSDT:4h:2026-06,https://data.binance.vision/data/futures/um/monthly/klines/LITUSDT/4h/LITUSDT-4h-2026-06.zip,https://data.binance.vision/data/futures/um/monthly/klines/LITUSDT/4h/LITUSDT-4h-2026-06.zip.CHECKSUM,AVAILABLE,200,,72c027a3dbd4c171db6e41036beb5f878a90794c0806f874749972304f686eb9,1,,2026-08-23T13:02:48.565907+00:00
824,LITUSDT,4h,2026-07,kline:LITUSDT:4h:2026-07,https://data.binance.vision/data/futures/um/monthly/klines/LITUSDT/4h/LITUSDT-4h-2026-07.zip,https://data.binance.vision/data/futures/um/monthly/klines/LITUSDT/4h/LITUSDT-4h-2026-07.zip.CHECKSUM,AVAILABLE,200,,51b8c701e78c6822ae79f7ab71fd318cfdfb2554a04ed0fd063687196ea4a37f,1,,2026-08-23T13:02:48.615642+00:00
825,LITUSDT,1h,2026-04,kline:LITUSDT:1h:2026-04,https://data.binance.vision/data/futures/um/monthly/klines/LITUSDT/1h/LITUSDT-1h-2026-04.zip,https://data.binance.vision/data/futures/um/monthly/klines/LITUSDT/1h/LITUSDT-1h-2026-04.zip.CHECKSUM,AVAILABLE,200,,a9854e5b895b633a8b0a53ad22e1e40473b8ebae7837336324f9a007dd59e415,1,,2026-08-23T13:02:48.619904+00:00
826,LITUSDT,1h,2026-05,kline:LITUSDT:1h:2026-05,https://data.binance.vision/data/futures/um/monthly/klines/LITUSDT/1h/LITUSDT-1h-2026-05.zip,https://data.binance.vision/data/futures/um/monthly/klines/LITUSDT/1h/LITUSDT-1h-2026-05.zip.CHECKSUM,AVAILABLE,200,,b0f9241b1c597d318d275dda67b452cf6021535073858009ffc3257e941effce,1,,2026-08-23T13:02:48.742507+00:00
827,LITUSDT,1h,2026-06,kline:LITUSDT:1h:2026-06,https://data.binance.vision/data/futures/um/monthly/klines/LITUSDT/1h/LITUSDT-1h-2026-06.zip,https://data.binance.vision/data/futures/um/monthly/klines/LITUSDT/1h/LITUSDT-1h-2026-06.zip.CHECKSUM,AVAILABLE,200,,27d808841e5032a17973b53f0b5a18b67c98d0a09aa5f1a2de6ef372529874cf,1,,2026-08-23T13:02:48.649750+00:00
828,LITUSDT,1h,2026-07,kline:LITUSDT:1h:2026-07,https://data.binance.vision/data/futures/um/monthly/klines/LITUSDT/1h/LITUSDT-1h-2026-07.zip,https://data.binance.vision/data/futures/um/monthly/klines/LITUSDT/1h/LITUSDT-1h-2026-07.zip.CHECKSUM,AVAILABLE,200,,73918389c324143965015675b3b469347ff2177e18e7ac3513f14e2d6d7ff3b8,1,,2026-08-23T13:02:49.006435+00:00
829,LITUSDT,15m,2026-04,kline:LITUSDT:15m:2026-04,https://data.binance.vision/data/futures/um/monthly/klines/LITUSDT/15m/LITUSDT-15m-2026-04.zip,https://data.binance.vision/data/futures/um/monthly/klines/LITUSDT/15m/LITUSDT-15m-2026-04.zip.CHECKSUM,AVAILABLE,200,,c5b362b04d46f6e34b0a79c4ef6aee4ead612b9cd4afd569414ac0089dc60470,1,,2026-08-23T13:02:48.671995+00:00
830,LITUSDT,15m,2026-05,kline:LITUSDT:15m:2026-05,https://data.binance.vision/data/futures/um/monthly/klines/LITUSDT/15m/LITUSDT-15m-2026-05.zip,https://data.binance.vision/data/futures/um/monthly/klines/LITUSDT/15m/LITUSDT-15m-2026-05.zip.CHECKSUM,AVAILABLE,200,,e41ba1135fcd7fb5927cd95e0df0ae67a7a99bd575d7fc225b1248b681527887,1,,2026-08-23T13:02:48.691850+00:00
831,LITUSDT,15m,2026-06,kline:LITUSDT:15m:2026-06,https://data.binance.vision/data/futures/um/monthly/klines/LITUSDT/15m/LITUSDT-15m-2026-06.zip,https://data.binance.vision/data/futures/um/monthly/klines/LITUSDT/15m/LITUSDT-15m-2026-06.zip.CHECKSUM,AVAILABLE,200,,9b1e0f28d6d0513217cd53dafebe0b5ae0b7036483a182814ee098fcaad0a476,1,,2026-08-23T13:02:49.045171+00:00
832,LITUSDT,15m,2026-07,kline:LITUSDT:15m:2026-07,https://data.binance.vision/data/futures/um/monthly/klines/LITUSDT/15m/LITUSDT-15m-2026-07.zip,https://data.binance.vision/data/futures/um/monthly/klines/LITUSDT/15m/LITUSDT-15m-2026-07.zip.CHECKSUM,AVAILABLE,200,,594dd1cbcf945c18836609c78ced105c1bce2b54fd167b616757fca562d680c9,1,,2026-08-23T13:02:48.697273+00:00
833,LITUSDT,5m,2026-04,kline:LITUSDT:5m:2026-04,https://data.binance.vision/data/futures/um/monthly/klines/LITUSDT/5m/LITUSDT-5m-2026-04.zip,https://data.binance.vision/data/futures/um/monthly/klines/LITUSDT/5m/LITUSDT-5m-2026-04.zip.CHECKSUM,AVAILABLE,200,,8c9664929bdcf65ca8177fb2d52e477e047b207a65963f6a44484cf5354ce62d,1,,2026-08-23T13:02:48.705920+00:00
834,LITUSDT,5m,2026-05,kline:LITUSDT:5m:2026-05,https://data.binance.vision/data/futures/um/monthly/klines/LITUSDT/5m/LITUSDT-5m-2026-05.zip,https://data.binance.vision/data/futures/um/monthly/klines/LITUSDT/5m/LITUSDT-5m-2026-05.zip.CHECKSUM,AVAILABLE,200,,eee44fe8102f28e665da237e672e957a0d9b2f42b677d7a886c7d70bd25fc0f3,1,,2026-08-23T13:02:48.703003+00:00
835,LITUSDT,5m,2026-06,kline:LITUSDT:5m:2026-06,https://data.binance.vision/data/futures/um/monthly/klines/LITUSDT/5m/LITUSDT-5m-2026-06.zip,https://data.binance.vision/data/futures/um/monthly/klines/LITUSDT/5m/LITUSDT-5m-2026-06.zip.CHECKSUM,AVAILABLE,200,,c27bd1044bd19972f50ec5a45bdb18f2c5adf9ab1da6f703e058634ba08a66b4,1,,2026-08-23T13:02:48.703739+00:00
836,LITUSDT,5m,2026-07,kline:LITUSDT:5m:2026-07,https://data.binance.vision/data/futures/um/monthly/klines/LITUSDT/5m/LITUSDT-5m-2026-07.zip,https://data.binance.vision/data/futures/um/monthly/klines/LITUSDT/5m/LITUSDT-5m-2026-07.zip.CHECKSUM,AVAILABLE,200,,25dd8ab15c4a04a837e5a903c40d66bde5d7b9c01780478c2ccaf873308bd3ab,1,,2026-08-23T13:02:48.705509+00:00
837,LITUSDT,1m,2026-04,kline:LITUSDT:1m:2026-04,https://data.binance.vision/data/futures/um/monthly/klines/LITUSDT/1m/LITUSDT-1m-2026-04.zip,https://data.binance.vision/data/futures/um/monthly/klines/LITUSDT/1m/LITUSDT-1m-2026-04.zip.CHECKSUM,AVAILABLE,200,,08d31726ad149b7e522a2d1915eb1710ee10a81a03196f940284114da0108d23,1,,2026-08-23T13:02:49.053482+00:00
838,LITUSDT,1m,2026-05,kline:LITUSDT:1m:2026-05,https://data.binance.vision/data/futures/um/monthly/klines/LITUSDT/1m/LITUSDT-1m-2026-05.zip,https://data.binance.vision/data/futures/um/monthly/klines/LITUSDT/1m/LITUSDT-1m-2026-05.zip.CHECKSUM,AVAILABLE,200,,e542d722ac29d3e21e37e1fb60fb9175e2e93333e192ca8041e7258d72810aaa,1,,2026-08-23T13:02:48.720217+00:00
839,LITUSDT,1m,2026-06,kline:LITUSDT:1m:2026-06,https://data.binance.vision/data/futures/um/monthly/klines/LITUSDT/1m/LITUSDT-1m-2026-06.zip,https://data.binance.vision/data/futures/um/monthly/klines/LITUSDT/1m/LITUSDT-1m-2026-06.zip.CHECKSUM,AVAILABLE,200,,8eb9ddb76cdc44d1e15933c27434d41a1bdc2090ea9383f6ac6f5ef375e246be,1,,2026-08-23T13:02:48.717421+00:00
840,LITUSDT,1m,2026-07,kline:LITUSDT:1m:2026-07,https://data.binance.vision/data/futures/um/monthly/klines/LITUSDT/1m/LITUSDT-1m-2026-07.zip,https://data.binance.vision/data/futures/um/monthly/klines/LITUSDT/1m/LITUSDT-1m-2026-07.zip.CHECKSUM,AVAILABLE,200,,ffe9d6ba630129e4d28f8bd41ffe55eabb7c488eeddf800200b9820a07bad847,1,,2026-08-23T13:02:48.723236+00:00
841,CRVUSDT,1d,2026-04,kline:CRVUSDT:1d:2026-04,https://data.binance.vision/data/futures/um/monthly/klines/CRVUSDT/1d/CRVUSDT-1d-2026-04.zip,https://data.binance.vision/data/futures/um/monthly/klines/CRVUSDT/1d/CRVUSDT-1d-2026-04.zip.CHECKSUM,AVAILABLE,200,,89ed6491588d29a3dba6bd868be7fcef086582c5b87bae9064e47a069621302d,1,,2026-08-23T13:02:48.729746+00:00
842,CRVUSDT,1d,2026-05,kline:CRVUSDT:1d:2026-05,https://data.binance.vision/data/futures/um/monthly/klines/CRVUSDT/1d/CRVUSDT-1d-2026-05.zip,https://data.binance.vision/data/futures/um/monthly/klines/CRVUSDT/1d/CRVUSDT-1d-2026-05.zip.CHECKSUM,AVAILABLE,200,,f422103649bf785eba6250f2a5508ecd2a68d082f52e4d7c54011db4f01e05ee,1,,2026-08-23T13:02:48.812368+00:00
843,CRVUSDT,1d,2026-06,kline:CRVUSDT:1d:2026-06,https://data.binance.vision/data/futures/um/monthly/klines/CRVUSDT/1d/CRVUSDT-1d-2026-06.zip,https://data.binance.vision/data/futures/um/monthly/klines/CRVUSDT/1d/CRVUSDT-1d-2026-06.zip.CHECKSUM,AVAILABLE,200,,3a0abac4c203e1a99b15ba8b36f11f5d430bdbe1d54a9cc429451d5355302df7,1,,2026-08-23T13:02:48.748471+00:00
844,CRVUSDT,1d,2026-07,kline:CRVUSDT:1d:2026-07,https://data.binance.vision/data/futures/um/monthly/klines/CRVUSDT/1d/CRVUSDT-1d-2026-07.zip,https://data.binance.vision/data/futures/um/monthly/klines/CRVUSDT/1d/CRVUSDT-1d-2026-07.zip.CHECKSUM,AVAILABLE,200,,38e8d4cdc071c375bd70b6ae37628cf4a6e2d9cefd878112f38121289dd1464e,1,,2026-08-23T13:02:48.933716+00:00
845,CRVUSDT,4h,2026-04,kline:CRVUSDT:4h:2026-04,https://data.binance.vision/data/futures/um/monthly/klines/CRVUSDT/4h/CRVUSDT-4h-2026-04.zip,https://data.binance.vision/data/futures/um/monthly/klines/CRVUSDT/4h/CRVUSDT-4h-2026-04.zip.CHECKSUM,AVAILABLE,200,,acd33a1228812500557a2e88f1ca969b9cad1316acccc0732225fdb90c05fac1,1,,2026-08-23T13:02:48.874818+00:00
846,CRVUSDT,4h,2026-05,kline:CRVUSDT:4h:2026-05,https://data.binance.vision/data/futures/um/monthly/klines/CRVUSDT/4h/CRVUSDT-4h-2026-05.zip,https://data.binance.vision/data/futures/um/monthly/klines/CRVUSDT/4h/CRVUSDT-4h-2026-05.zip.CHECKSUM,AVAILABLE,200,,40fc0694e72511114a74c30ac7bc591d2bf91a2c176f97479e0b3b75bd715f66,1,,2026-08-23T13:02:48.764661+00:00
847,CRVUSDT,4h,2026-06,kline:CRVUSDT:4h:2026-06,https://data.binance.vision/data/futures/um/monthly/klines/CRVUSDT/4h/CRVUSDT-4h-2026-06.zip,https://data.binance.vision/data/futures/um/monthly/klines/CRVUSDT/4h/CRVUSDT-4h-2026-06.zip.CHECKSUM,AVAILABLE,200,,00adab0c9c13521ac54b394c0f379c4b95c6076f580738093d36cd8bd321afc1,1,,2026-08-23T13:02:48.759162+00:00
848,CRVUSDT,4h,2026-07,kline:CRVUSDT:4h:2026-07,https://data.binance.vision/data/futures/um/monthly/klines/CRVUSDT/4h/CRVUSDT-4h-2026-07.zip,https://data.binance.vision/data/futures/um/monthly/klines/CRVUSDT/4h/CRVUSDT-4h-2026-07.zip.CHECKSUM,AVAILABLE,200,,03c30c06a8d2141be1ebeb9652fe3af0289fa154784cbc8a12231e54bcf8613a,1,,2026-08-23T13:02:49.118983+00:00
849,CRVUSDT,1h,2026-04,kline:CRVUSDT:1h:2026-04,https://data.binance.vision/data/futures/um/monthly/klines/CRVUSDT/1h/CRVUSDT-1h-2026-04.zip,https://data.binance.vision/data/futures/um/monthly/klines/CRVUSDT/1h/CRVUSDT-1h-2026-04.zip.CHECKSUM,AVAILABLE,200,,90ea1b2e6c2c573a1dce063e888b532bb0b3bba5844438d7fe8dff6818419773,1,,2026-08-23T13:02:48.822734+00:00
850,CRVUSDT,1h,2026-05,kline:CRVUSDT:1h:2026-05,https://data.binance.vision/data/futures/um/monthly/klines/CRVUSDT/1h/CRVUSDT-1h-2026-05.zip,https://data.binance.vision/data/futures/um/monthly/klines/CRVUSDT/1h/CRVUSDT-1h-2026-05.zip.CHECKSUM,AVAILABLE,200,,1b183823a58683a487395f1c4955e4739ece1c98c7d3e1f078c912911df7779a,1,,2026-08-23T13:02:48.821533+00:00
851,CRVUSDT,1h,2026-06,kline:CRVUSDT:1h:2026-06,https://data.binance.vision/data/futures/um/monthly/klines/CRVUSDT/1h/CRVUSDT-1h-2026-06.zip,https://data.binance.vision/data/futures/um/monthly/klines/CRVUSDT/1h/CRVUSDT-1h-2026-06.zip.CHECKSUM,AVAILABLE,200,,27fa93b68638f1e3a7beb849707f7e69aac700e5b726c40deb6957b447f643bc,1,,2026-08-23T13:02:48.841270+00:00
852,CRVUSDT,1h,2026-07,kline:CRVUSDT:1h:2026-07,https://data.binance.vision/data/futures/um/monthly/klines/CRVUSDT/1h/CRVUSDT-1h-2026-07.zip,https://data.binance.vision/data/futures/um/monthly/klines/CRVUSDT/1h/CRVUSDT-1h-2026-07.zip.CHECKSUM,AVAILABLE,200,,619a4a5aae889516487f6c63eadb967b6cf0fdee7c56e730dc5e1704762d9674,1,,2026-08-23T13:02:49.175481+00:00
853,CRVUSDT,15m,2026-04,kline:CRVUSDT:15m:2026-04,https://data.binance.vision/data/futures/um/monthly/klines/CRVUSDT/15m/CRVUSDT-15m-2026-04.zip,https://data.binance.vision/data/futures/um/monthly/klines/CRVUSDT/15m/CRVUSDT-15m-2026-04.zip.CHECKSUM,AVAILABLE,200,,001b3b598015313a82259bedf1cae6a7b591a2cc69c3a4fb7c6ffe826183df95,1,,2026-08-23T13:02:48.853330+00:00
854,CRVUSDT,15m,2026-05,kline:CRVUSDT:15m:2026-05,https://data.binance.vision/data/futures/um/monthly/klines/CRVUSDT/15m/CRVUSDT-15m-2026-05.zip,https://data.binance.vision/data/futures/um/monthly/klines/CRVUSDT/15m/CRVUSDT-15m-2026-05.zip.CHECKSUM,AVAILABLE,200,,3e93a7d7bcf5a415dd33fcab0f3a2bef02ef79960ee62be4e318124b748ec85d,1,,2026-08-23T13:02:49.152629+00:00
855,CRVUSDT,15m,2026-06,kline:CRVUSDT:15m:2026-06,https://data.binance.vision/data/futures/um/monthly/klines/CRVUSDT/15m/CRVUSDT-15m-2026-06.zip,https://data.binance.vision/data/futures/um/monthly/klines/CRVUSDT/15m/CRVUSDT-15m-2026-06.zip.CHECKSUM,AVAILABLE,200,,57164eccb9e0f1bced34ec019bc8cdbd363f15d1fb7cffede6352e42f885fb91,1,,2026-08-23T13:02:49.219010+00:00
856,CRVUSDT,15m,2026-07,kline:CRVUSDT:15m:2026-07,https://data.binance.vision/data/futures/um/monthly/klines/CRVUSDT/15m/CRVUSDT-15m-2026-07.zip,https://data.binance.vision/data/futures/um/monthly/klines/CRVUSDT/15m/CRVUSDT-15m-2026-07.zip.CHECKSUM,AVAILABLE,200,,98229abc6413db4c83f0087fd641ba002c3b3dc487c38531dca860017f47c54a,1,,2026-08-23T13:02:48.895267+00:00
857,CRVUSDT,5m,2026-04,kline:CRVUSDT:5m:2026-04,https://data.binance.vision/data/futures/um/monthly/klines/CRVUSDT/5m/CRVUSDT-5m-2026-04.zip,https://data.binance.vision/data/futures/um/monthly/klines/CRVUSDT/5m/CRVUSDT-5m-2026-04.zip.CHECKSUM,AVAILABLE,200,,cad74d3328042a89780670ab2962ddfbc71069711c3989580f333f1d84d7165a,1,,2026-08-23T13:02:48.905716+00:00
858,CRVUSDT,5m,2026-05,kline:CRVUSDT:5m:2026-05,https://data.binance.vision/data/futures/um/monthly/klines/CRVUSDT/5m/CRVUSDT-5m-2026-05.zip,https://data.binance.vision/data/futures/um/monthly/klines/CRVUSDT/5m/CRVUSDT-5m-2026-05.zip.CHECKSUM,AVAILABLE,200,,136d414a3df600f1bbe982cf5ba5fd7e7bca618a07bb11a3948f9efa5b0dac94,1,,2026-08-23T13:02:48.920492+00:00
859,CRVUSDT,5m,2026-06,kline:CRVUSDT:5m:2026-06,https://data.binance.vision/data/futures/um/monthly/klines/CRVUSDT/5m/CRVUSDT-5m-2026-06.zip,https://data.binance.vision/data/futures/um/monthly/klines/CRVUSDT/5m/CRVUSDT-5m-2026-06.zip.CHECKSUM,AVAILABLE,200,,45f253aff57bd30801ec9003b198710cdbb4e025cc55846ca6ab3757215d37ec,1,,2026-08-23T13:02:49.241880+00:00
860,CRVUSDT,5m,2026-07,kline:CRVUSDT:5m:2026-07,https://data.binance.vision/data/futures/um/monthly/klines/CRVUSDT/5m/CRVUSDT-5m-2026-07.zip,https://data.binance.vision/data/futures/um/monthly/klines/CRVUSDT/5m/CRVUSDT-5m-2026-07.zip.CHECKSUM,AVAILABLE,200,,4cea659696155b34596ec9b36a60b38a11daea19b7e8443fe0d5dbb442fd2f65,1,,2026-08-23T13:02:48.911668+00:00
861,CRVUSDT,1m,2026-04,kline:CRVUSDT:1m:2026-04,https://data.binance.vision/data/futures/um/monthly/klines/CRVUSDT/1m/CRVUSDT-1m-2026-04.zip,https://data.binance.vision/data/futures/um/monthly/klines/CRVUSDT/1m/CRVUSDT-1m-2026-04.zip.CHECKSUM,AVAILABLE,200,,094540281483d9698e36af0b3f4511431937a60df8473b5b84276d5f0418378d,1,,2026-08-23T13:02:48.916001+00:00
862,CRVUSDT,1m,2026-05,kline:CRVUSDT:1m:2026-05,https://data.binance.vision/data/futures/um/monthly/klines/CRVUSDT/1m/CRVUSDT-1m-2026-05.zip,https://data.binance.vision/data/futures/um/monthly/klines/CRVUSDT/1m/CRVUSDT-1m-2026-05.zip.CHECKSUM,AVAILABLE,200,,fea7ca1a95c89ab86d49f0b3f4450d8043ac20b2bbfe99f2b285ab49f98082d7,1,,2026-08-23T13:02:49.275594+00:00
863,CRVUSDT,1m,2026-06,kline:CRVUSDT:1m:2026-06,https://data.binance.vision/data/futures/um/monthly/klines/CRVUSDT/1m/CRVUSDT-1m-2026-06.zip,https://data.binance.vision/data/futures/um/monthly/klines/CRVUSDT/1m/CRVUSDT-1m-2026-06.zip.CHECKSUM,AVAILABLE,200,,fde249bd8665ca14554405768c16a1466bb53df8c25b6d19015c4283fe4e7750,1,,2026-08-23T13:02:48.920928+00:00
864,CRVUSDT,1m,2026-07,kline:CRVUSDT:1m:2026-07,https://data.binance.vision/data/futures/um/monthly/klines/CRVUSDT/1m/CRVUSDT-1m-2026-07.zip,https://data.binance.vision/data/futures/um/monthly/klines/CRVUSDT/1m/CRVUSDT-1m-2026-07.zip.CHECKSUM,AVAILABLE,200,,1e0232d9f61963a2698567bfe1061a8b23cc77896b00ede7dbd4fecb25237dae,1,,2026-08-23T13:02:48.930732+00:00
865,TUTUSDT,1d,2026-04,kline:TUTUSDT:1d:2026-04,https://data.binance.vision/data/futures/um/monthly/klines/TUTUSDT/1d/TUTUSDT-1d-2026-04.zip,https://data.binance.vision/data/futures/um/monthly/klines/TUTUSDT/1d/TUTUSDT-1d-2026-04.zip.CHECKSUM,AVAILABLE,200,,9f3b749b09c14bc6c1c2572208574bfd5a9fa71216e0f76eeb7dc856afba0287,1,,2026-08-23T13:02:48.937876+00:00
866,TUTUSDT,1d,2026-05,kline:TUTUSDT:1d:2026-05,https://data.binance.vision/data/futures/um/monthly/klines/TUTUSDT/1d/TUTUSDT-1d-2026-05.zip,https://data.binance.vision/data/futures/um/monthly/klines/TUTUSDT/1d/TUTUSDT-1d-2026-05.zip.CHECKSUM,AVAILABLE,200,,a62a8c2bed6fc40b7e873820b133e590becf582cafef7725480f1f18d014f199,1,,2026-08-23T13:02:48.947958+00:00
867,TUTUSDT,1d,2026-06,kline:TUTUSDT:1d:2026-06,https://data.binance.vision/data/futures/um/monthly/klines/TUTUSDT/1d/TUTUSDT-1d-2026-06.zip,https://data.binance.vision/data/futures/um/monthly/klines/TUTUSDT/1d/TUTUSDT-1d-2026-06.zip.CHECKSUM,AVAILABLE,200,,34745d985acc7f742c604efbafd13f4e97d44afceacd1b4db95c7496b2ed161e,1,,2026-08-23T13:02:49.113097+00:00
868,TUTUSDT,1d,2026-07,kline:TUTUSDT:1d:2026-07,https://data.binance.vision/data/futures/um/monthly/klines/TUTUSDT/1d/TUTUSDT-1d-2026-07.zip,https://data.binance.vision/data/futures/um/monthly/klines/TUTUSDT/1d/TUTUSDT-1d-2026-07.zip.CHECKSUM,AVAILABLE,200,,f37ed986ce880e581d1d522cd9588f708a1118351d33053761e236415ebd000d,1,,2026-08-23T13:02:48.953325+00:00
869,TUTUSDT,4h,2026-04,kline:TUTUSDT:4h:2026-04,https://data.binance.vision/data/futures/um/monthly/klines/TUTUSDT/4h/TUTUSDT-4h-2026-04.zip,https://data.binance.vision/data/futures/um/monthly/klines/TUTUSDT/4h/TUTUSDT-4h-2026-04.zip.CHECKSUM,AVAILABLE,200,,8b445947a36456ccc29ef9cbd97971efc45b4329e8fe7367725861fc40de1af1,1,,2026-08-23T13:02:48.954672+00:00
870,TUTUSDT,4h,2026-05,kline:TUTUSDT:4h:2026-05,https://data.binance.vision/data/futures/um/monthly/klines/TUTUSDT/4h/TUTUSDT-4h-2026-05.zip,https://data.binance.vision/data/futures/um/monthly/klines/TUTUSDT/4h/TUTUSDT-4h-2026-05.zip.CHECKSUM,AVAILABLE,200,,68674280a67d40da1b19a227974dfc21db6824d9ccd186db3f7acbe7b3a30481,1,,2026-08-23T13:02:48.957080+00:00
871,TUTUSDT,4h,2026-06,kline:TUTUSDT:4h:2026-06,https://data.binance.vision/data/futures/um/monthly/klines/TUTUSDT/4h/TUTUSDT-4h-2026-06.zip,https://data.binance.vision/data/futures/um/monthly/klines/TUTUSDT/4h/TUTUSDT-4h-2026-06.zip.CHECKSUM,AVAILABLE,200,,3c123d30aebb8a22f4c3f80bc836ff0663862a8126ac17fc245ee51b3e0bb2b3,1,,2026-08-23T13:02:48.968969+00:00
872,TUTUSDT,4h,2026-07,kline:TUTUSDT:4h:2026-07,https://data.binance.vision/data/futures/um/monthly/klines/TUTUSDT/4h/TUTUSDT-4h-2026-07.zip,https://data.binance.vision/data/futures/um/monthly/klines/TUTUSDT/4h/TUTUSDT-4h-2026-07.zip.CHECKSUM,AVAILABLE,200,,dcb13738e2d28be6b6cca45577b18101042627747f8e25c6d9b10fd9f5555084,1,,2026-08-23T13:02:48.996129+00:00
873,TUTUSDT,1h,2026-04,kline:TUTUSDT:1h:2026-04,https://data.binance.vision/data/futures/um/monthly/klines/TUTUSDT/1h/TUTUSDT-1h-2026-04.zip,https://data.binance.vision/data/futures/um/monthly/klines/TUTUSDT/1h/TUTUSDT-1h-2026-04.zip.CHECKSUM,AVAILABLE,200,,c32c06b9ffd5aee109c091a0bc66a75bb9676b5a52cd9371089f7205820a6777,1,,2026-08-23T13:02:49.015377+00:00
874,TUTUSDT,1h,2026-05,kline:TUTUSDT:1h:2026-05,https://data.binance.vision/data/futures/um/monthly/klines/TUTUSDT/1h/TUTUSDT-1h-2026-05.zip,https://data.binance.vision/data/futures/um/monthly/klines/TUTUSDT/1h/TUTUSDT-1h-2026-05.zip.CHECKSUM,AVAILABLE,200,,9e6e45de34630b1ea12d9d9b321eec00067c310f239cca6794cbc0f040b68903,1,,2026-08-23T13:02:49.024771+00:00
875,TUTUSDT,1h,2026-06,kline:TUTUSDT:1h:2026-06,https://data.binance.vision/data/futures/um/monthly/klines/TUTUSDT/1h/TUTUSDT-1h-2026-06.zip,https://data.binance.vision/data/futures/um/monthly/klines/TUTUSDT/1h/TUTUSDT-1h-2026-06.zip.CHECKSUM,AVAILABLE,200,,c2ff1bb368e6ec0f5772c985449d417e58d120df0296268e75072c9eddb26cbf,1,,2026-08-23T13:02:49.151644+00:00
876,TUTUSDT,1h,2026-07,kline:TUTUSDT:1h:2026-07,https://data.binance.vision/data/futures/um/monthly/klines/TUTUSDT/1h/TUTUSDT-1h-2026-07.zip,https://data.binance.vision/data/futures/um/monthly/klines/TUTUSDT/1h/TUTUSDT-1h-2026-07.zip.CHECKSUM,AVAILABLE,200,,b62bbb40fad1befccd12c4cc0eda58894e63c80bbc3e49059969d37a82c61ac9,1,,2026-08-23T13:02:49.061739+00:00
877,TUTUSDT,15m,2026-04,kline:TUTUSDT:15m:2026-04,https://data.binance.vision/data/futures/um/monthly/klines/TUTUSDT/15m/TUTUSDT-15m-2026-04.zip,https://data.binance.vision/data/futures/um/monthly/klines/TUTUSDT/15m/TUTUSDT-15m-2026-04.zip.CHECKSUM,AVAILABLE,200,,e05903c1c0f3e1f6d0b804a6b0df335f2824930b3a7078d8d96d560359e91312,1,,2026-08-23T13:02:49.047257+00:00
878,TUTUSDT,15m,2026-05,kline:TUTUSDT:15m:2026-05,https://data.binance.vision/data/futures/um/monthly/klines/TUTUSDT/15m/TUTUSDT-15m-2026-05.zip,https://data.binance.vision/data/futures/um/monthly/klines/TUTUSDT/15m/TUTUSDT-15m-2026-05.zip.CHECKSUM,AVAILABLE,200,,4647ea8d024f1e1513ea877fa3a06177324a6fd884b5cd429cb1c02c9b30b77b,1,,2026-08-23T13:02:49.061564+00:00
879,TUTUSDT,15m,2026-06,kline:TUTUSDT:15m:2026-06,https://data.binance.vision/data/futures/um/monthly/klines/TUTUSDT/15m/TUTUSDT-15m-2026-06.zip,https://data.binance.vision/data/futures/um/monthly/klines/TUTUSDT/15m/TUTUSDT-15m-2026-06.zip.CHECKSUM,AVAILABLE,200,,67fe554e342ec5998837a5f9fedee1ac98facb5945388c95e2e89b08bd281cb1,1,,2026-08-23T13:02:49.075580+00:00
880,TUTUSDT,15m,2026-07,kline:TUTUSDT:15m:2026-07,https://data.binance.vision/data/futures/um/monthly/klines/TUTUSDT/15m/TUTUSDT-15m-2026-07.zip,https://data.binance.vision/data/futures/um/monthly/klines/TUTUSDT/15m/TUTUSDT-15m-2026-07.zip.CHECKSUM,AVAILABLE,200,,e5b6ee1f34103f6b98e8dd83c2266621d9faba648838eed16732158b3004d897,1,,2026-08-23T13:02:49.103713+00:00
881,TUTUSDT,5m,2026-04,kline:TUTUSDT:5m:2026-04,https://data.binance.vision/data/futures/um/monthly/klines/TUTUSDT/5m/TUTUSDT-5m-2026-04.zip,https://data.binance.vision/data/futures/um/monthly/klines/TUTUSDT/5m/TUTUSDT-5m-2026-04.zip.CHECKSUM,AVAILABLE,200,,1f7f5fac36ec69f318671ad34d518a9133285425082c913d5b5d256301a7b130,1,,2026-08-23T13:02:49.112928+00:00
882,TUTUSDT,5m,2026-05,kline:TUTUSDT:5m:2026-05,https://data.binance.vision/data/futures/um/monthly/klines/TUTUSDT/5m/TUTUSDT-5m-2026-05.zip,https://data.binance.vision/data/futures/um/monthly/klines/TUTUSDT/5m/TUTUSDT-5m-2026-05.zip.CHECKSUM,AVAILABLE,200,,a554771f4e1ea1a9f4c4a08d4b5d05626ea3b341ed834c68016d3af6c8c42830,1,,2026-08-23T13:02:49.118545+00:00
883,TUTUSDT,5m,2026-06,kline:TUTUSDT:5m:2026-06,https://data.binance.vision/data/futures/um/monthly/klines/TUTUSDT/5m/TUTUSDT-5m-2026-06.zip,https://data.binance.vision/data/futures/um/monthly/klines/TUTUSDT/5m/TUTUSDT-5m-2026-06.zip.CHECKSUM,AVAILABLE,200,,ae5b5bcaff7277b594d3601727a35d62eccd477f96c11fd576461e5f766b40d8,1,,2026-08-23T13:02:49.125299+00:00
884,TUTUSDT,5m,2026-07,kline:TUTUSDT:5m:2026-07,https://data.binance.vision/data/futures/um/monthly/klines/TUTUSDT/5m/TUTUSDT-5m-2026-07.zip,https://data.binance.vision/data/futures/um/monthly/klines/TUTUSDT/5m/TUTUSDT-5m-2026-07.zip.CHECKSUM,AVAILABLE,200,,062557bd085b9ea20daedd1b5544c65be6db10a845d282cfa55a23fc021a02f3,1,,2026-08-23T13:02:49.126094+00:00
885,TUTUSDT,1m,2026-04,kline:TUTUSDT:1m:2026-04,https://data.binance.vision/data/futures/um/monthly/klines/TUTUSDT/1m/TUTUSDT-1m-2026-04.zip,https://data.binance.vision/data/futures/um/monthly/klines/TUTUSDT/1m/TUTUSDT-1m-2026-04.zip.CHECKSUM,AVAILABLE,200,,51cda5d08a770c5cb803ee02baebdf27bb518577cef47448f641ceb2ff943d63,1,,2026-08-23T13:02:49.129371+00:00
886,TUTUSDT,1m,2026-05,kline:TUTUSDT:1m:2026-05,https://data.binance.vision/data/futures/um/monthly/klines/TUTUSDT/1m/TUTUSDT-1m-2026-05.zip,https://data.binance.vision/data/futures/um/monthly/klines/TUTUSDT/1m/TUTUSDT-1m-2026-05.zip.CHECKSUM,AVAILABLE,200,,465c04610baa468799698d9e8baa8ae96bf4b5a5797be9477473ffea97ff2352,1,,2026-08-23T13:02:49.129094+00:00
887,TUTUSDT,1m,2026-06,kline:TUTUSDT:1m:2026-06,https://data.binance.vision/data/futures/um/monthly/klines/TUTUSDT/1m/TUTUSDT-1m-2026-06.zip,https://data.binance.vision/data/futures/um/monthly/klines/TUTUSDT/1m/TUTUSDT-1m-2026-06.zip.CHECKSUM,AVAILABLE,200,,cf3a9f8393729b00911229b60eb441b80785d67c70d6d29fb546096e47d0e379,1,,2026-08-23T13:02:49.147858+00:00
888,TUTUSDT,1m,2026-07,kline:TUTUSDT:1m:2026-07,https://data.binance.vision/data/futures/um/monthly/klines/TUTUSDT/1m/TUTUSDT-1m-2026-07.zip,https://data.binance.vision/data/futures/um/monthly/klines/TUTUSDT/1m/TUTUSDT-1m-2026-07.zip.CHECKSUM,AVAILABLE,200,,879b55443c03b5e01be7b1376baeace7a194fc0e590979adf4c9616cc1f88256,1,,2026-08-23T13:02:49.142932+00:00
889,FILUSDT,1d,2026-04,kline:FILUSDT:1d:2026-04,https://data.binance.vision/data/futures/um/monthly/klines/FILUSDT/1d/FILUSDT-1d-2026-04.zip,https://data.binance.vision/data/futures/um/monthly/klines/FILUSDT/1d/FILUSDT-1d-2026-04.zip.CHECKSUM,AVAILABLE,200,,232892ed6690d02d6494bf496b02be84dbbafa4ef3f641c0c6a2bb0a9b55e947,1,,2026-08-23T13:02:49.152463+00:00
890,FILUSDT,1d,2026-05,kline:FILUSDT:1d:2026-05,https://data.binance.vision/data/futures/um/monthly/klines/FILUSDT/1d/FILUSDT-1d-2026-05.zip,https://data.binance.vision/data/futures/um/monthly/klines/FILUSDT/1d/FILUSDT-1d-2026-05.zip.CHECKSUM,AVAILABLE,200,,87990351c2263da652457559d963a6b4be7b1478938c6f796e418e88da6c55c7,1,,2026-08-23T13:02:49.157904+00:00
891,FILUSDT,1d,2026-06,kline:FILUSDT:1d:2026-06,https://data.binance.vision/data/futures/um/monthly/klines/FILUSDT/1d/FILUSDT-1d-2026-06.zip,https://data.binance.vision/data/futures/um/monthly/klines/FILUSDT/1d/FILUSDT-1d-2026-06.zip.CHECKSUM,AVAILABLE,200,,0188be60c6e81978463ed4981be32f81baaf1872ce5f5cba71259cdb3ceb2fa0,1,,2026-08-23T13:02:49.153647+00:00
892,FILUSDT,1d,2026-07,kline:FILUSDT:1d:2026-07,https://data.binance.vision/data/futures/um/monthly/klines/FILUSDT/1d/FILUSDT-1d-2026-07.zip,https://data.binance.vision/data/futures/um/monthly/klines/FILUSDT/1d/FILUSDT-1d-2026-07.zip.CHECKSUM,AVAILABLE,200,,5f68b4ef03c2ddfecba26446a8013aace71d3ed65c522217a5c0ab6a0b57571e,1,,2026-08-23T13:02:49.154159+00:00
893,FILUSDT,4h,2026-04,kline:FILUSDT:4h:2026-04,https://data.binance.vision/data/futures/um/monthly/klines/FILUSDT/4h/FILUSDT-4h-2026-04.zip,https://data.binance.vision/data/futures/um/monthly/klines/FILUSDT/4h/FILUSDT-4h-2026-04.zip.CHECKSUM,AVAILABLE,200,,f1532e5f1e1c303a0aaa403326076526515ecc029e896b8986790a5f2f7671ea,1,,2026-08-23T13:02:49.173874+00:00
894,FILUSDT,4h,2026-05,kline:FILUSDT:4h:2026-05,https://data.binance.vision/data/futures/um/monthly/klines/FILUSDT/4h/FILUSDT-4h-2026-05.zip,https://data.binance.vision/data/futures/um/monthly/klines/FILUSDT/4h/FILUSDT-4h-2026-05.zip.CHECKSUM,AVAILABLE,200,,1812bfe55e8ade41291a12199f9977958f6f4097f8e2acf675f3a5ed194b7225,1,,2026-08-23T13:02:49.202519+00:00
895,FILUSDT,4h,2026-06,kline:FILUSDT:4h:2026-06,https://data.binance.vision/data/futures/um/monthly/klines/FILUSDT/4h/FILUSDT-4h-2026-06.zip,https://data.binance.vision/data/futures/um/monthly/klines/FILUSDT/4h/FILUSDT-4h-2026-06.zip.CHECKSUM,AVAILABLE,200,,fc309f36e1d7f375087cc1bd6fce78960ae621af4ebbfd0b9a1c540ca1b9a872,1,,2026-08-23T13:02:49.213457+00:00
896,FILUSDT,4h,2026-07,kline:FILUSDT:4h:2026-07,https://data.binance.vision/data/futures/um/monthly/klines/FILUSDT/4h/FILUSDT-4h-2026-07.zip,https://data.binance.vision/data/futures/um/monthly/klines/FILUSDT/4h/FILUSDT-4h-2026-07.zip.CHECKSUM,AVAILABLE,200,,e6cc628804c2e12cf84e0d3516ec8f9788ac25e92e7c5bd10194a94ebab710be,1,,2026-08-23T13:02:49.222781+00:00
897,FILUSDT,1h,2026-04,kline:FILUSDT:1h:2026-04,https://data.binance.vision/data/futures/um/monthly/klines/FILUSDT/1h/FILUSDT-1h-2026-04.zip,https://data.binance.vision/data/futures/um/monthly/klines/FILUSDT/1h/FILUSDT-1h-2026-04.zip.CHECKSUM,AVAILABLE,200,,2fc817b12b124f791603e5f404796338acdc3e874783c93aa7dc6e91a79878d0,1,,2026-08-23T13:02:49.233106+00:00
898,FILUSDT,1h,2026-05,kline:FILUSDT:1h:2026-05,https://data.binance.vision/data/futures/um/monthly/klines/FILUSDT/1h/FILUSDT-1h-2026-05.zip,https://data.binance.vision/data/futures/um/monthly/klines/FILUSDT/1h/FILUSDT-1h-2026-05.zip.CHECKSUM,AVAILABLE,200,,98ecf938358c6cc98eefa1b5cdd6f767a618dc74b3cd185565711cd1cc7c07e2,1,,2026-08-23T13:02:49.245113+00:00
899,FILUSDT,1h,2026-06,kline:FILUSDT:1h:2026-06,https://data.binance.vision/data/futures/um/monthly/klines/FILUSDT/1h/FILUSDT-1h-2026-06.zip,https://data.binance.vision/data/futures/um/monthly/klines/FILUSDT/1h/FILUSDT-1h-2026-06.zip.CHECKSUM,AVAILABLE,200,,ed7edb3c53099cafd763b175edfb0c5ff1403615a765748d2b81c1fb7eff0aac,1,,2026-08-23T13:02:49.249306+00:00
900,FILUSDT,1h,2026-07,kline:FILUSDT:1h:2026-07,https://data.binance.vision/data/futures/um/monthly/klines/FILUSDT/1h/FILUSDT-1h-2026-07.zip,https://data.binance.vision/data/futures/um/monthly/klines/FILUSDT/1h/FILUSDT-1h-2026-07.zip.CHECKSUM,AVAILABLE,200,,48600f66e40cf9a332b5ca90f43192421d4acaeced6ec3a283751d406d94c2b5,1,,2026-08-23T13:02:49.256249+00:00
901,FILUSDT,15m,2026-04,kline:FILUSDT:15m:2026-04,https://data.binance.vision/data/futures/um/monthly/klines/FILUSDT/15m/FILUSDT-15m-2026-04.zip,https://data.binance.vision/data/futures/um/monthly/klines/FILUSDT/15m/FILUSDT-15m-2026-04.zip.CHECKSUM,AVAILABLE,200,,f26277b988831870ab8b6e71578f5c24c985bffa66d3c8f15b4e9cde6276e630,1,,2026-08-23T13:02:49.268802+00:00
902,FILUSDT,15m,2026-05,kline:FILUSDT:15m:2026-05,https://data.binance.vision/data/futures/um/monthly/klines/FILUSDT/15m/FILUSDT-15m-2026-05.zip,https://data.binance.vision/data/futures/um/monthly/klines/FILUSDT/15m/FILUSDT-15m-2026-05.zip.CHECKSUM,AVAILABLE,200,,a1ffd98a64b3708bd21df408decb845713fcafc6c9dd349436691ea366b1c1e4,1,,2026-08-23T13:02:49.269351+00:00
903,FILUSDT,15m,2026-06,kline:FILUSDT:15m:2026-06,https://data.binance.vision/data/futures/um/monthly/klines/FILUSDT/15m/FILUSDT-15m-2026-06.zip,https://data.binance.vision/data/futures/um/monthly/klines/FILUSDT/15m/FILUSDT-15m-2026-06.zip.CHECKSUM,AVAILABLE,200,,b28b2aeadb1495a421d399f02a021d274815903808dc59a1cc697882840cb3ae,1,,2026-08-23T13:02:49.281439+00:00
904,FILUSDT,15m,2026-07,kline:FILUSDT:15m:2026-07,https://data.binance.vision/data/futures/um/monthly/klines/FILUSDT/15m/FILUSDT-15m-2026-07.zip,https://data.binance.vision/data/futures/um/monthly/klines/FILUSDT/15m/FILUSDT-15m-2026-07.zip.CHECKSUM,AVAILABLE,200,,22afcd75fe4dea5f9b8f3719df3b8824f60e892b3276260a71d992e977eea401,1,,2026-08-23T13:02:49.303858+00:00
905,FILUSDT,5m,2026-04,kline:FILUSDT:5m:2026-04,https://data.binance.vision/data/futures/um/monthly/klines/FILUSDT/5m/FILUSDT-5m-2026-04.zip,https://data.binance.vision/data/futures/um/monthly/klines/FILUSDT/5m/FILUSDT-5m-2026-04.zip.CHECKSUM,AVAILABLE,200,,124978fc95e4f3f103c22be367ab19deffff014f10ff2eedb22bd6bfeaf401e8,1,,2026-08-23T13:02:49.342978+00:00
906,FILUSDT,5m,2026-05,kline:FILUSDT:5m:2026-05,https://data.binance.vision/data/futures/um/monthly/klines/FILUSDT/5m/FILUSDT-5m-2026-05.zip,https://data.binance.vision/data/futures/um/monthly/klines/FILUSDT/5m/FILUSDT-5m-2026-05.zip.CHECKSUM,AVAILABLE,200,,ee00f445a4ec7ad3800bca2c8765fcc605916d03315152fc2dec198c9f692ea2,1,,2026-08-23T13:02:49.316458+00:00
907,FILUSDT,5m,2026-06,kline:FILUSDT:5m:2026-06,https://data.binance.vision/data/futures/um/monthly/klines/FILUSDT/5m/FILUSDT-5m-2026-06.zip,https://data.binance.vision/data/futures/um/monthly/klines/FILUSDT/5m/FILUSDT-5m-2026-06.zip.CHECKSUM,AVAILABLE,200,,1481367195e7d8891339d4a38837ed552cc1c74be91564b1f355a4a5463dbe7d,1,,2026-08-23T13:02:49.370098+00:00
908,FILUSDT,5m,2026-07,kline:FILUSDT:5m:2026-07,https://data.binance.vision/data/futures/um/monthly/klines/FILUSDT/5m/FILUSDT-5m-2026-07.zip,https://data.binance.vision/data/futures/um/monthly/klines/FILUSDT/5m/FILUSDT-5m-2026-07.zip.CHECKSUM,AVAILABLE,200,,c758b784ec10cf87a9048849ccc0012e9c34c01255f470361005d604a6f865df,1,,2026-08-23T13:02:49.324425+00:00
909,FILUSDT,1m,2026-04,kline:FILUSDT:1m:2026-04,https://data.binance.vision/data/futures/um/monthly/klines/FILUSDT/1m/FILUSDT-1m-2026-04.zip,https://data.binance.vision/data/futures/um/monthly/klines/FILUSDT/1m/FILUSDT-1m-2026-04.zip.CHECKSUM,AVAILABLE,200,,2a58191029da851371a2457fd808ecf18a82c285daed7be5f83cb90a619c85b7,1,,2026-08-23T13:02:49.330089+00:00
910,FILUSDT,1m,2026-05,kline:FILUSDT:1m:2026-05,https://data.binance.vision/data/futures/um/monthly/klines/FILUSDT/1m/FILUSDT-1m-2026-05.zip,https://data.binance.vision/data/futures/um/monthly/klines/FILUSDT/1m/FILUSDT-1m-2026-05.zip.CHECKSUM,AVAILABLE,200,,c1ef328e2ad374b352f601ee8b46dfff6766ed9fc7514f73ef650a728d30c63a,1,,2026-08-23T13:02:49.327931+00:00
911,FILUSDT,1m,2026-06,kline:FILUSDT:1m:2026-06,https://data.binance.vision/data/futures/um/monthly/klines/FILUSDT/1m/FILUSDT-1m-2026-06.zip,https://data.binance.vision/data/futures/um/monthly/klines/FILUSDT/1m/FILUSDT-1m-2026-06.zip.CHECKSUM,AVAILABLE,200,,71607ff7ea394e9e298edd7438ca77fee9f722dacdc6c8e07304a35dfc9c7b02,1,,2026-08-23T13:02:49.336398+00:00
912,FILUSDT,1m,2026-07,kline:FILUSDT:1m:2026-07,https://data.binance.vision/data/futures/um/monthly/klines/FILUSDT/1m/FILUSDT-1m-2026-07.zip,https://data.binance.vision/data/futures/um/monthly/klines/FILUSDT/1m/FILUSDT-1m-2026-07.zip.CHECKSUM,AVAILABLE,200,,a9afe93b6b5dd1ac7df5d6ec27d151236ce58617ab6123f21c626333eda8ba68,1,,2026-08-23T13:02:49.333103+00:00
913,XLMUSDT,1d,2026-04,kline:XLMUSDT:1d:2026-04,https://data.binance.vision/data/futures/um/monthly/klines/XLMUSDT/1d/XLMUSDT-1d-2026-04.zip,https://data.binance.vision/data/futures/um/monthly/klines/XLMUSDT/1d/XLMUSDT-1d-2026-04.zip.CHECKSUM,AVAILABLE,200,,8f8182c97eb26d88fc642c3fb34777a80fb6101be4bd14943527b4513781db5b,1,,2026-08-23T13:02:49.347786+00:00
914,XLMUSDT,1d,2026-05,kline:XLMUSDT:1d:2026-05,https://data.binance.vision/data/futures/um/monthly/klines/XLMUSDT/1d/XLMUSDT-1d-2026-05.zip,https://data.binance.vision/data/futures/um/monthly/klines/XLMUSDT/1d/XLMUSDT-1d-2026-05.zip.CHECKSUM,AVAILABLE,200,,de84386e14c124e2d9996561375e3c69f840b1ff65f7226971b0a7bf7dd8a8fe,1,,2026-08-23T13:02:49.456869+00:00
915,XLMUSDT,1d,2026-06,kline:XLMUSDT:1d:2026-06,https://data.binance.vision/data/futures/um/monthly/klines/XLMUSDT/1d/XLMUSDT-1d-2026-06.zip,https://data.binance.vision/data/futures/um/monthly/klines/XLMUSDT/1d/XLMUSDT-1d-2026-06.zip.CHECKSUM,AVAILABLE,200,,24a43f92dd6ac59b88b98791ead85e3cf76194194e2245407296ca365efb5078,1,,2026-08-23T13:02:49.357932+00:00
916,XLMUSDT,1d,2026-07,kline:XLMUSDT:1d:2026-07,https://data.binance.vision/data/futures/um/monthly/klines/XLMUSDT/1d/XLMUSDT-1d-2026-07.zip,https://data.binance.vision/data/futures/um/monthly/klines/XLMUSDT/1d/XLMUSDT-1d-2026-07.zip.CHECKSUM,AVAILABLE,200,,85ba91eceedc8d772c4c61ee43b911e562fef1c7bf535157612d81de331ed63e,1,,2026-08-23T13:02:49.473811+00:00
917,XLMUSDT,4h,2026-04,kline:XLMUSDT:4h:2026-04,https://data.binance.vision/data/futures/um/monthly/klines/XLMUSDT/4h/XLMUSDT-4h-2026-04.zip,https://data.binance.vision/data/futures/um/monthly/klines/XLMUSDT/4h/XLMUSDT-4h-2026-04.zip.CHECKSUM,AVAILABLE,200,,e76a0e0b16358ef8d11d64add52cf92ad4b2ef1878a89d2882682d21750bb20b,1,,2026-08-23T13:02:49.695913+00:00
918,XLMUSDT,4h,2026-05,kline:XLMUSDT:4h:2026-05,https://data.binance.vision/data/futures/um/monthly/klines/XLMUSDT/4h/XLMUSDT-4h-2026-05.zip,https://data.binance.vision/data/futures/um/monthly/klines/XLMUSDT/4h/XLMUSDT-4h-2026-05.zip.CHECKSUM,AVAILABLE,200,,8b826f06edd3eebddaeab95857e40e672c3e5b1476c554d68549e71cc43bbc75,1,,2026-08-23T13:02:49.357410+00:00
919,XLMUSDT,4h,2026-06,kline:XLMUSDT:4h:2026-06,https://data.binance.vision/data/futures/um/monthly/klines/XLMUSDT/4h/XLMUSDT-4h-2026-06.zip,https://data.binance.vision/data/futures/um/monthly/klines/XLMUSDT/4h/XLMUSDT-4h-2026-06.zip.CHECKSUM,AVAILABLE,200,,3e68f90c3ff1f9d3912f659bad150b5aec2ef9b6fbc8bd517cf6e24a51ff4b3e,1,,2026-08-23T13:02:49.358561+00:00
920,XLMUSDT,4h,2026-07,kline:XLMUSDT:4h:2026-07,https://data.binance.vision/data/futures/um/monthly/klines/XLMUSDT/4h/XLMUSDT-4h-2026-07.zip,https://data.binance.vision/data/futures/um/monthly/klines/XLMUSDT/4h/XLMUSDT-4h-2026-07.zip.CHECKSUM,AVAILABLE,200,,a8add9bd6b80b21809413088c44f77e1cf0a08b56859dbbb7fc0f0ad74987755,1,,2026-08-23T13:02:49.366456+00:00
921,XLMUSDT,1h,2026-04,kline:XLMUSDT:1h:2026-04,https://data.binance.vision/data/futures/um/monthly/klines/XLMUSDT/1h/XLMUSDT-1h-2026-04.zip,https://data.binance.vision/data/futures/um/monthly/klines/XLMUSDT/1h/XLMUSDT-1h-2026-04.zip.CHECKSUM,AVAILABLE,200,,82b08ddee775f31be0dfea1a447c4f9e6f0ff190a17947614166d994d8d3b4e9,1,,2026-08-23T13:02:49.389472+00:00
922,XLMUSDT,1h,2026-05,kline:XLMUSDT:1h:2026-05,https://data.binance.vision/data/futures/um/monthly/klines/XLMUSDT/1h/XLMUSDT-1h-2026-05.zip,https://data.binance.vision/data/futures/um/monthly/klines/XLMUSDT/1h/XLMUSDT-1h-2026-05.zip.CHECKSUM,AVAILABLE,200,,25b7a2cfabb8d712631318d2591ddf756494c2eff16a86a09e778b3ae4d3e8a7,1,,2026-08-23T13:02:49.377173+00:00
923,XLMUSDT,1h,2026-06,kline:XLMUSDT:1h:2026-06,https://data.binance.vision/data/futures/um/monthly/klines/XLMUSDT/1h/XLMUSDT-1h-2026-06.zip,https://data.binance.vision/data/futures/um/monthly/klines/XLMUSDT/1h/XLMUSDT-1h-2026-06.zip.CHECKSUM,AVAILABLE,200,,6597eb2d88e03f70be910e2441241dce274954bbfd9d0fce6f3ea04f43ac5c01,1,,2026-08-23T13:02:49.407755+00:00
924,XLMUSDT,1h,2026-07,kline:XLMUSDT:1h:2026-07,https://data.binance.vision/data/futures/um/monthly/klines/XLMUSDT/1h/XLMUSDT-1h-2026-07.zip,https://data.binance.vision/data/futures/um/monthly/klines/XLMUSDT/1h/XLMUSDT-1h-2026-07.zip.CHECKSUM,AVAILABLE,200,,24a830146f8c18eab699cd5e317502fa0bc2e71d1319af2d7d9259f96da27e12,1,,2026-08-23T13:02:49.411406+00:00
925,XLMUSDT,15m,2026-04,kline:XLMUSDT:15m:2026-04,https://data.binance.vision/data/futures/um/monthly/klines/XLMUSDT/15m/XLMUSDT-15m-2026-04.zip,https://data.binance.vision/data/futures/um/monthly/klines/XLMUSDT/15m/XLMUSDT-15m-2026-04.zip.CHECKSUM,AVAILABLE,200,,f83c104ce977321aa4fb2e1e20c51d478d0bfba2536515ec7dfc21d442423374,1,,2026-08-23T13:02:49.429413+00:00
926,XLMUSDT,15m,2026-05,kline:XLMUSDT:15m:2026-05,https://data.binance.vision/data/futures/um/monthly/klines/XLMUSDT/15m/XLMUSDT-15m-2026-05.zip,https://data.binance.vision/data/futures/um/monthly/klines/XLMUSDT/15m/XLMUSDT-15m-2026-05.zip.CHECKSUM,AVAILABLE,200,,4e48668abf93396bcc515f54c9687760209b2cd77fc80b296beae4b66da1a05a,1,,2026-08-23T13:02:49.425024+00:00
927,XLMUSDT,15m,2026-06,kline:XLMUSDT:15m:2026-06,https://data.binance.vision/data/futures/um/monthly/klines/XLMUSDT/15m/XLMUSDT-15m-2026-06.zip,https://data.binance.vision/data/futures/um/monthly/klines/XLMUSDT/15m/XLMUSDT-15m-2026-06.zip.CHECKSUM,AVAILABLE,200,,abb8d5dd21298d9ad9474649c0b4538c0264c32fcbe977ad38bcfccde2f63e94,1,,2026-08-23T13:02:49.434874+00:00
928,XLMUSDT,15m,2026-07,kline:XLMUSDT:15m:2026-07,https://data.binance.vision/data/futures/um/monthly/klines/XLMUSDT/15m/XLMUSDT-15m-2026-07.zip,https://data.binance.vision/data/futures/um/monthly/klines/XLMUSDT/15m/XLMUSDT-15m-2026-07.zip.CHECKSUM,AVAILABLE,200,,4a11d7dc07408a848439059a583a05a59d0bc6151adb0a2060675341c048cfa2,1,,2026-08-23T13:02:49.450312+00:00
929,XLMUSDT,5m,2026-04,kline:XLMUSDT:5m:2026-04,https://data.binance.vision/data/futures/um/monthly/klines/XLMUSDT/5m/XLMUSDT-5m-2026-04.zip,https://data.binance.vision/data/futures/um/monthly/klines/XLMUSDT/5m/XLMUSDT-5m-2026-04.zip.CHECKSUM,AVAILABLE,200,,4685efc3a426d0adb232d31b63ccdc894638f8e2e098a68bed7a6a15cec9be68,1,,2026-08-23T13:02:49.449787+00:00
930,XLMUSDT,5m,2026-05,kline:XLMUSDT:5m:2026-05,https://data.binance.vision/data/futures/um/monthly/klines/XLMUSDT/5m/XLMUSDT-5m-2026-05.zip,https://data.binance.vision/data/futures/um/monthly/klines/XLMUSDT/5m/XLMUSDT-5m-2026-05.zip.CHECKSUM,AVAILABLE,200,,2f7ee300c711a98b3d63bc5d4538cf8e02728d13eea5ab3893fd4b69deaa6b37,1,,2026-08-23T13:02:49.453402+00:00
931,XLMUSDT,5m,2026-06,kline:XLMUSDT:5m:2026-06,https://data.binance.vision/data/futures/um/monthly/klines/XLMUSDT/5m/XLMUSDT-5m-2026-06.zip,https://data.binance.vision/data/futures/um/monthly/klines/XLMUSDT/5m/XLMUSDT-5m-2026-06.zip.CHECKSUM,AVAILABLE,200,,b1c1972f664eba2339148ec30238a5b483babb60d9c2a15c59e6824da997cd43,1,,2026-08-23T13:02:49.457720+00:00
932,XLMUSDT,5m,2026-07,kline:XLMUSDT:5m:2026-07,https://data.binance.vision/data/futures/um/monthly/klines/XLMUSDT/5m/XLMUSDT-5m-2026-07.zip,https://data.binance.vision/data/futures/um/monthly/klines/XLMUSDT/5m/XLMUSDT-5m-2026-07.zip.CHECKSUM,AVAILABLE,200,,ba2b306ea8f4a2aa83a33658c4743de8c1d5aa50f3448b8b8cca3b44621afb06,1,,2026-08-23T13:02:49.517532+00:00
933,XLMUSDT,1m,2026-04,kline:XLMUSDT:1m:2026-04,https://data.binance.vision/data/futures/um/monthly/klines/XLMUSDT/1m/XLMUSDT-1m-2026-04.zip,https://data.binance.vision/data/futures/um/monthly/klines/XLMUSDT/1m/XLMUSDT-1m-2026-04.zip.CHECKSUM,AVAILABLE,200,,c7f6a731572ae344de3ea9ddf4c2762cd85e4ac804fe267eae5141c335d67a6f,1,,2026-08-23T13:02:49.474915+00:00
934,XLMUSDT,1m,2026-05,kline:XLMUSDT:1m:2026-05,https://data.binance.vision/data/futures/um/monthly/klines/XLMUSDT/1m/XLMUSDT-1m-2026-05.zip,https://data.binance.vision/data/futures/um/monthly/klines/XLMUSDT/1m/XLMUSDT-1m-2026-05.zip.CHECKSUM,AVAILABLE,200,,ec366f29bd446fabdcb08340ab5cb8978d23178480039bb36ce8cb27937f5fb9,1,,2026-08-23T13:02:49.477055+00:00
935,XLMUSDT,1m,2026-06,kline:XLMUSDT:1m:2026-06,https://data.binance.vision/data/futures/um/monthly/klines/XLMUSDT/1m/XLMUSDT-1m-2026-06.zip,https://data.binance.vision/data/futures/um/monthly/klines/XLMUSDT/1m/XLMUSDT-1m-2026-06.zip.CHECKSUM,AVAILABLE,200,,fa657c9066f74ebec28af3b7dce07bcab87433d577298e4bf4bdb4918740a805,1,,2026-08-23T13:02:49.479388+00:00
936,XLMUSDT,1m,2026-07,kline:XLMUSDT:1m:2026-07,https://data.binance.vision/data/futures/um/monthly/klines/XLMUSDT/1m/XLMUSDT-1m-2026-07.zip,https://data.binance.vision/data/futures/um/monthly/klines/XLMUSDT/1m/XLMUSDT-1m-2026-07.zip.CHECKSUM,AVAILABLE,200,,52be7c8228dbfb6e95d5e6293f100c90ea406219641b58fb7965c89e818448e2,1,,2026-08-23T13:02:49.506037+00:00
937,AVAAIUSDT,1d,2026-04,kline:AVAAIUSDT:1d:2026-04,https://data.binance.vision/data/futures/um/monthly/klines/AVAAIUSDT/1d/AVAAIUSDT-1d-2026-04.zip,https://data.binance.vision/data/futures/um/monthly/klines/AVAAIUSDT/1d/AVAAIUSDT-1d-2026-04.zip.CHECKSUM,AVAILABLE,200,,1a0251a8a127560b8229a94a5102d60e0cbd782b2fde889c1b9d335b2e1d39cc,1,,2026-08-23T13:02:49.524942+00:00
938,AVAAIUSDT,1d,2026-05,kline:AVAAIUSDT:1d:2026-05,https://data.binance.vision/data/futures/um/monthly/klines/AVAAIUSDT/1d/AVAAIUSDT-1d-2026-05.zip,https://data.binance.vision/data/futures/um/monthly/klines/AVAAIUSDT/1d/AVAAIUSDT-1d-2026-05.zip.CHECKSUM,AVAILABLE,200,,79980765c6df6f595add491773138a13e24b0d8123d2e1a19be125d7775b9c32,1,,2026-08-23T13:02:49.528507+00:00
939,AVAAIUSDT,1d,2026-06,kline:AVAAIUSDT:1d:2026-06,https://data.binance.vision/data/futures/um/monthly/klines/AVAAIUSDT/1d/AVAAIUSDT-1d-2026-06.zip,https://data.binance.vision/data/futures/um/monthly/klines/AVAAIUSDT/1d/AVAAIUSDT-1d-2026-06.zip.CHECKSUM,AVAILABLE,200,,200e577cd97b7277d48dc44f877cbc0487587939396fa83141e0dbbc8a23f3b7,1,,2026-08-23T13:02:49.535399+00:00
940,AVAAIUSDT,1d,2026-07,kline:AVAAIUSDT:1d:2026-07,https://data.binance.vision/data/futures/um/monthly/klines/AVAAIUSDT/1d/AVAAIUSDT-1d-2026-07.zip,https://data.binance.vision/data/futures/um/monthly/klines/AVAAIUSDT/1d/AVAAIUSDT-1d-2026-07.zip.CHECKSUM,AVAILABLE,200,,e6137ea22719e195dba754ed59a6d7d20647eeb4207dd56e71bdf483d6005cfc,1,,2026-08-23T13:02:49.532767+00:00
941,AVAAIUSDT,4h,2026-04,kline:AVAAIUSDT:4h:2026-04,https://data.binance.vision/data/futures/um/monthly/klines/AVAAIUSDT/4h/AVAAIUSDT-4h-2026-04.zip,https://data.binance.vision/data/futures/um/monthly/klines/AVAAIUSDT/4h/AVAAIUSDT-4h-2026-04.zip.CHECKSUM,AVAILABLE,200,,decf0d340e2cd563f8b72d98dcd998bcd0965aa301ec8f977217ec6082e7dae3,1,,2026-08-23T13:02:49.534499+00:00
942,AVAAIUSDT,4h,2026-05,kline:AVAAIUSDT:4h:2026-05,https://data.binance.vision/data/futures/um/monthly/klines/AVAAIUSDT/4h/AVAAIUSDT-4h-2026-05.zip,https://data.binance.vision/data/futures/um/monthly/klines/AVAAIUSDT/4h/AVAAIUSDT-4h-2026-05.zip.CHECKSUM,AVAILABLE,200,,34eed1b7cf5d5b5bf4df2bf61c35613a041bb95e5bdfd7c2f686a073a0b53a1a,1,,2026-08-23T13:02:49.541116+00:00
943,AVAAIUSDT,4h,2026-06,kline:AVAAIUSDT:4h:2026-06,https://data.binance.vision/data/futures/um/monthly/klines/AVAAIUSDT/4h/AVAAIUSDT-4h-2026-06.zip,https://data.binance.vision/data/futures/um/monthly/klines/AVAAIUSDT/4h/AVAAIUSDT-4h-2026-06.zip.CHECKSUM,AVAILABLE,200,,7bb97a305e23aaa1607393029a3b6c218d83313dbe74d68a488d70a5207d476e,1,,2026-08-23T13:02:49.552430+00:00
944,AVAAIUSDT,4h,2026-07,kline:AVAAIUSDT:4h:2026-07,https://data.binance.vision/data/futures/um/monthly/klines/AVAAIUSDT/4h/AVAAIUSDT-4h-2026-07.zip,https://data.binance.vision/data/futures/um/monthly/klines/AVAAIUSDT/4h/AVAAIUSDT-4h-2026-07.zip.CHECKSUM,AVAILABLE,200,,45d04402d406a1feac93402ccfae4a2d8dd1174b03dd656fe0d99d3184624884,1,,2026-08-23T13:02:49.553002+00:00
945,AVAAIUSDT,1h,2026-04,kline:AVAAIUSDT:1h:2026-04,https://data.binance.vision/data/futures/um/monthly/klines/AVAAIUSDT/1h/AVAAIUSDT-1h-2026-04.zip,https://data.binance.vision/data/futures/um/monthly/klines/AVAAIUSDT/1h/AVAAIUSDT-1h-2026-04.zip.CHECKSUM,AVAILABLE,200,,fb33b785440c99a1359508fe219e036e32aa68dd9d82d92d29bb3c3bd423582f,1,,2026-08-23T13:02:49.559775+00:00
946,AVAAIUSDT,1h,2026-05,kline:AVAAIUSDT:1h:2026-05,https://data.binance.vision/data/futures/um/monthly/klines/AVAAIUSDT/1h/AVAAIUSDT-1h-2026-05.zip,https://data.binance.vision/data/futures/um/monthly/klines/AVAAIUSDT/1h/AVAAIUSDT-1h-2026-05.zip.CHECKSUM,AVAILABLE,200,,35acf5c46906f4e469ce6783a28918504e2a7dcd49859b7daf5021fead3ace0a,1,,2026-08-23T13:02:49.563994+00:00
947,AVAAIUSDT,1h,2026-06,kline:AVAAIUSDT:1h:2026-06,https://data.binance.vision/data/futures/um/monthly/klines/AVAAIUSDT/1h/AVAAIUSDT-1h-2026-06.zip,https://data.binance.vision/data/futures/um/monthly/klines/AVAAIUSDT/1h/AVAAIUSDT-1h-2026-06.zip.CHECKSUM,AVAILABLE,200,,58231588fa4441ad667cc8fdb62cdeebac5f77493429d0abfd05a43778e21e54,1,,2026-08-23T13:02:49.901320+00:00
948,AVAAIUSDT,1h,2026-07,kline:AVAAIUSDT:1h:2026-07,https://data.binance.vision/data/futures/um/monthly/klines/AVAAIUSDT/1h/AVAAIUSDT-1h-2026-07.zip,https://data.binance.vision/data/futures/um/monthly/klines/AVAAIUSDT/1h/AVAAIUSDT-1h-2026-07.zip.CHECKSUM,AVAILABLE,200,,a60f29f5a3ba7c483c4e44e97f86bf29ac2b82593cd3186600b3516fe8fdaa78,1,,2026-08-23T13:02:49.569634+00:00
949,AVAAIUSDT,15m,2026-04,kline:AVAAIUSDT:15m:2026-04,https://data.binance.vision/data/futures/um/monthly/klines/AVAAIUSDT/15m/AVAAIUSDT-15m-2026-04.zip,https://data.binance.vision/data/futures/um/monthly/klines/AVAAIUSDT/15m/AVAAIUSDT-15m-2026-04.zip.CHECKSUM,AVAILABLE,200,,4b2b349c9b3371c296b8111530a97ae5100100b5c7b8066d0af3635a916b29a2,1,,2026-08-23T13:02:49.624162+00:00
950,AVAAIUSDT,15m,2026-05,kline:AVAAIUSDT:15m:2026-05,https://data.binance.vision/data/futures/um/monthly/klines/AVAAIUSDT/15m/AVAAIUSDT-15m-2026-05.zip,https://data.binance.vision/data/futures/um/monthly/klines/AVAAIUSDT/15m/AVAAIUSDT-15m-2026-05.zip.CHECKSUM,AVAILABLE,200,,29a754187872c363c83723bcdc93af38fdb0d8486281ac89435a0e8ce4207579,1,,2026-08-23T13:02:49.583553+00:00
951,AVAAIUSDT,15m,2026-06,kline:AVAAIUSDT:15m:2026-06,https://data.binance.vision/data/futures/um/monthly/klines/AVAAIUSDT/15m/AVAAIUSDT-15m-2026-06.zip,https://data.binance.vision/data/futures/um/monthly/klines/AVAAIUSDT/15m/AVAAIUSDT-15m-2026-06.zip.CHECKSUM,AVAILABLE,200,,706eafea17c134df4912b07b8f63336a631b119ac9678db88e888bc159414331,1,,2026-08-23T13:02:49.936264+00:00
952,AVAAIUSDT,15m,2026-07,kline:AVAAIUSDT:15m:2026-07,https://data.binance.vision/data/futures/um/monthly/klines/AVAAIUSDT/15m/AVAAIUSDT-15m-2026-07.zip,https://data.binance.vision/data/futures/um/monthly/klines/AVAAIUSDT/15m/AVAAIUSDT-15m-2026-07.zip.CHECKSUM,AVAILABLE,200,,4100acc5c2db334b3a225e28620d642bfee8c749a8d12b3596ebfb2ac58efd9a,1,,2026-08-23T13:02:49.620508+00:00
953,AVAAIUSDT,5m,2026-04,kline:AVAAIUSDT:5m:2026-04,https://data.binance.vision/data/futures/um/monthly/klines/AVAAIUSDT/5m/AVAAIUSDT-5m-2026-04.zip,https://data.binance.vision/data/futures/um/monthly/klines/AVAAIUSDT/5m/AVAAIUSDT-5m-2026-04.zip.CHECKSUM,AVAILABLE,200,,0d20d65841bde21510c5ea3d834398ba1eb6682b7fd6e97a5091f00c7810ece1,1,,2026-08-23T13:02:49.611129+00:00
954,AVAAIUSDT,5m,2026-05,kline:AVAAIUSDT:5m:2026-05,https://data.binance.vision/data/futures/um/monthly/klines/AVAAIUSDT/5m/AVAAIUSDT-5m-2026-05.zip,https://data.binance.vision/data/futures/um/monthly/klines/AVAAIUSDT/5m/AVAAIUSDT-5m-2026-05.zip.CHECKSUM,AVAILABLE,200,,f0b7dc9beb716da9b61843203ed18e533fa425ba23b370e88da4fa9019ea9508,1,,2026-08-23T13:02:49.626658+00:00
955,AVAAIUSDT,5m,2026-06,kline:AVAAIUSDT:5m:2026-06,https://data.binance.vision/data/futures/um/monthly/klines/AVAAIUSDT/5m/AVAAIUSDT-5m-2026-06.zip,https://data.binance.vision/data/futures/um/monthly/klines/AVAAIUSDT/5m/AVAAIUSDT-5m-2026-06.zip.CHECKSUM,AVAILABLE,200,,d19657e6492f24fa8285923c80404950f829f69dfb0ebaef8fbf6afb70a0ff4e,1,,2026-08-23T13:02:49.633607+00:00
956,AVAAIUSDT,5m,2026-07,kline:AVAAIUSDT:5m:2026-07,https://data.binance.vision/data/futures/um/monthly/klines/AVAAIUSDT/5m/AVAAIUSDT-5m-2026-07.zip,https://data.binance.vision/data/futures/um/monthly/klines/AVAAIUSDT/5m/AVAAIUSDT-5m-2026-07.zip.CHECKSUM,AVAILABLE,200,,7d5514ab67e5f09ffda116f33ec0a95e48bc7dfe4911668e45935a20ed02aa85,1,,2026-08-23T13:02:49.638506+00:00
957,AVAAIUSDT,1m,2026-04,kline:AVAAIUSDT:1m:2026-04,https://data.binance.vision/data/futures/um/monthly/klines/AVAAIUSDT/1m/AVAAIUSDT-1m-2026-04.zip,https://data.binance.vision/data/futures/um/monthly/klines/AVAAIUSDT/1m/AVAAIUSDT-1m-2026-04.zip.CHECKSUM,AVAILABLE,200,,571ea975bdef8ad4e5a78862270c7121ebe951f2b523964d45cd4b6eb295b8db,1,,2026-08-23T13:02:49.807502+00:00
958,AVAAIUSDT,1m,2026-05,kline:AVAAIUSDT:1m:2026-05,https://data.binance.vision/data/futures/um/monthly/klines/AVAAIUSDT/1m/AVAAIUSDT-1m-2026-05.zip,https://data.binance.vision/data/futures/um/monthly/klines/AVAAIUSDT/1m/AVAAIUSDT-1m-2026-05.zip.CHECKSUM,AVAILABLE,200,,5c0e0931cefbc8b5b3e5a92278d51c78d6445c8b48d90a9411ead16d4add3f57,1,,2026-08-23T13:02:49.665391+00:00
959,AVAAIUSDT,1m,2026-06,kline:AVAAIUSDT:1m:2026-06,https://data.binance.vision/data/futures/um/monthly/klines/AVAAIUSDT/1m/AVAAIUSDT-1m-2026-06.zip,https://data.binance.vision/data/futures/um/monthly/klines/AVAAIUSDT/1m/AVAAIUSDT-1m-2026-06.zip.CHECKSUM,AVAILABLE,200,,427501809dc728eeb2a3161fa460d11c89ab6f1a96af6e21feb35a489a65e88b,1,,2026-08-23T13:02:49.655093+00:00
960,AVAAIUSDT,1m,2026-07,kline:AVAAIUSDT:1m:2026-07,https://data.binance.vision/data/futures/um/monthly/klines/AVAAIUSDT/1m/AVAAIUSDT-1m-2026-07.zip,https://data.binance.vision/data/futures/um/monthly/klines/AVAAIUSDT/1m/AVAAIUSDT-1m-2026-07.zip.CHECKSUM,AVAILABLE,200,,85c9fa8bd090843cf110408b727ab9f4ab2b2bb3822d9b682d240d41cd57933c,1,,2026-08-23T13:02:49.663993+00:00
961,BBUSDT,1d,2026-04,kline:BBUSDT:1d:2026-04,https://data.binance.vision/data/futures/um/monthly/klines/BBUSDT/1d/BBUSDT-1d-2026-04.zip,https://data.binance.vision/data/futures/um/monthly/klines/BBUSDT/1d/BBUSDT-1d-2026-04.zip.CHECKSUM,AVAILABLE,200,,9ebf0db5f3dc81a689f1a3c46365b4cf60009147ae43333d338f8d9f58ead62e,1,,2026-08-23T13:02:49.664218+00:00
962,BBUSDT,1d,2026-05,kline:BBUSDT:1d:2026-05,https://data.binance.vision/data/futures/um/monthly/klines/BBUSDT/1d/BBUSDT-1d-2026-05.zip,https://data.binance.vision/data/futures/um/monthly/klines/BBUSDT/1d/BBUSDT-1d-2026-05.zip.CHECKSUM,AVAILABLE,200,,5cbb306f709c2d62b6e093c5c144d6d396f3221f80c46d82ad29b5dbfb1273ec,1,,2026-08-23T13:02:49.669358+00:00
963,BBUSDT,1d,2026-06,kline:BBUSDT:1d:2026-06,https://data.binance.vision/data/futures/um/monthly/klines/BBUSDT/1d/BBUSDT-1d-2026-06.zip,https://data.binance.vision/data/futures/um/monthly/klines/BBUSDT/1d/BBUSDT-1d-2026-06.zip.CHECKSUM,AVAILABLE,200,,8a653e312a6902f4208f46e7ffe0a1d74a206aa01ff1b4c0ed6a002279d8f3f8,1,,2026-08-23T13:02:49.676727+00:00
964,BBUSDT,1d,2026-07,kline:BBUSDT:1d:2026-07,https://data.binance.vision/data/futures/um/monthly/klines/BBUSDT/1d/BBUSDT-1d-2026-07.zip,https://data.binance.vision/data/futures/um/monthly/klines/BBUSDT/1d/BBUSDT-1d-2026-07.zip.CHECKSUM,AVAILABLE,200,,28743287bacdef44d1364941852ff43e928c74457b305713b98e9f7f9a865397,1,,2026-08-23T13:02:49.681030+00:00
965,BBUSDT,4h,2026-04,kline:BBUSDT:4h:2026-04,https://data.binance.vision/data/futures/um/monthly/klines/BBUSDT/4h/BBUSDT-4h-2026-04.zip,https://data.binance.vision/data/futures/um/monthly/klines/BBUSDT/4h/BBUSDT-4h-2026-04.zip.CHECKSUM,AVAILABLE,200,,3c7fb8752ba906eb80318a8a087d25ab6c637ba432f2927e7574e5aace7b3efc,1,,2026-08-23T13:02:49.684182+00:00
966,BBUSDT,4h,2026-05,kline:BBUSDT:4h:2026-05,https://data.binance.vision/data/futures/um/monthly/klines/BBUSDT/4h/BBUSDT-4h-2026-05.zip,https://data.binance.vision/data/futures/um/monthly/klines/BBUSDT/4h/BBUSDT-4h-2026-05.zip.CHECKSUM,AVAILABLE,200,,fb7d97aa951a959fbc5fa02df68e799ab98932ed69dd1a35218ed88db900cd8a,1,,2026-08-23T13:02:50.051252+00:00
967,BBUSDT,4h,2026-06,kline:BBUSDT:4h:2026-06,https://data.binance.vision/data/futures/um/monthly/klines/BBUSDT/4h/BBUSDT-4h-2026-06.zip,https://data.binance.vision/data/futures/um/monthly/klines/BBUSDT/4h/BBUSDT-4h-2026-06.zip.CHECKSUM,AVAILABLE,200,,5f69695f5ecf1bbc16d6bb7c8c178441c89298b2153ac2a3702e4101d26a87b1,1,,2026-08-23T13:02:49.726326+00:00
968,BBUSDT,4h,2026-07,kline:BBUSDT:4h:2026-07,https://data.binance.vision/data/futures/um/monthly/klines/BBUSDT/4h/BBUSDT-4h-2026-07.zip,https://data.binance.vision/data/futures/um/monthly/klines/BBUSDT/4h/BBUSDT-4h-2026-07.zip.CHECKSUM,AVAILABLE,200,,a089a0cef2db54d7395e34cdf8770bbd13d23631785f56e1cdfa1789d39ddcde,1,,2026-08-23T13:02:49.726962+00:00
969,BBUSDT,1h,2026-04,kline:BBUSDT:1h:2026-04,https://data.binance.vision/data/futures/um/monthly/klines/BBUSDT/1h/BBUSDT-1h-2026-04.zip,https://data.binance.vision/data/futures/um/monthly/klines/BBUSDT/1h/BBUSDT-1h-2026-04.zip.CHECKSUM,AVAILABLE,200,,0790cffc076d99ba41e8969719b27af598a534dc3d3076c7a1bf0fa391e5ab63,1,,2026-08-23T13:02:49.729293+00:00
970,BBUSDT,1h,2026-05,kline:BBUSDT:1h:2026-05,https://data.binance.vision/data/futures/um/monthly/klines/BBUSDT/1h/BBUSDT-1h-2026-05.zip,https://data.binance.vision/data/futures/um/monthly/klines/BBUSDT/1h/BBUSDT-1h-2026-05.zip.CHECKSUM,AVAILABLE,200,,38c0155deb625b3eb9059c62390206da351a74cab077a48e8f437a2142dd9294,1,,2026-08-23T13:02:49.739739+00:00
971,BBUSDT,1h,2026-06,kline:BBUSDT:1h:2026-06,https://data.binance.vision/data/futures/um/monthly/klines/BBUSDT/1h/BBUSDT-1h-2026-06.zip,https://data.binance.vision/data/futures/um/monthly/klines/BBUSDT/1h/BBUSDT-1h-2026-06.zip.CHECKSUM,AVAILABLE,200,,621c1c281518ac69b5d82ecb50977eafe1013345db6de2d1ad6d11f0961fd3ad,1,,2026-08-23T13:02:49.848250+00:00
972,BBUSDT,1h,2026-07,kline:BBUSDT:1h:2026-07,https://data.binance.vision/data/futures/um/monthly/klines/BBUSDT/1h/BBUSDT-1h-2026-07.zip,https://data.binance.vision/data/futures/um/monthly/klines/BBUSDT/1h/BBUSDT-1h-2026-07.zip.CHECKSUM,AVAILABLE,200,,fa55cd1df4ae82663271f82334fd055e323cd2dac7c26107067ee8f1a6afafb8,1,,2026-08-23T13:02:49.748615+00:00
973,BBUSDT,15m,2026-04,kline:BBUSDT:15m:2026-04,https://data.binance.vision/data/futures/um/monthly/klines/BBUSDT/15m/BBUSDT-15m-2026-04.zip,https://data.binance.vision/data/futures/um/monthly/klines/BBUSDT/15m/BBUSDT-15m-2026-04.zip.CHECKSUM,AVAILABLE,200,,5ea9a2c56d8100573fc5c0cf8b6fa18194338d960eebfa84dd9cb82fc3c183d0,1,,2026-08-23T13:02:49.739163+00:00
974,BBUSDT,15m,2026-05,kline:BBUSDT:15m:2026-05,https://data.binance.vision/data/futures/um/monthly/klines/BBUSDT/15m/BBUSDT-15m-2026-05.zip,https://data.binance.vision/data/futures/um/monthly/klines/BBUSDT/15m/BBUSDT-15m-2026-05.zip.CHECKSUM,AVAILABLE,200,,0e8c3efc608624b0daf2869a6db2e02b36e3858ccfda260e671322afc08add5a,1,,2026-08-23T13:02:49.753701+00:00
975,BBUSDT,15m,2026-06,kline:BBUSDT:15m:2026-06,https://data.binance.vision/data/futures/um/monthly/klines/BBUSDT/15m/BBUSDT-15m-2026-06.zip,https://data.binance.vision/data/futures/um/monthly/klines/BBUSDT/15m/BBUSDT-15m-2026-06.zip.CHECKSUM,AVAILABLE,200,,58457b386e87876fc5b16a82bda604dbb0fc2d56bb6c6ef7c0161e6b4f0afd1a,1,,2026-08-23T13:02:50.102589+00:00
976,BBUSDT,15m,2026-07,kline:BBUSDT:15m:2026-07,https://data.binance.vision/data/futures/um/monthly/klines/BBUSDT/15m/BBUSDT-15m-2026-07.zip,https://data.binance.vision/data/futures/um/monthly/klines/BBUSDT/15m/BBUSDT-15m-2026-07.zip.CHECKSUM,AVAILABLE,200,,bcff10ced4952a161c42e9880adfe219148baf75450ba3fb9fabfbd4ef1990ac,1,,2026-08-23T13:02:49.759097+00:00
977,BBUSDT,5m,2026-04,kline:BBUSDT:5m:2026-04,https://data.binance.vision/data/futures/um/monthly/klines/BBUSDT/5m/BBUSDT-5m-2026-04.zip,https://data.binance.vision/data/futures/um/monthly/klines/BBUSDT/5m/BBUSDT-5m-2026-04.zip.CHECKSUM,AVAILABLE,200,,6fc3d3f57232e0081c59c2217c84c0e17b5c202756147dd7f389d0ed386a512c,1,,2026-08-23T13:02:49.768772+00:00
978,BBUSDT,5m,2026-05,kline:BBUSDT:5m:2026-05,https://data.binance.vision/data/futures/um/monthly/klines/BBUSDT/5m/BBUSDT-5m-2026-05.zip,https://data.binance.vision/data/futures/um/monthly/klines/BBUSDT/5m/BBUSDT-5m-2026-05.zip.CHECKSUM,AVAILABLE,200,,215a9193d662e9fd9d5908c9956600b287918ae652cbd50488e78f8c70e6fcb3,1,,2026-08-23T13:02:50.105732+00:00
979,BBUSDT,5m,2026-06,kline:BBUSDT:5m:2026-06,https://data.binance.vision/data/futures/um/monthly/klines/BBUSDT/5m/BBUSDT-5m-2026-06.zip,https://data.binance.vision/data/futures/um/monthly/klines/BBUSDT/5m/BBUSDT-5m-2026-06.zip.CHECKSUM,AVAILABLE,200,,18c8fe2dfb1d028be838fad2de240f1d09a9473e211db54c0513057eebf7fa2d,1,,2026-08-23T13:02:49.789954+00:00
980,BBUSDT,5m,2026-07,kline:BBUSDT:5m:2026-07,https://data.binance.vision/data/futures/um/monthly/klines/BBUSDT/5m/BBUSDT-5m-2026-07.zip,https://data.binance.vision/data/futures/um/monthly/klines/BBUSDT/5m/BBUSDT-5m-2026-07.zip.CHECKSUM,AVAILABLE,200,,c224d79b3e1e86f955492b9b3ad2b4e9d78b196cfdd64f67047866fa045fde2d,1,,2026-08-23T13:02:49.812250+00:00
981,BBUSDT,1m,2026-04,kline:BBUSDT:1m:2026-04,https://data.binance.vision/data/futures/um/monthly/klines/BBUSDT/1m/BBUSDT-1m-2026-04.zip,https://data.binance.vision/data/futures/um/monthly/klines/BBUSDT/1m/BBUSDT-1m-2026-04.zip.CHECKSUM,AVAILABLE,200,,6bd4b835790aa46f5a0ca8a69f5935690f2158dd1ac4999b5cd04bf0b7abf468,1,,2026-08-23T13:02:50.165398+00:00
982,BBUSDT,1m,2026-05,kline:BBUSDT:1m:2026-05,https://data.binance.vision/data/futures/um/monthly/klines/BBUSDT/1m/BBUSDT-1m-2026-05.zip,https://data.binance.vision/data/futures/um/monthly/klines/BBUSDT/1m/BBUSDT-1m-2026-05.zip.CHECKSUM,AVAILABLE,200,,dcb26cf7d64f83b4451c0f6d38b33a7b0d3a5a03a70ecfb6edf674ef71cc576a,1,,2026-08-23T13:02:49.828757+00:00
983,BBUSDT,1m,2026-06,kline:BBUSDT:1m:2026-06,https://data.binance.vision/data/futures/um/monthly/klines/BBUSDT/1m/BBUSDT-1m-2026-06.zip,https://data.binance.vision/data/futures/um/monthly/klines/BBUSDT/1m/BBUSDT-1m-2026-06.zip.CHECKSUM,AVAILABLE,200,,500d4a285e2b598a05f08a07e04da679d82ef940d7399bef0d50f0eaac151476,1,,2026-08-23T13:02:49.827463+00:00
984,BBUSDT,1m,2026-07,kline:BBUSDT:1m:2026-07,https://data.binance.vision/data/futures/um/monthly/klines/BBUSDT/1m/BBUSDT-1m-2026-07.zip,https://data.binance.vision/data/futures/um/monthly/klines/BBUSDT/1m/BBUSDT-1m-2026-07.zip.CHECKSUM,AVAILABLE,200,,35a3e9dca8cb7128ada635a78f6d9a734bec6844db55f2bbf12722fdadaa115e,1,,2026-08-23T13:02:49.839484+00:00
985,1000SHIBUSDT,1d,2026-04,kline:1000SHIBUSDT:1d:2026-04,https://data.binance.vision/data/futures/um/monthly/klines/1000SHIBUSDT/1d/1000SHIBUSDT-1d-2026-04.zip,https://data.binance.vision/data/futures/um/monthly/klines/1000SHIBUSDT/1d/1000SHIBUSDT-1d-2026-04.zip.CHECKSUM,AVAILABLE,200,,4790ee61abd4c3160bebdcee67a1df3dbde251723927dc12fb8734b9bc379b46,1,,2026-08-23T13:02:49.843904+00:00
986,1000SHIBUSDT,1d,2026-05,kline:1000SHIBUSDT:1d:2026-05,https://data.binance.vision/data/futures/um/monthly/klines/1000SHIBUSDT/1d/1000SHIBUSDT-1d-2026-05.zip,https://data.binance.vision/data/futures/um/monthly/klines/1000SHIBUSDT/1d/1000SHIBUSDT-1d-2026-05.zip.CHECKSUM,AVAILABLE,200,,2e18ee42aee3d2f1f3f6a526888145e3204de54c4249a50396a2ab87e84a92b7,1,,2026-08-23T13:02:49.862564+00:00
987,1000SHIBUSDT,1d,2026-06,kline:1000SHIBUSDT:1d:2026-06,https://data.binance.vision/data/futures/um/monthly/klines/1000SHIBUSDT/1d/1000SHIBUSDT-1d-2026-06.zip,https://data.binance.vision/data/futures/um/monthly/klines/1000SHIBUSDT/1d/1000SHIBUSDT-1d-2026-06.zip.CHECKSUM,AVAILABLE,200,,aa1494c71a507b5c93f14e7e2249a5423183357acb90aab0707b9057f685cb28,1,,2026-08-23T13:02:49.866216+00:00
988,1000SHIBUSDT,1d,2026-07,kline:1000SHIBUSDT:1d:2026-07,https://data.binance.vision/data/futures/um/monthly/klines/1000SHIBUSDT/1d/1000SHIBUSDT-1d-2026-07.zip,https://data.binance.vision/data/futures/um/monthly/klines/1000SHIBUSDT/1d/1000SHIBUSDT-1d-2026-07.zip.CHECKSUM,AVAILABLE,200,,7926334468156df564ab7a1f08479ca07d8845b80f10ef3c96dc7e1bed6ad575,1,,2026-08-23T13:02:49.867965+00:00
989,1000SHIBUSDT,4h,2026-04,kline:1000SHIBUSDT:4h:2026-04,https://data.binance.vision/data/futures/um/monthly/klines/1000SHIBUSDT/4h/1000SHIBUSDT-4h-2026-04.zip,https://data.binance.vision/data/futures/um/monthly/klines/1000SHIBUSDT/4h/1000SHIBUSDT-4h-2026-04.zip.CHECKSUM,AVAILABLE,200,,06ca88b2605bab4dc952ab0351de779491d5a6556d93a496e5e41368de932d9d,1,,2026-08-23T13:02:50.196490+00:00
990,1000SHIBUSDT,4h,2026-05,kline:1000SHIBUSDT:4h:2026-05,https://data.binance.vision/data/futures/um/monthly/klines/1000SHIBUSDT/4h/1000SHIBUSDT-4h-2026-05.zip,https://data.binance.vision/data/futures/um/monthly/klines/1000SHIBUSDT/4h/1000SHIBUSDT-4h-2026-05.zip.CHECKSUM,AVAILABLE,200,,f328d4940378423664a31d9cd4363b2fec013cb94fd68604293d9f54db131175,1,,2026-08-23T13:02:49.873087+00:00
991,1000SHIBUSDT,4h,2026-06,kline:1000SHIBUSDT:4h:2026-06,https://data.binance.vision/data/futures/um/monthly/klines/1000SHIBUSDT/4h/1000SHIBUSDT-4h-2026-06.zip,https://data.binance.vision/data/futures/um/monthly/klines/1000SHIBUSDT/4h/1000SHIBUSDT-4h-2026-06.zip.CHECKSUM,AVAILABLE,200,,3154ab986cf785457d23fd6de9fc73d4623a0cca55559cd86e210d4b8de398fe,1,,2026-08-23T13:02:49.889428+00:00
992,1000SHIBUSDT,4h,2026-07,kline:1000SHIBUSDT:4h:2026-07,https://data.binance.vision/data/futures/um/monthly/klines/1000SHIBUSDT/4h/1000SHIBUSDT-4h-2026-07.zip,https://data.binance.vision/data/futures/um/monthly/klines/1000SHIBUSDT/4h/1000SHIBUSDT-4h-2026-07.zip.CHECKSUM,AVAILABLE,200,,2c0750be9c713a1be598351bd418bdd023e8d8e8a8799e60df958f3b5e91a58c,1,,2026-08-23T13:02:49.885314+00:00
993,1000SHIBUSDT,1h,2026-04,kline:1000SHIBUSDT:1h:2026-04,https://data.binance.vision/data/futures/um/monthly/klines/1000SHIBUSDT/1h/1000SHIBUSDT-1h-2026-04.zip,https://data.binance.vision/data/futures/um/monthly/klines/1000SHIBUSDT/1h/1000SHIBUSDT-1h-2026-04.zip.CHECKSUM,AVAILABLE,200,,cdf932af5041c21fa7b4dbfaf5f800eb03b193ab305334b33f91a855a7801446,1,,2026-08-23T13:02:49.960411+00:00
994,1000SHIBUSDT,1h,2026-05,kline:1000SHIBUSDT:1h:2026-05,https://data.binance.vision/data/futures/um/monthly/klines/1000SHIBUSDT/1h/1000SHIBUSDT-1h-2026-05.zip,https://data.binance.vision/data/futures/um/monthly/klines/1000SHIBUSDT/1h/1000SHIBUSDT-1h-2026-05.zip.CHECKSUM,AVAILABLE,200,,c140f7dcc1fb6cdf426972c633688def40d28c0e72ef7b844c42f5cdc652eb5b,1,,2026-08-23T13:02:49.898801+00:00
995,1000SHIBUSDT,1h,2026-06,kline:1000SHIBUSDT:1h:2026-06,https://data.binance.vision/data/futures/um/monthly/klines/1000SHIBUSDT/1h/1000SHIBUSDT-1h-2026-06.zip,https://data.binance.vision/data/futures/um/monthly/klines/1000SHIBUSDT/1h/1000SHIBUSDT-1h-2026-06.zip.CHECKSUM,AVAILABLE,200,,dc184e56812f4163574ee817845b2619702ac653446d365361f3a45ef9bd8c12,1,,2026-08-23T13:02:50.031642+00:00
996,1000SHIBUSDT,1h,2026-07,kline:1000SHIBUSDT:1h:2026-07,https://data.binance.vision/data/futures/um/monthly/klines/1000SHIBUSDT/1h/1000SHIBUSDT-1h-2026-07.zip,https://data.binance.vision/data/futures/um/monthly/klines/1000SHIBUSDT/1h/1000SHIBUSDT-1h-2026-07.zip.CHECKSUM,AVAILABLE,200,,4c53447bc7890e7a68ce5f86253fdc96c851681c7c065ee4da21c85281cb2702,1,,2026-08-23T13:02:49.984120+00:00
997,1000SHIBUSDT,15m,2026-04,kline:1000SHIBUSDT:15m:2026-04,https://data.binance.vision/data/futures/um/monthly/klines/1000SHIBUSDT/15m/1000SHIBUSDT-15m-2026-04.zip,https://data.binance.vision/data/futures/um/monthly/klines/1000SHIBUSDT/15m/1000SHIBUSDT-15m-2026-04.zip.CHECKSUM,AVAILABLE,200,,12f245cc7b7c995ca050d9cd1d0a4cac9cee8088c7b6790c45bbce389d9afcb3,1,,2026-08-23T13:02:49.935044+00:00
998,1000SHIBUSDT,15m,2026-05,kline:1000SHIBUSDT:15m:2026-05,https://data.binance.vision/data/futures/um/monthly/klines/1000SHIBUSDT/15m/1000SHIBUSDT-15m-2026-05.zip,https://data.binance.vision/data/futures/um/monthly/klines/1000SHIBUSDT/15m/1000SHIBUSDT-15m-2026-05.zip.CHECKSUM,AVAILABLE,200,,d5165216f12901f60e48df0a45e566172cacc3cab1ee1f2c460688b1500755c8,1,,2026-08-23T13:02:49.943862+00:00
999,1000SHIBUSDT,15m,2026-06,kline:1000SHIBUSDT:15m:2026-06,https://data.binance.vision/data/futures/um/monthly/klines/1000SHIBUSDT/15m/1000SHIBUSDT-15m-2026-06.zip,https://data.binance.vision/data/futures/um/monthly/klines/1000SHIBUSDT/15m/1000SHIBUSDT-15m-2026-06.zip.CHECKSUM,AVAILABLE,200,,c0abe791119b458c2d51d9fe5c656313dbf6dd9385281dc870733efc451f6f5c,1,,2026-08-23T13:02:49.946981+00:00
1000,1000SHIBUSDT,15m,2026-07,kline:1000SHIBUSDT:15m:2026-07,https://data.binance.vision/data/futures/um/monthly/klines/1000SHIBUSDT/15m/1000SHIBUSDT-15m-2026-07.zip,https://data.binance.vision/data/futures/um/monthly/klines/1000SHIBUSDT/15m/1000SHIBUSDT-15m-2026-07.zip.CHECKSUM,AVAILABLE,200,,8aede81622a9f5de4fc1722ec9414a8c43f0b26e86a6b382d747b8fb523eb8c6,1,,2026-08-23T13:02:49.947472+00:00
1001,1000SHIBUSDT,5m,2026-04,kline:1000SHIBUSDT:5m:2026-04,https://data.binance.vision/data/futures/um/monthly/klines/1000SHIBUSDT/5m/1000SHIBUSDT-5m-2026-04.zip,https://data.binance.vision/data/futures/um/monthly/klines/1000SHIBUSDT/5m/1000SHIBUSDT-5m-2026-04.zip.CHECKSUM,AVAILABLE,200,,3174b8006dcac94e16774369e57ef18b1b4ef0021c5e738fa773445b18300184,1,,2026-08-23T13:02:49.950392+00:00
1002,1000SHIBUSDT,5m,2026-05,kline:1000SHIBUSDT:5m:2026-05,https://data.binance.vision/data/futures/um/monthly/klines/1000SHIBUSDT/5m/1000SHIBUSDT-5m-2026-05.zip,https://data.binance.vision/data/futures/um/monthly/klines/1000SHIBUSDT/5m/1000SHIBUSDT-5m-2026-05.zip.CHECKSUM,AVAILABLE,200,,a33ad0f4635013fb82e47d60ee196afa8c06b911e65b232d1f0a172cb259b520,1,,2026-08-23T13:02:49.965158+00:00
1003,1000SHIBUSDT,5m,2026-06,kline:1000SHIBUSDT:5m:2026-06,https://data.binance.vision/data/futures/um/monthly/klines/1000SHIBUSDT/5m/1000SHIBUSDT-5m-2026-06.zip,https://data.binance.vision/data/futures/um/monthly/klines/1000SHIBUSDT/5m/1000SHIBUSDT-5m-2026-06.zip.CHECKSUM,AVAILABLE,200,,a99e7b5d2ea8e9f9644b0c6d993512417d484edbe7790ce7a11a5e48d6985bf9,1,,2026-08-23T13:02:49.977424+00:00
1004,1000SHIBUSDT,5m,2026-07,kline:1000SHIBUSDT:5m:2026-07,https://data.binance.vision/data/futures/um/monthly/klines/1000SHIBUSDT/5m/1000SHIBUSDT-5m-2026-07.zip,https://data.binance.vision/data/futures/um/monthly/klines/1000SHIBUSDT/5m/1000SHIBUSDT-5m-2026-07.zip.CHECKSUM,AVAILABLE,200,,f1ee410f4162a5364e37340e94a88793347b0b07f6f8d840e2ed5d651a26c114,1,,2026-08-23T13:02:49.989975+00:00
1005,1000SHIBUSDT,1m,2026-04,kline:1000SHIBUSDT:1m:2026-04,https://data.binance.vision/data/futures/um/monthly/klines/1000SHIBUSDT/1m/1000SHIBUSDT-1m-2026-04.zip,https://data.binance.vision/data/futures/um/monthly/klines/1000SHIBUSDT/1m/1000SHIBUSDT-1m-2026-04.zip.CHECKSUM,AVAILABLE,200,,3482e92a79fc2788af04f602feb31f57752ed6f96337ff06e2d7d3c98bdcbf33,1,,2026-08-23T13:02:50.012727+00:00
1006,1000SHIBUSDT,1m,2026-05,kline:1000SHIBUSDT:1m:2026-05,https://data.binance.vision/data/futures/um/monthly/klines/1000SHIBUSDT/1m/1000SHIBUSDT-1m-2026-05.zip,https://data.binance.vision/data/futures/um/monthly/klines/1000SHIBUSDT/1m/1000SHIBUSDT-1m-2026-05.zip.CHECKSUM,AVAILABLE,200,,690d939b602c636c33eec044eaa687fa77b7725defcd540f448a7021cc0560b5,1,,2026-08-23T13:02:50.017445+00:00
1007,1000SHIBUSDT,1m,2026-06,kline:1000SHIBUSDT:1m:2026-06,https://data.binance.vision/data/futures/um/monthly/klines/1000SHIBUSDT/1m/1000SHIBUSDT-1m-2026-06.zip,https://data.binance.vision/data/futures/um/monthly/klines/1000SHIBUSDT/1m/1000SHIBUSDT-1m-2026-06.zip.CHECKSUM,AVAILABLE,200,,435fad1310d665db1bd0d1df116cef9e3035e1e84e6cf0187c25d1a4703aae03,1,,2026-08-23T13:02:50.181751+00:00
1008,1000SHIBUSDT,1m,2026-07,kline:1000SHIBUSDT:1m:2026-07,https://data.binance.vision/data/futures/um/monthly/klines/1000SHIBUSDT/1m/1000SHIBUSDT-1m-2026-07.zip,https://data.binance.vision/data/futures/um/monthly/klines/1000SHIBUSDT/1m/1000SHIBUSDT-1m-2026-07.zip.CHECKSUM,AVAILABLE,200,,f8c98e72d8c660fc3f97f011d2b5a86e678d1494bf9d0c91b51dae9267dbd4e9,1,,2026-08-23T13:02:50.028522+00:00
1009,XPLUSDT,1d,2026-04,kline:XPLUSDT:1d:2026-04,https://data.binance.vision/data/futures/um/monthly/klines/XPLUSDT/1d/XPLUSDT-1d-2026-04.zip,https://data.binance.vision/data/futures/um/monthly/klines/XPLUSDT/1d/XPLUSDT-1d-2026-04.zip.CHECKSUM,AVAILABLE,200,,089d5e6424c3b1f02556deb98de779f320fb7920ff9a89bead5fc9f15635e14f,1,,2026-08-23T13:02:50.047823+00:00
1010,XPLUSDT,1d,2026-05,kline:XPLUSDT:1d:2026-05,https://data.binance.vision/data/futures/um/monthly/klines/XPLUSDT/1d/XPLUSDT-1d-2026-05.zip,https://data.binance.vision/data/futures/um/monthly/klines/XPLUSDT/1d/XPLUSDT-1d-2026-05.zip.CHECKSUM,AVAILABLE,200,,5572ae80fd51c93f824fe2f7693c737ab4689a04e404d18ad85cdd34730486da,1,,2026-08-23T13:02:50.052388+00:00
1011,XPLUSDT,1d,2026-06,kline:XPLUSDT:1d:2026-06,https://data.binance.vision/data/futures/um/monthly/klines/XPLUSDT/1d/XPLUSDT-1d-2026-06.zip,https://data.binance.vision/data/futures/um/monthly/klines/XPLUSDT/1d/XPLUSDT-1d-2026-06.zip.CHECKSUM,AVAILABLE,200,,f48aad948cacf784333601eecd8924ab533697fff801f81e5992369a8c7d9810,1,,2026-08-23T13:02:50.051423+00:00
1012,XPLUSDT,1d,2026-07,kline:XPLUSDT:1d:2026-07,https://data.binance.vision/data/futures/um/monthly/klines/XPLUSDT/1d/XPLUSDT-1d-2026-07.zip,https://data.binance.vision/data/futures/um/monthly/klines/XPLUSDT/1d/XPLUSDT-1d-2026-07.zip.CHECKSUM,AVAILABLE,200,,bf0a49e5f216f7edcc991d65691fb2c9516b9db72a7249b5460e900cb4bb4dd9,1,,2026-08-23T13:02:50.064301+00:00
1013,XPLUSDT,4h,2026-04,kline:XPLUSDT:4h:2026-04,https://data.binance.vision/data/futures/um/monthly/klines/XPLUSDT/4h/XPLUSDT-4h-2026-04.zip,https://data.binance.vision/data/futures/um/monthly/klines/XPLUSDT/4h/XPLUSDT-4h-2026-04.zip.CHECKSUM,AVAILABLE,200,,abbb200740061a8a858b771a20b0058d1e7a4bdc5d96bacdc70841e938106ba1,1,,2026-08-23T13:02:50.071885+00:00
1014,XPLUSDT,4h,2026-05,kline:XPLUSDT:4h:2026-05,https://data.binance.vision/data/futures/um/monthly/klines/XPLUSDT/4h/XPLUSDT-4h-2026-05.zip,https://data.binance.vision/data/futures/um/monthly/klines/XPLUSDT/4h/XPLUSDT-4h-2026-05.zip.CHECKSUM,AVAILABLE,200,,2748d4544d6a5db4c72b4ec86e242a681699083c847e633d8a60ee2d89f4a886,1,,2026-08-23T13:02:50.073327+00:00
1015,XPLUSDT,4h,2026-06,kline:XPLUSDT:4h:2026-06,https://data.binance.vision/data/futures/um/monthly/klines/XPLUSDT/4h/XPLUSDT-4h-2026-06.zip,https://data.binance.vision/data/futures/um/monthly/klines/XPLUSDT/4h/XPLUSDT-4h-2026-06.zip.CHECKSUM,AVAILABLE,200,,316242a3e0aeb2f3f393b6c82280462357ac608cf35cac38f9209cb76bda1f3b,1,,2026-08-23T13:02:50.134387+00:00
1016,XPLUSDT,4h,2026-07,kline:XPLUSDT:4h:2026-07,https://data.binance.vision/data/futures/um/monthly/klines/XPLUSDT/4h/XPLUSDT-4h-2026-07.zip,https://data.binance.vision/data/futures/um/monthly/klines/XPLUSDT/4h/XPLUSDT-4h-2026-07.zip.CHECKSUM,AVAILABLE,200,,44e05a9d860cf745c9711bab0493f9812c001f172bf746a08c98073e21fd21a4,1,,2026-08-23T13:02:50.089720+00:00
1017,XPLUSDT,1h,2026-04,kline:XPLUSDT:1h:2026-04,https://data.binance.vision/data/futures/um/monthly/klines/XPLUSDT/1h/XPLUSDT-1h-2026-04.zip,https://data.binance.vision/data/futures/um/monthly/klines/XPLUSDT/1h/XPLUSDT-1h-2026-04.zip.CHECKSUM,AVAILABLE,200,,bd167d7bc151e53f34830eb9e022c378002d6c7b900099e3b07e8431efc6d793,1,,2026-08-23T13:02:50.099128+00:00
1018,XPLUSDT,1h,2026-05,kline:XPLUSDT:1h:2026-05,https://data.binance.vision/data/futures/um/monthly/klines/XPLUSDT/1h/XPLUSDT-1h-2026-05.zip,https://data.binance.vision/data/futures/um/monthly/klines/XPLUSDT/1h/XPLUSDT-1h-2026-05.zip.CHECKSUM,AVAILABLE,200,,61af364d9ea3bf3420a3099d175eb63accf3c26c7530d3c345b687384f0fe5c1,1,,2026-08-23T13:02:50.098111+00:00
1019,XPLUSDT,1h,2026-06,kline:XPLUSDT:1h:2026-06,https://data.binance.vision/data/futures/um/monthly/klines/XPLUSDT/1h/XPLUSDT-1h-2026-06.zip,https://data.binance.vision/data/futures/um/monthly/klines/XPLUSDT/1h/XPLUSDT-1h-2026-06.zip.CHECKSUM,AVAILABLE,200,,3f6c429dd48395428411278b110a3dfba9696ae8ad49244722e52fc30e2a76b2,1,,2026-08-23T13:02:50.106646+00:00
1020,XPLUSDT,1h,2026-07,kline:XPLUSDT:1h:2026-07,https://data.binance.vision/data/futures/um/monthly/klines/XPLUSDT/1h/XPLUSDT-1h-2026-07.zip,https://data.binance.vision/data/futures/um/monthly/klines/XPLUSDT/1h/XPLUSDT-1h-2026-07.zip.CHECKSUM,AVAILABLE,200,,fe7e5d70e41db4bfa1e146d3f649bb50fd514cdfac008b483ce035f21c5a8c9a,1,,2026-08-23T13:02:50.146393+00:00
1021,XPLUSDT,15m,2026-04,kline:XPLUSDT:15m:2026-04,https://data.binance.vision/data/futures/um/monthly/klines/XPLUSDT/15m/XPLUSDT-15m-2026-04.zip,https://data.binance.vision/data/futures/um/monthly/klines/XPLUSDT/15m/XPLUSDT-15m-2026-04.zip.CHECKSUM,AVAILABLE,200,,7963021cd59e124a521475d33c7d5ed9bb0518f290a937f7fff96b9678b293dc,1,,2026-08-23T13:02:50.140765+00:00
1022,XPLUSDT,15m,2026-05,kline:XPLUSDT:15m:2026-05,https://data.binance.vision/data/futures/um/monthly/klines/XPLUSDT/15m/XPLUSDT-15m-2026-05.zip,https://data.binance.vision/data/futures/um/monthly/klines/XPLUSDT/15m/XPLUSDT-15m-2026-05.zip.CHECKSUM,AVAILABLE,200,,9f6e812316b3b6ac64e7d18677c709616fe2988aec84df37a8cb21ab5ac4a15a,1,,2026-08-23T13:02:50.153769+00:00
1023,XPLUSDT,15m,2026-06,kline:XPLUSDT:15m:2026-06,https://data.binance.vision/data/futures/um/monthly/klines/XPLUSDT/15m/XPLUSDT-15m-2026-06.zip,https://data.binance.vision/data/futures/um/monthly/klines/XPLUSDT/15m/XPLUSDT-15m-2026-06.zip.CHECKSUM,AVAILABLE,200,,ab393ac1eac0fe357f9c3b8b2b76b407504174b910bf8a8428ecb27a0beec60d,1,,2026-08-23T13:02:50.155682+00:00
1024,XPLUSDT,15m,2026-07,kline:XPLUSDT:15m:2026-07,https://data.binance.vision/data/futures/um/monthly/klines/XPLUSDT/15m/XPLUSDT-15m-2026-07.zip,https://data.binance.vision/data/futures/um/monthly/klines/XPLUSDT/15m/XPLUSDT-15m-2026-07.zip.CHECKSUM,AVAILABLE,200,,8d0e95db6e00f043669c467e622270f3ec6f56d29689260a2bc96ff14a134e07,1,,2026-08-23T13:02:50.145656+00:00
1025,XPLUSDT,5m,2026-04,kline:XPLUSDT:5m:2026-04,https://data.binance.vision/data/futures/um/monthly/klines/XPLUSDT/5m/XPLUSDT-5m-2026-04.zip,https://data.binance.vision/data/futures/um/monthly/klines/XPLUSDT/5m/XPLUSDT-5m-2026-04.zip.CHECKSUM,AVAILABLE,200,,1c3e292073a1620cf47f6518801965cfd8cc4bb5474bb09ad0856a82bf5992b8,1,,2026-08-23T13:02:50.151135+00:00
1026,XPLUSDT,5m,2026-05,kline:XPLUSDT:5m:2026-05,https://data.binance.vision/data/futures/um/monthly/klines/XPLUSDT/5m/XPLUSDT-5m-2026-05.zip,https://data.binance.vision/data/futures/um/monthly/klines/XPLUSDT/5m/XPLUSDT-5m-2026-05.zip.CHECKSUM,AVAILABLE,200,,8685f2b10e7b68743738d0e281ce8fee4887b88eb48389708c7b8d1d1529a139,1,,2026-08-23T13:02:50.163913+00:00
1027,XPLUSDT,5m,2026-06,kline:XPLUSDT:5m:2026-06,https://data.binance.vision/data/futures/um/monthly/klines/XPLUSDT/5m/XPLUSDT-5m-2026-06.zip,https://data.binance.vision/data/futures/um/monthly/klines/XPLUSDT/5m/XPLUSDT-5m-2026-06.zip.CHECKSUM,AVAILABLE,200,,112bd91bca5079e427c5efe24f642d56aad8364ff2372e200f19b40aecc799d6,1,,2026-08-23T13:02:50.169680+00:00
1028,XPLUSDT,5m,2026-07,kline:XPLUSDT:5m:2026-07,https://data.binance.vision/data/futures/um/monthly/klines/XPLUSDT/5m/XPLUSDT-5m-2026-07.zip,https://data.binance.vision/data/futures/um/monthly/klines/XPLUSDT/5m/XPLUSDT-5m-2026-07.zip.CHECKSUM,AVAILABLE,200,,ad18b0cb4170783937e410e977153c1b95e65aa9d1189abd29e41f75353761cd,1,,2026-08-23T13:02:50.526718+00:00
1029,XPLUSDT,1m,2026-04,kline:XPLUSDT:1m:2026-04,https://data.binance.vision/data/futures/um/monthly/klines/XPLUSDT/1m/XPLUSDT-1m-2026-04.zip,https://data.binance.vision/data/futures/um/monthly/klines/XPLUSDT/1m/XPLUSDT-1m-2026-04.zip.CHECKSUM,AVAILABLE,200,,c95fd31afa49d3bd51d1693afd41b04c888bb4720830c62a41ba58fd1f8bfbe8,1,,2026-08-23T13:02:50.534808+00:00
1030,XPLUSDT,1m,2026-05,kline:XPLUSDT:1m:2026-05,https://data.binance.vision/data/futures/um/monthly/klines/XPLUSDT/1m/XPLUSDT-1m-2026-05.zip,https://data.binance.vision/data/futures/um/monthly/klines/XPLUSDT/1m/XPLUSDT-1m-2026-05.zip.CHECKSUM,AVAILABLE,200,,23679f614e3a21b5fd8c48548a019244ea16a000ae428b5d1c406d081fa2c458,1,,2026-08-23T13:02:50.186288+00:00
1031,XPLUSDT,1m,2026-06,kline:XPLUSDT:1m:2026-06,https://data.binance.vision/data/futures/um/monthly/klines/XPLUSDT/1m/XPLUSDT-1m-2026-06.zip,https://data.binance.vision/data/futures/um/monthly/klines/XPLUSDT/1m/XPLUSDT-1m-2026-06.zip.CHECKSUM,AVAILABLE,200,,d27773c1a2f767057982082d43d85cae20a1d93602b773a0068a91d595e28659,1,,2026-08-23T13:02:50.212654+00:00
1032,XPLUSDT,1m,2026-07,kline:XPLUSDT:1m:2026-07,https://data.binance.vision/data/futures/um/monthly/klines/XPLUSDT/1m/XPLUSDT-1m-2026-07.zip,https://data.binance.vision/data/futures/um/monthly/klines/XPLUSDT/1m/XPLUSDT-1m-2026-07.zip.CHECKSUM,AVAILABLE,200,,e5ca2868446ee3c7f82d6c012caf9efb2b4681c70bc31366e33fba9b98377ba7,1,,2026-08-23T13:02:50.213274+00:00
1033,GALAUSDT,1d,2026-04,kline:GALAUSDT:1d:2026-04,https://data.binance.vision/data/futures/um/monthly/klines/GALAUSDT/1d/GALAUSDT-1d-2026-04.zip,https://data.binance.vision/data/futures/um/monthly/klines/GALAUSDT/1d/GALAUSDT-1d-2026-04.zip.CHECKSUM,AVAILABLE,200,,46021301ea119b74dd408ac0f33a9f60c8df027c650d80c7820f024335883839,1,,2026-08-23T13:02:50.236157+00:00
1034,GALAUSDT,1d,2026-05,kline:GALAUSDT:1d:2026-05,https://data.binance.vision/data/futures/um/monthly/klines/GALAUSDT/1d/GALAUSDT-1d-2026-05.zip,https://data.binance.vision/data/futures/um/monthly/klines/GALAUSDT/1d/GALAUSDT-1d-2026-05.zip.CHECKSUM,AVAILABLE,200,,ebd403f13aac3e12309c57d1318e0cd9a188898c90044b2da91de5ed76e4dc6c,1,,2026-08-23T13:02:50.240180+00:00
1035,GALAUSDT,1d,2026-06,kline:GALAUSDT:1d:2026-06,https://data.binance.vision/data/futures/um/monthly/klines/GALAUSDT/1d/GALAUSDT-1d-2026-06.zip,https://data.binance.vision/data/futures/um/monthly/klines/GALAUSDT/1d/GALAUSDT-1d-2026-06.zip.CHECKSUM,AVAILABLE,200,,5b8ba3b9655e3650dece1f2874b98077efb8d90d927ac610eaad4247f23ce51a,1,,2026-08-23T13:02:50.255303+00:00
1036,GALAUSDT,1d,2026-07,kline:GALAUSDT:1d:2026-07,https://data.binance.vision/data/futures/um/monthly/klines/GALAUSDT/1d/GALAUSDT-1d-2026-07.zip,https://data.binance.vision/data/futures/um/monthly/klines/GALAUSDT/1d/GALAUSDT-1d-2026-07.zip.CHECKSUM,AVAILABLE,200,,6f0b12e0657bc6621c9dffe54628be9dcc2408f8bbd5c59b7ab24c884711c1a1,1,,2026-08-23T13:02:50.249541+00:00
1037,GALAUSDT,4h,2026-04,kline:GALAUSDT:4h:2026-04,https://data.binance.vision/data/futures/um/monthly/klines/GALAUSDT/4h/GALAUSDT-4h-2026-04.zip,https://data.binance.vision/data/futures/um/monthly/klines/GALAUSDT/4h/GALAUSDT-4h-2026-04.zip.CHECKSUM,AVAILABLE,200,,ee0a445d13109adaa11a08925b31aee7772d6d918217847c8617aee78326cadf,1,,2026-08-23T13:02:50.255053+00:00
1038,GALAUSDT,4h,2026-05,kline:GALAUSDT:4h:2026-05,https://data.binance.vision/data/futures/um/monthly/klines/GALAUSDT/4h/GALAUSDT-4h-2026-05.zip,https://data.binance.vision/data/futures/um/monthly/klines/GALAUSDT/4h/GALAUSDT-4h-2026-05.zip.CHECKSUM,AVAILABLE,200,,c89856288cca0b50442500d7d6d863d6bed544c52e9f27a8c9e76c8c14850871,1,,2026-08-23T13:02:50.259680+00:00
1039,GALAUSDT,4h,2026-06,kline:GALAUSDT:4h:2026-06,https://data.binance.vision/data/futures/um/monthly/klines/GALAUSDT/4h/GALAUSDT-4h-2026-06.zip,https://data.binance.vision/data/futures/um/monthly/klines/GALAUSDT/4h/GALAUSDT-4h-2026-06.zip.CHECKSUM,AVAILABLE,200,,a7714a7d5e32c4498d503ddc4497968df5d70a5c60dac717a03b2c8668d03e10,1,,2026-08-23T13:02:50.263194+00:00
1040,GALAUSDT,4h,2026-07,kline:GALAUSDT:4h:2026-07,https://data.binance.vision/data/futures/um/monthly/klines/GALAUSDT/4h/GALAUSDT-4h-2026-07.zip,https://data.binance.vision/data/futures/um/monthly/klines/GALAUSDT/4h/GALAUSDT-4h-2026-07.zip.CHECKSUM,AVAILABLE,200,,0893570127659b7c1e48e629484c3f05aa9ea2bfc008e895d2e30d5943d4bbda,1,,2026-08-23T13:02:50.282067+00:00
1041,GALAUSDT,1h,2026-04,kline:GALAUSDT:1h:2026-04,https://data.binance.vision/data/futures/um/monthly/klines/GALAUSDT/1h/GALAUSDT-1h-2026-04.zip,https://data.binance.vision/data/futures/um/monthly/klines/GALAUSDT/1h/GALAUSDT-1h-2026-04.zip.CHECKSUM,AVAILABLE,200,,eaff7af0192ee581e5cfc4cbfd80e9f2afc0bed22b969466de6733f140799b97,1,,2026-08-23T13:02:50.276662+00:00
1042,GALAUSDT,1h,2026-05,kline:GALAUSDT:1h:2026-05,https://data.binance.vision/data/futures/um/monthly/klines/GALAUSDT/1h/GALAUSDT-1h-2026-05.zip,https://data.binance.vision/data/futures/um/monthly/klines/GALAUSDT/1h/GALAUSDT-1h-2026-05.zip.CHECKSUM,AVAILABLE,200,,3f541f6683c1f321c90521ca74b9db5c1fc13d726e543ef16f629e37993cd761,1,,2026-08-23T13:02:50.293658+00:00
1043,GALAUSDT,1h,2026-06,kline:GALAUSDT:1h:2026-06,https://data.binance.vision/data/futures/um/monthly/klines/GALAUSDT/1h/GALAUSDT-1h-2026-06.zip,https://data.binance.vision/data/futures/um/monthly/klines/GALAUSDT/1h/GALAUSDT-1h-2026-06.zip.CHECKSUM,AVAILABLE,200,,17fe3ef937437617db89ea2d65399ce1c1a20249b751a605d776e0d9c91ef0fd,1,,2026-08-23T13:02:50.303833+00:00
1044,GALAUSDT,1h,2026-07,kline:GALAUSDT:1h:2026-07,https://data.binance.vision/data/futures/um/monthly/klines/GALAUSDT/1h/GALAUSDT-1h-2026-07.zip,https://data.binance.vision/data/futures/um/monthly/klines/GALAUSDT/1h/GALAUSDT-1h-2026-07.zip.CHECKSUM,AVAILABLE,200,,e799e66c59def1f50ec1731982850db615e43d3bf4d21020f09b512c61a4f376,1,,2026-08-23T13:02:50.304474+00:00
1045,GALAUSDT,15m,2026-04,kline:GALAUSDT:15m:2026-04,https://data.binance.vision/data/futures/um/monthly/klines/GALAUSDT/15m/GALAUSDT-15m-2026-04.zip,https://data.binance.vision/data/futures/um/monthly/klines/GALAUSDT/15m/GALAUSDT-15m-2026-04.zip.CHECKSUM,AVAILABLE,200,,cd88088088d3e4895ed5be3358fd96214c8c76d98b9607a540a4c2bec94a3ccf,1,,2026-08-23T13:02:50.306613+00:00
1046,GALAUSDT,15m,2026-05,kline:GALAUSDT:15m:2026-05,https://data.binance.vision/data/futures/um/monthly/klines/GALAUSDT/15m/GALAUSDT-15m-2026-05.zip,https://data.binance.vision/data/futures/um/monthly/klines/GALAUSDT/15m/GALAUSDT-15m-2026-05.zip.CHECKSUM,AVAILABLE,200,,7b1bd007e8128692c1e69ddeb00968dc6e480532d4196cde3a35c5af059de8ce,1,,2026-08-23T13:02:50.312514+00:00
1047,GALAUSDT,15m,2026-06,kline:GALAUSDT:15m:2026-06,https://data.binance.vision/data/futures/um/monthly/klines/GALAUSDT/15m/GALAUSDT-15m-2026-06.zip,https://data.binance.vision/data/futures/um/monthly/klines/GALAUSDT/15m/GALAUSDT-15m-2026-06.zip.CHECKSUM,AVAILABLE,200,,d444678c904fe5b4cede505384fb465b9107f52f5c0bcd09d55f39b14246a2e7,1,,2026-08-23T13:02:50.312945+00:00
1048,GALAUSDT,15m,2026-07,kline:GALAUSDT:15m:2026-07,https://data.binance.vision/data/futures/um/monthly/klines/GALAUSDT/15m/GALAUSDT-15m-2026-07.zip,https://data.binance.vision/data/futures/um/monthly/klines/GALAUSDT/15m/GALAUSDT-15m-2026-07.zip.CHECKSUM,AVAILABLE,200,,81b1f2f18450653926cf6d9737936545669ae2385cda366b1c91493c459c6c14,1,,2026-08-23T13:02:50.689524+00:00
1049,GALAUSDT,5m,2026-04,kline:GALAUSDT:5m:2026-04,https://data.binance.vision/data/futures/um/monthly/klines/GALAUSDT/5m/GALAUSDT-5m-2026-04.zip,https://data.binance.vision/data/futures/um/monthly/klines/GALAUSDT/5m/GALAUSDT-5m-2026-04.zip.CHECKSUM,AVAILABLE,200,,63449351eb95f0ac2c59e5a2a13e6b7999b5c75ce06817240faad7af52cfa062,1,,2026-08-23T13:02:50.345040+00:00
1050,GALAUSDT,5m,2026-05,kline:GALAUSDT:5m:2026-05,https://data.binance.vision/data/futures/um/monthly/klines/GALAUSDT/5m/GALAUSDT-5m-2026-05.zip,https://data.binance.vision/data/futures/um/monthly/klines/GALAUSDT/5m/GALAUSDT-5m-2026-05.zip.CHECKSUM,AVAILABLE,200,,d9b61c4c384b1a25a1fbfbabf2152896cb82ad0fc69dbe57c168389d4b0345ac,1,,2026-08-23T13:02:50.346508+00:00
1051,GALAUSDT,5m,2026-06,kline:GALAUSDT:5m:2026-06,https://data.binance.vision/data/futures/um/monthly/klines/GALAUSDT/5m/GALAUSDT-5m-2026-06.zip,https://data.binance.vision/data/futures/um/monthly/klines/GALAUSDT/5m/GALAUSDT-5m-2026-06.zip.CHECKSUM,AVAILABLE,200,,e69a98865bf19e0b64d25301a8baef4b478102bc695141d9a2194ebc18cfe4d5,1,,2026-08-23T13:02:50.349825+00:00
1052,GALAUSDT,5m,2026-07,kline:GALAUSDT:5m:2026-07,https://data.binance.vision/data/futures/um/monthly/klines/GALAUSDT/5m/GALAUSDT-5m-2026-07.zip,https://data.binance.vision/data/futures/um/monthly/klines/GALAUSDT/5m/GALAUSDT-5m-2026-07.zip.CHECKSUM,AVAILABLE,200,,4b2bc9bf8ceeaaf788bdb55f4326edf92604b06ea7e3be46a092da51cdf3c199,1,,2026-08-23T13:02:50.352157+00:00
1053,GALAUSDT,1m,2026-04,kline:GALAUSDT:1m:2026-04,https://data.binance.vision/data/futures/um/monthly/klines/GALAUSDT/1m/GALAUSDT-1m-2026-04.zip,https://data.binance.vision/data/futures/um/monthly/klines/GALAUSDT/1m/GALAUSDT-1m-2026-04.zip.CHECKSUM,AVAILABLE,200,,7bdb88839bdb89c7544f122fdad965e8bd58eb49f8899cf98d5ac1e41b64491e,1,,2026-08-23T13:02:50.353336+00:00
1054,GALAUSDT,1m,2026-05,kline:GALAUSDT:1m:2026-05,https://data.binance.vision/data/futures/um/monthly/klines/GALAUSDT/1m/GALAUSDT-1m-2026-05.zip,https://data.binance.vision/data/futures/um/monthly/klines/GALAUSDT/1m/GALAUSDT-1m-2026-05.zip.CHECKSUM,AVAILABLE,200,,488dd7b3ad2f82629a308f33da2fd15dae69a29e2c707880b2bc9c35b39ec2d0,1,,2026-08-23T13:02:50.364405+00:00
1055,GALAUSDT,1m,2026-06,kline:GALAUSDT:1m:2026-06,https://data.binance.vision/data/futures/um/monthly/klines/GALAUSDT/1m/GALAUSDT-1m-2026-06.zip,https://data.binance.vision/data/futures/um/monthly/klines/GALAUSDT/1m/GALAUSDT-1m-2026-06.zip.CHECKSUM,AVAILABLE,200,,a84825e41e6adce62cdbc0f7037c75bd49574f262b5b83592ad0a718b44a1313,1,,2026-08-23T13:02:50.373577+00:00
1056,GALAUSDT,1m,2026-07,kline:GALAUSDT:1m:2026-07,https://data.binance.vision/data/futures/um/monthly/klines/GALAUSDT/1m/GALAUSDT-1m-2026-07.zip,https://data.binance.vision/data/futures/um/monthly/klines/GALAUSDT/1m/GALAUSDT-1m-2026-07.zip.CHECKSUM,AVAILABLE,200,,bfbd93299f4754f8f2630161fa096abdbbbadc808ca62ac03b452c77d9f97abc,1,,2026-08-23T13:02:50.362655+00:00
1057,ONTUSDT,1d,2026-04,kline:ONTUSDT:1d:2026-04,https://data.binance.vision/data/futures/um/monthly/klines/ONTUSDT/1d/ONTUSDT-1d-2026-04.zip,https://data.binance.vision/data/futures/um/monthly/klines/ONTUSDT/1d/ONTUSDT-1d-2026-04.zip.CHECKSUM,AVAILABLE,200,,d7747d24d12a60a09f7c5d89381940a2461d13001da072032ac82256aece5ece,1,,2026-08-23T13:02:50.611528+00:00
1058,ONTUSDT,1d,2026-05,kline:ONTUSDT:1d:2026-05,https://data.binance.vision/data/futures/um/monthly/klines/ONTUSDT/1d/ONTUSDT-1d-2026-05.zip,https://data.binance.vision/data/futures/um/monthly/klines/ONTUSDT/1d/ONTUSDT-1d-2026-05.zip.CHECKSUM,AVAILABLE,200,,b207cd9f71eeec3fd80de3c587b03de104cb1fe725ce45e2faea4ae3d52027db,1,,2026-08-23T13:02:50.380624+00:00
1059,ONTUSDT,1d,2026-06,kline:ONTUSDT:1d:2026-06,https://data.binance.vision/data/futures/um/monthly/klines/ONTUSDT/1d/ONTUSDT-1d-2026-06.zip,https://data.binance.vision/data/futures/um/monthly/klines/ONTUSDT/1d/ONTUSDT-1d-2026-06.zip.CHECKSUM,AVAILABLE,200,,c2e73070217297d4651b750037c2592ded82b7f9efb603901bbe5d50803a81bc,1,,2026-08-23T13:02:50.381673+00:00
1060,ONTUSDT,1d,2026-07,kline:ONTUSDT:1d:2026-07,https://data.binance.vision/data/futures/um/monthly/klines/ONTUSDT/1d/ONTUSDT-1d-2026-07.zip,https://data.binance.vision/data/futures/um/monthly/klines/ONTUSDT/1d/ONTUSDT-1d-2026-07.zip.CHECKSUM,AVAILABLE,200,,fd2f57718b4de8da190d89e8657196c4e87d67ba765e2effa59957100c484e8b,1,,2026-08-23T13:02:50.399427+00:00
1061,ONTUSDT,4h,2026-04,kline:ONTUSDT:4h:2026-04,https://data.binance.vision/data/futures/um/monthly/klines/ONTUSDT/4h/ONTUSDT-4h-2026-04.zip,https://data.binance.vision/data/futures/um/monthly/klines/ONTUSDT/4h/ONTUSDT-4h-2026-04.zip.CHECKSUM,AVAILABLE,200,,82e575a1f12a0ab84f12d55cab7f798da2925a8e6472d2300c811de31244e192,1,,2026-08-23T13:02:50.418642+00:00
1062,ONTUSDT,4h,2026-05,kline:ONTUSDT:4h:2026-05,https://data.binance.vision/data/futures/um/monthly/klines/ONTUSDT/4h/ONTUSDT-4h-2026-05.zip,https://data.binance.vision/data/futures/um/monthly/klines/ONTUSDT/4h/ONTUSDT-4h-2026-05.zip.CHECKSUM,AVAILABLE,200,,16c813513071ccf66b4c061099a96d33e71e72b2423d60a58f63e0c0b69564ae,1,,2026-08-23T13:02:50.415647+00:00
1063,ONTUSDT,4h,2026-06,kline:ONTUSDT:4h:2026-06,https://data.binance.vision/data/futures/um/monthly/klines/ONTUSDT/4h/ONTUSDT-4h-2026-06.zip,https://data.binance.vision/data/futures/um/monthly/klines/ONTUSDT/4h/ONTUSDT-4h-2026-06.zip.CHECKSUM,AVAILABLE,200,,ffcbbe8e8b55d88f1466f6b4ac8a0d6241d2fd48c250bd6e88fa0d2a82482fa3,1,,2026-08-23T13:02:50.441589+00:00
1064,ONTUSDT,4h,2026-07,kline:ONTUSDT:4h:2026-07,https://data.binance.vision/data/futures/um/monthly/klines/ONTUSDT/4h/ONTUSDT-4h-2026-07.zip,https://data.binance.vision/data/futures/um/monthly/klines/ONTUSDT/4h/ONTUSDT-4h-2026-07.zip.CHECKSUM,AVAILABLE,200,,7405304ef8605f683b7edd842cdc929bf878977820dfe54f47a0597e8ddfa694,1,,2026-08-23T13:02:50.439005+00:00
1065,ONTUSDT,1h,2026-04,kline:ONTUSDT:1h:2026-04,https://data.binance.vision/data/futures/um/monthly/klines/ONTUSDT/1h/ONTUSDT-1h-2026-04.zip,https://data.binance.vision/data/futures/um/monthly/klines/ONTUSDT/1h/ONTUSDT-1h-2026-04.zip.CHECKSUM,AVAILABLE,200,,11978dea7a5c0e01c4c693ad5d22235557c43158746a70d10ba24b4427ebb97e,1,,2026-08-23T13:02:50.453508+00:00
1066,ONTUSDT,1h,2026-05,kline:ONTUSDT:1h:2026-05,https://data.binance.vision/data/futures/um/monthly/klines/ONTUSDT/1h/ONTUSDT-1h-2026-05.zip,https://data.binance.vision/data/futures/um/monthly/klines/ONTUSDT/1h/ONTUSDT-1h-2026-05.zip.CHECKSUM,AVAILABLE,200,,87181934c4a16445a2cd91fcb0fc7b4d4b6919c49924ae990453650e11b22f29,1,,2026-08-23T13:02:50.799714+00:00
1067,ONTUSDT,1h,2026-06,kline:ONTUSDT:1h:2026-06,https://data.binance.vision/data/futures/um/monthly/klines/ONTUSDT/1h/ONTUSDT-1h-2026-06.zip,https://data.binance.vision/data/futures/um/monthly/klines/ONTUSDT/1h/ONTUSDT-1h-2026-06.zip.CHECKSUM,AVAILABLE,200,,b7611bab8595047351adaa005617bfdc932528a135886d9459768cd55695a831,1,,2026-08-23T13:02:50.461156+00:00
1068,ONTUSDT,1h,2026-07,kline:ONTUSDT:1h:2026-07,https://data.binance.vision/data/futures/um/monthly/klines/ONTUSDT/1h/ONTUSDT-1h-2026-07.zip,https://data.binance.vision/data/futures/um/monthly/klines/ONTUSDT/1h/ONTUSDT-1h-2026-07.zip.CHECKSUM,AVAILABLE,200,,b25fc64a01865cea5e3726206da2abc22e88099015b0bf66a201d9d20beedcbe,1,,2026-08-23T13:02:50.464738+00:00
1069,ONTUSDT,15m,2026-04,kline:ONTUSDT:15m:2026-04,https://data.binance.vision/data/futures/um/monthly/klines/ONTUSDT/15m/ONTUSDT-15m-2026-04.zip,https://data.binance.vision/data/futures/um/monthly/klines/ONTUSDT/15m/ONTUSDT-15m-2026-04.zip.CHECKSUM,AVAILABLE,200,,39dbde05abf2e2f4019064b3c7bb672478ffe75ffb76bd8bbbd3787e47259677,1,,2026-08-23T13:02:50.464949+00:00
1070,ONTUSDT,15m,2026-05,kline:ONTUSDT:15m:2026-05,https://data.binance.vision/data/futures/um/monthly/klines/ONTUSDT/15m/ONTUSDT-15m-2026-05.zip,https://data.binance.vision/data/futures/um/monthly/klines/ONTUSDT/15m/ONTUSDT-15m-2026-05.zip.CHECKSUM,AVAILABLE,200,,fd93db91faba3c1485f9b72e5917017fe77ca001747cdfef298259b6986e9856,1,,2026-08-23T13:02:50.483769+00:00
1071,ONTUSDT,15m,2026-06,kline:ONTUSDT:15m:2026-06,https://data.binance.vision/data/futures/um/monthly/klines/ONTUSDT/15m/ONTUSDT-15m-2026-06.zip,https://data.binance.vision/data/futures/um/monthly/klines/ONTUSDT/15m/ONTUSDT-15m-2026-06.zip.CHECKSUM,AVAILABLE,200,,d5708b74837971b597cb55062bc0325029009bbfa28d176c4754a90e7074dbbf,1,,2026-08-23T13:02:50.486902+00:00
1072,ONTUSDT,15m,2026-07,kline:ONTUSDT:15m:2026-07,https://data.binance.vision/data/futures/um/monthly/klines/ONTUSDT/15m/ONTUSDT-15m-2026-07.zip,https://data.binance.vision/data/futures/um/monthly/klines/ONTUSDT/15m/ONTUSDT-15m-2026-07.zip.CHECKSUM,AVAILABLE,200,,522c9c4bb437c8e609539effe0e1a1488bbb89bc9fd703d6918302f62268a76c,1,,2026-08-23T13:02:50.497027+00:00
1073,ONTUSDT,5m,2026-04,kline:ONTUSDT:5m:2026-04,https://data.binance.vision/data/futures/um/monthly/klines/ONTUSDT/5m/ONTUSDT-5m-2026-04.zip,https://data.binance.vision/data/futures/um/monthly/klines/ONTUSDT/5m/ONTUSDT-5m-2026-04.zip.CHECKSUM,AVAILABLE,200,,a8369f7d759c94e9fef1ff786e906d20789be3391e6c75959a7a592404d0d06e,1,,2026-08-23T13:02:50.509446+00:00
1074,ONTUSDT,5m,2026-05,kline:ONTUSDT:5m:2026-05,https://data.binance.vision/data/futures/um/monthly/klines/ONTUSDT/5m/ONTUSDT-5m-2026-05.zip,https://data.binance.vision/data/futures/um/monthly/klines/ONTUSDT/5m/ONTUSDT-5m-2026-05.zip.CHECKSUM,AVAILABLE,200,,505b3f93269b5931e03b51ad8718534757f4912b674ba895854d176bad4ebc49,1,,2026-08-23T13:02:50.506133+00:00
1075,ONTUSDT,5m,2026-06,kline:ONTUSDT:5m:2026-06,https://data.binance.vision/data/futures/um/monthly/klines/ONTUSDT/5m/ONTUSDT-5m-2026-06.zip,https://data.binance.vision/data/futures/um/monthly/klines/ONTUSDT/5m/ONTUSDT-5m-2026-06.zip.CHECKSUM,AVAILABLE,200,,dee4d6d422928ff21a86f0493eead36a5f3776721b433ea8bb59dbd24ee39ecf,1,,2026-08-23T13:02:50.514944+00:00
1076,ONTUSDT,5m,2026-07,kline:ONTUSDT:5m:2026-07,https://data.binance.vision/data/futures/um/monthly/klines/ONTUSDT/5m/ONTUSDT-5m-2026-07.zip,https://data.binance.vision/data/futures/um/monthly/klines/ONTUSDT/5m/ONTUSDT-5m-2026-07.zip.CHECKSUM,AVAILABLE,200,,b08f93230e4852fb0f5c74907b301065c794b822777cf2c324c665b763f38176,1,,2026-08-23T13:02:50.521350+00:00
1077,ONTUSDT,1m,2026-04,kline:ONTUSDT:1m:2026-04,https://data.binance.vision/data/futures/um/monthly/klines/ONTUSDT/1m/ONTUSDT-1m-2026-04.zip,https://data.binance.vision/data/futures/um/monthly/klines/ONTUSDT/1m/ONTUSDT-1m-2026-04.zip.CHECKSUM,AVAILABLE,200,,66ae918e452de4e9beb3919886b2007060a20a2b53d5ba182910f445aabddf10,1,,2026-08-23T13:02:50.514480+00:00
1078,ONTUSDT,1m,2026-05,kline:ONTUSDT:1m:2026-05,https://data.binance.vision/data/futures/um/monthly/klines/ONTUSDT/1m/ONTUSDT-1m-2026-05.zip,https://data.binance.vision/data/futures/um/monthly/klines/ONTUSDT/1m/ONTUSDT-1m-2026-05.zip.CHECKSUM,AVAILABLE,200,,de66c6cd7ded2f9a1cb41ebc50ef2c0327b08e1ba305b8c20bb9e93e6cf4e819,1,,2026-08-23T13:02:50.545419+00:00
1079,ONTUSDT,1m,2026-06,kline:ONTUSDT:1m:2026-06,https://data.binance.vision/data/futures/um/monthly/klines/ONTUSDT/1m/ONTUSDT-1m-2026-06.zip,https://data.binance.vision/data/futures/um/monthly/klines/ONTUSDT/1m/ONTUSDT-1m-2026-06.zip.CHECKSUM,AVAILABLE,200,,f1eac1cdb6904d8bdee665933eaeca7ab6f2bf0c31a931d59776fa2f01f3c199,1,,2026-08-23T13:02:50.552533+00:00
1080,ONTUSDT,1m,2026-07,kline:ONTUSDT:1m:2026-07,https://data.binance.vision/data/futures/um/monthly/klines/ONTUSDT/1m/ONTUSDT-1m-2026-07.zip,https://data.binance.vision/data/futures/um/monthly/klines/ONTUSDT/1m/ONTUSDT-1m-2026-07.zip.CHECKSUM,AVAILABLE,200,,277683c58dd1be19320c9a3c96b6f035a8a9f81175d9d5a47dfbbb4c72a22b50,1,,2026-08-23T13:02:50.554754+00:00
1081,FARTCOINUSDT,1d,2026-04,kline:FARTCOINUSDT:1d:2026-04,https://data.binance.vision/data/futures/um/monthly/klines/FARTCOINUSDT/1d/FARTCOINUSDT-1d-2026-04.zip,https://data.binance.vision/data/futures/um/monthly/klines/FARTCOINUSDT/1d/FARTCOINUSDT-1d-2026-04.zip.CHECKSUM,AVAILABLE,200,,8eb56988988c61016291948086fcd6b2110f9d1f3962faf22702c9f7cb575468,1,,2026-08-23T13:02:50.736403+00:00
1082,FARTCOINUSDT,1d,2026-05,kline:FARTCOINUSDT:1d:2026-05,https://data.binance.vision/data/futures/um/monthly/klines/FARTCOINUSDT/1d/FARTCOINUSDT-1d-2026-05.zip,https://data.binance.vision/data/futures/um/monthly/klines/FARTCOINUSDT/1d/FARTCOINUSDT-1d-2026-05.zip.CHECKSUM,AVAILABLE,200,,40e379039b1874a4136584ad969ae349d8d974aeb16a465ff7ebe2fe4aa9a24d,1,,2026-08-23T13:02:50.558998+00:00
1083,FARTCOINUSDT,1d,2026-06,kline:FARTCOINUSDT:1d:2026-06,https://data.binance.vision/data/futures/um/monthly/klines/FARTCOINUSDT/1d/FARTCOINUSDT-1d-2026-06.zip,https://data.binance.vision/data/futures/um/monthly/klines/FARTCOINUSDT/1d/FARTCOINUSDT-1d-2026-06.zip.CHECKSUM,AVAILABLE,200,,4061f9471911103b7fb0a01a66813b94a982086c35e3c06c86881bfd753a1d9b,1,,2026-08-23T13:02:50.565660+00:00
1084,FARTCOINUSDT,1d,2026-07,kline:FARTCOINUSDT:1d:2026-07,https://data.binance.vision/data/futures/um/monthly/klines/FARTCOINUSDT/1d/FARTCOINUSDT-1d-2026-07.zip,https://data.binance.vision/data/futures/um/monthly/klines/FARTCOINUSDT/1d/FARTCOINUSDT-1d-2026-07.zip.CHECKSUM,AVAILABLE,200,,47a60cebfa29fd35b57ad6645907e92ca3e26e4b0eee0a9af6f9e274d1f33aaa,1,,2026-08-23T13:02:50.570079+00:00
1085,FARTCOINUSDT,4h,2026-04,kline:FARTCOINUSDT:4h:2026-04,https://data.binance.vision/data/futures/um/monthly/klines/FARTCOINUSDT/4h/FARTCOINUSDT-4h-2026-04.zip,https://data.binance.vision/data/futures/um/monthly/klines/FARTCOINUSDT/4h/FARTCOINUSDT-4h-2026-04.zip.CHECKSUM,AVAILABLE,200,,77935c387612fa22878f85552877ec880d39bfd8af50da13a2cb28b297478d15,1,,2026-08-23T13:02:50.892676+00:00
1086,FARTCOINUSDT,4h,2026-05,kline:FARTCOINUSDT:4h:2026-05,https://data.binance.vision/data/futures/um/monthly/klines/FARTCOINUSDT/4h/FARTCOINUSDT-4h-2026-05.zip,https://data.binance.vision/data/futures/um/monthly/klines/FARTCOINUSDT/4h/FARTCOINUSDT-4h-2026-05.zip.CHECKSUM,AVAILABLE,200,,bb711074bbb7a77ef9bd71a4934b409e2256e9efd29f1a7d5404b27d1496b5ab,1,,2026-08-23T13:02:50.591055+00:00
1087,FARTCOINUSDT,4h,2026-06,kline:FARTCOINUSDT:4h:2026-06,https://data.binance.vision/data/futures/um/monthly/klines/FARTCOINUSDT/4h/FARTCOINUSDT-4h-2026-06.zip,https://data.binance.vision/data/futures/um/monthly/klines/FARTCOINUSDT/4h/FARTCOINUSDT-4h-2026-06.zip.CHECKSUM,AVAILABLE,200,,73463529d4bcb7ac0f00ec6429a1d1d773c05e3692c36c9942405d7971b9e235,1,,2026-08-23T13:02:50.587333+00:00
1088,FARTCOINUSDT,4h,2026-07,kline:FARTCOINUSDT:4h:2026-07,https://data.binance.vision/data/futures/um/monthly/klines/FARTCOINUSDT/4h/FARTCOINUSDT-4h-2026-07.zip,https://data.binance.vision/data/futures/um/monthly/klines/FARTCOINUSDT/4h/FARTCOINUSDT-4h-2026-07.zip.CHECKSUM,AVAILABLE,200,,69806fbcc00f2e364910bccee7206cbf54d6396d3b7dd9cf4d32e02654004531,1,,2026-08-23T13:02:50.598750+00:00
1089,FARTCOINUSDT,1h,2026-04,kline:FARTCOINUSDT:1h:2026-04,https://data.binance.vision/data/futures/um/monthly/klines/FARTCOINUSDT/1h/FARTCOINUSDT-1h-2026-04.zip,https://data.binance.vision/data/futures/um/monthly/klines/FARTCOINUSDT/1h/FARTCOINUSDT-1h-2026-04.zip.CHECKSUM,AVAILABLE,200,,ffb3ec7ef1be64e21ae81153a39a427c3dad82b2299c911233936a194574b809,1,,2026-08-23T13:02:50.620234+00:00
1090,FARTCOINUSDT,1h,2026-05,kline:FARTCOINUSDT:1h:2026-05,https://data.binance.vision/data/futures/um/monthly/klines/FARTCOINUSDT/1h/FARTCOINUSDT-1h-2026-05.zip,https://data.binance.vision/data/futures/um/monthly/klines/FARTCOINUSDT/1h/FARTCOINUSDT-1h-2026-05.zip.CHECKSUM,AVAILABLE,200,,b3b76ffe584535b65b95f3e4b58002623f9d717b5ab16e541991958f9b4a040a,1,,2026-08-23T13:02:50.971110+00:00
1091,FARTCOINUSDT,1h,2026-06,kline:FARTCOINUSDT:1h:2026-06,https://data.binance.vision/data/futures/um/monthly/klines/FARTCOINUSDT/1h/FARTCOINUSDT-1h-2026-06.zip,https://data.binance.vision/data/futures/um/monthly/klines/FARTCOINUSDT/1h/FARTCOINUSDT-1h-2026-06.zip.CHECKSUM,AVAILABLE,200,,2c40771753cb1d26156cd8d3532744b65bf4dc521388830d7c06b4cd4e66e59b,1,,2026-08-23T13:02:50.640120+00:00
1092,FARTCOINUSDT,1h,2026-07,kline:FARTCOINUSDT:1h:2026-07,https://data.binance.vision/data/futures/um/monthly/klines/FARTCOINUSDT/1h/FARTCOINUSDT-1h-2026-07.zip,https://data.binance.vision/data/futures/um/monthly/klines/FARTCOINUSDT/1h/FARTCOINUSDT-1h-2026-07.zip.CHECKSUM,AVAILABLE,200,,083701ba164412785a13c5e281cfbc9a9a26b146c268a65668204ec10aca801c,1,,2026-08-23T13:02:50.644507+00:00
1093,FARTCOINUSDT,15m,2026-04,kline:FARTCOINUSDT:15m:2026-04,https://data.binance.vision/data/futures/um/monthly/klines/FARTCOINUSDT/15m/FARTCOINUSDT-15m-2026-04.zip,https://data.binance.vision/data/futures/um/monthly/klines/FARTCOINUSDT/15m/FARTCOINUSDT-15m-2026-04.zip.CHECKSUM,AVAILABLE,200,,0ee477be939ed49d91fb63f0829270da52f01187e04079e595c9d9338cb2b21b,1,,2026-08-23T13:02:50.655457+00:00
1094,FARTCOINUSDT,15m,2026-05,kline:FARTCOINUSDT:15m:2026-05,https://data.binance.vision/data/futures/um/monthly/klines/FARTCOINUSDT/15m/FARTCOINUSDT-15m-2026-05.zip,https://data.binance.vision/data/futures/um/monthly/klines/FARTCOINUSDT/15m/FARTCOINUSDT-15m-2026-05.zip.CHECKSUM,AVAILABLE,200,,c3a984c4a64878792670df53b253e4cbc46bd57cc8fdc54cc61644724eff2f16,1,,2026-08-23T13:02:50.698494+00:00
1095,FARTCOINUSDT,15m,2026-06,kline:FARTCOINUSDT:15m:2026-06,https://data.binance.vision/data/futures/um/monthly/klines/FARTCOINUSDT/15m/FARTCOINUSDT-15m-2026-06.zip,https://data.binance.vision/data/futures/um/monthly/klines/FARTCOINUSDT/15m/FARTCOINUSDT-15m-2026-06.zip.CHECKSUM,AVAILABLE,200,,c0e2d87e917383a4b6ee9d5443bf97ad5cf71b2656009407bd1c2526a934c42b,1,,2026-08-23T13:02:50.673474+00:00
1096,FARTCOINUSDT,15m,2026-07,kline:FARTCOINUSDT:15m:2026-07,https://data.binance.vision/data/futures/um/monthly/klines/FARTCOINUSDT/15m/FARTCOINUSDT-15m-2026-07.zip,https://data.binance.vision/data/futures/um/monthly/klines/FARTCOINUSDT/15m/FARTCOINUSDT-15m-2026-07.zip.CHECKSUM,AVAILABLE,200,,1f2bd5bb54ebc4197df637e173723a0bddde262163f94217f3ee08d87ceb8b0e,1,,2026-08-23T13:02:50.670302+00:00
1097,FARTCOINUSDT,5m,2026-04,kline:FARTCOINUSDT:5m:2026-04,https://data.binance.vision/data/futures/um/monthly/klines/FARTCOINUSDT/5m/FARTCOINUSDT-5m-2026-04.zip,https://data.binance.vision/data/futures/um/monthly/klines/FARTCOINUSDT/5m/FARTCOINUSDT-5m-2026-04.zip.CHECKSUM,AVAILABLE,200,,eb6464d9c288b618a91e07f0c1c9d4a325d55d1fe6cb83236ca26b6d7c4ba643,1,,2026-08-23T13:02:50.682996+00:00
1098,FARTCOINUSDT,5m,2026-05,kline:FARTCOINUSDT:5m:2026-05,https://data.binance.vision/data/futures/um/monthly/klines/FARTCOINUSDT/5m/FARTCOINUSDT-5m-2026-05.zip,https://data.binance.vision/data/futures/um/monthly/klines/FARTCOINUSDT/5m/FARTCOINUSDT-5m-2026-05.zip.CHECKSUM,AVAILABLE,200,,3080ef2b2c3b68f6f16aff16666f32d5d706b7c82afd4358daa440769aa1cf7c,1,,2026-08-23T13:02:50.925463+00:00
1099,FARTCOINUSDT,5m,2026-06,kline:FARTCOINUSDT:5m:2026-06,https://data.binance.vision/data/futures/um/monthly/klines/FARTCOINUSDT/5m/FARTCOINUSDT-5m-2026-06.zip,https://data.binance.vision/data/futures/um/monthly/klines/FARTCOINUSDT/5m/FARTCOINUSDT-5m-2026-06.zip.CHECKSUM,AVAILABLE,200,,b2e24a138fe3a825dfe4ed3ad946f776b4d51503e377c9e34a428beae90940cb,1,,2026-08-23T13:02:50.704379+00:00
1100,FARTCOINUSDT,5m,2026-07,kline:FARTCOINUSDT:5m:2026-07,https://data.binance.vision/data/futures/um/monthly/klines/FARTCOINUSDT/5m/FARTCOINUSDT-5m-2026-07.zip,https://data.binance.vision/data/futures/um/monthly/klines/FARTCOINUSDT/5m/FARTCOINUSDT-5m-2026-07.zip.CHECKSUM,AVAILABLE,200,,37d42e5aeae81fb85b0071bec549188cf02e0159a70dd5eb94e18fe92cc37719,1,,2026-08-23T13:02:50.926415+00:00
1101,FARTCOINUSDT,1m,2026-04,kline:FARTCOINUSDT:1m:2026-04,https://data.binance.vision/data/futures/um/monthly/klines/FARTCOINUSDT/1m/FARTCOINUSDT-1m-2026-04.zip,https://data.binance.vision/data/futures/um/monthly/klines/FARTCOINUSDT/1m/FARTCOINUSDT-1m-2026-04.zip.CHECKSUM,AVAILABLE,200,,0756660678dec0e4056c09fd39c0a36923aa9cd6f59e5cec9410f3fc6f617cb5,1,,2026-08-23T13:02:50.714331+00:00
1102,FARTCOINUSDT,1m,2026-05,kline:FARTCOINUSDT:1m:2026-05,https://data.binance.vision/data/futures/um/monthly/klines/FARTCOINUSDT/1m/FARTCOINUSDT-1m-2026-05.zip,https://data.binance.vision/data/futures/um/monthly/klines/FARTCOINUSDT/1m/FARTCOINUSDT-1m-2026-05.zip.CHECKSUM,AVAILABLE,200,,8e86607028eafa12ab382779ebf63b88c7f1207196ef8faae85830e0df9ed807,1,,2026-08-23T13:02:50.718245+00:00
1103,FARTCOINUSDT,1m,2026-06,kline:FARTCOINUSDT:1m:2026-06,https://data.binance.vision/data/futures/um/monthly/klines/FARTCOINUSDT/1m/FARTCOINUSDT-1m-2026-06.zip,https://data.binance.vision/data/futures/um/monthly/klines/FARTCOINUSDT/1m/FARTCOINUSDT-1m-2026-06.zip.CHECKSUM,AVAILABLE,200,,59f7a80a4dd9246b5746665a13be54de956046054e1de425bb7967042098301c,1,,2026-08-23T13:02:50.717137+00:00
1104,FARTCOINUSDT,1m,2026-07,kline:FARTCOINUSDT:1m:2026-07,https://data.binance.vision/data/futures/um/monthly/klines/FARTCOINUSDT/1m/FARTCOINUSDT-1m-2026-07.zip,https://data.binance.vision/data/futures/um/monthly/klines/FARTCOINUSDT/1m/FARTCOINUSDT-1m-2026-07.zip.CHECKSUM,AVAILABLE,200,,6eccd89d8c3618448d40fabf5ec82278bfff627caafa1b702e5d00eb5d436da4,1,,2026-08-23T13:02:50.720445+00:00
1105,FETUSDT,1d,2026-04,kline:FETUSDT:1d:2026-04,https://data.binance.vision/data/futures/um/monthly/klines/FETUSDT/1d/FETUSDT-1d-2026-04.zip,https://data.binance.vision/data/futures/um/monthly/klines/FETUSDT/1d/FETUSDT-1d-2026-04.zip.CHECKSUM,AVAILABLE,200,,867054e66b6b30a9ef33d82d932255ea031f7ef8884af676a38af9a8446ee5fb,1,,2026-08-23T13:02:50.732445+00:00
1106,FETUSDT,1d,2026-05,kline:FETUSDT:1d:2026-05,https://data.binance.vision/data/futures/um/monthly/klines/FETUSDT/1d/FETUSDT-1d-2026-05.zip,https://data.binance.vision/data/futures/um/monthly/klines/FETUSDT/1d/FETUSDT-1d-2026-05.zip.CHECKSUM,AVAILABLE,200,,6cc17067a502fcd4a935e5a554d260bc4fc4e3ea0e8f0013ebed2dc6f0cb55a9,1,,2026-08-23T13:02:50.735799+00:00
1107,FETUSDT,1d,2026-06,kline:FETUSDT:1d:2026-06,https://data.binance.vision/data/futures/um/monthly/klines/FETUSDT/1d/FETUSDT-1d-2026-06.zip,https://data.binance.vision/data/futures/um/monthly/klines/FETUSDT/1d/FETUSDT-1d-2026-06.zip.CHECKSUM,AVAILABLE,200,,9c0177cda1d892da83e9ecbf0ec15116173e46110126e8ef5334f54d09d35412,1,,2026-08-23T13:02:50.762731+00:00
1108,FETUSDT,1d,2026-07,kline:FETUSDT:1d:2026-07,https://data.binance.vision/data/futures/um/monthly/klines/FETUSDT/1d/FETUSDT-1d-2026-07.zip,https://data.binance.vision/data/futures/um/monthly/klines/FETUSDT/1d/FETUSDT-1d-2026-07.zip.CHECKSUM,AVAILABLE,200,,3ffd2a5cad8e770c4db30af918ba88ac3f732e74c2ebf0c5564d66688883ec97,1,,2026-08-23T13:02:50.754297+00:00
1109,FETUSDT,4h,2026-04,kline:FETUSDT:4h:2026-04,https://data.binance.vision/data/futures/um/monthly/klines/FETUSDT/4h/FETUSDT-4h-2026-04.zip,https://data.binance.vision/data/futures/um/monthly/klines/FETUSDT/4h/FETUSDT-4h-2026-04.zip.CHECKSUM,AVAILABLE,200,,784c8235094549e2aefaf451eaa0d41168e4f406996d9f599c9fc072f9ee35a4,1,,2026-08-23T13:02:50.761463+00:00
1110,FETUSDT,4h,2026-05,kline:FETUSDT:4h:2026-05,https://data.binance.vision/data/futures/um/monthly/klines/FETUSDT/4h/FETUSDT-4h-2026-05.zip,https://data.binance.vision/data/futures/um/monthly/klines/FETUSDT/4h/FETUSDT-4h-2026-05.zip.CHECKSUM,AVAILABLE,200,,f07655aaeb281c1a74adcbd6e757b1182999465cd63242e85a66fc15a0ac50e1,1,,2026-08-23T13:02:50.766972+00:00
1111,FETUSDT,4h,2026-06,kline:FETUSDT:4h:2026-06,https://data.binance.vision/data/futures/um/monthly/klines/FETUSDT/4h/FETUSDT-4h-2026-06.zip,https://data.binance.vision/data/futures/um/monthly/klines/FETUSDT/4h/FETUSDT-4h-2026-06.zip.CHECKSUM,AVAILABLE,200,,ecca73dae8123f7026fb78f7ef16b229b72e98ad29fb6756d003df51c27b0b3f,1,,2026-08-23T13:02:50.774250+00:00
1112,FETUSDT,4h,2026-07,kline:FETUSDT:4h:2026-07,https://data.binance.vision/data/futures/um/monthly/klines/FETUSDT/4h/FETUSDT-4h-2026-07.zip,https://data.binance.vision/data/futures/um/monthly/klines/FETUSDT/4h/FETUSDT-4h-2026-07.zip.CHECKSUM,AVAILABLE,200,,e3c66b5883600880906adf28c686e75d5aab53be2548d393364e948eca473416,1,,2026-08-23T13:02:50.775711+00:00
1113,FETUSDT,1h,2026-04,kline:FETUSDT:1h:2026-04,https://data.binance.vision/data/futures/um/monthly/klines/FETUSDT/1h/FETUSDT-1h-2026-04.zip,https://data.binance.vision/data/futures/um/monthly/klines/FETUSDT/1h/FETUSDT-1h-2026-04.zip.CHECKSUM,AVAILABLE,200,,6305afe59a0ad1af3149f7a768feba6f017bbef91731e7631a0bee03f3aa2e3f,1,,2026-08-23T13:02:50.791621+00:00
1114,FETUSDT,1h,2026-05,kline:FETUSDT:1h:2026-05,https://data.binance.vision/data/futures/um/monthly/klines/FETUSDT/1h/FETUSDT-1h-2026-05.zip,https://data.binance.vision/data/futures/um/monthly/klines/FETUSDT/1h/FETUSDT-1h-2026-05.zip.CHECKSUM,AVAILABLE,200,,0a87b0c3a4fbecdaf8ab10ec5a6b6fb0052f6847c53fe0fbfc34fa14b0328f99,1,,2026-08-23T13:02:50.795517+00:00
1115,FETUSDT,1h,2026-06,kline:FETUSDT:1h:2026-06,https://data.binance.vision/data/futures/um/monthly/klines/FETUSDT/1h/FETUSDT-1h-2026-06.zip,https://data.binance.vision/data/futures/um/monthly/klines/FETUSDT/1h/FETUSDT-1h-2026-06.zip.CHECKSUM,AVAILABLE,200,,3ea86ad176e6e171dbfc02c815436ffb9333d607cf26dd9b25dd3eaf570efc44,1,,2026-08-23T13:02:51.147394+00:00
1116,FETUSDT,1h,2026-07,kline:FETUSDT:1h:2026-07,https://data.binance.vision/data/futures/um/monthly/klines/FETUSDT/1h/FETUSDT-1h-2026-07.zip,https://data.binance.vision/data/futures/um/monthly/klines/FETUSDT/1h/FETUSDT-1h-2026-07.zip.CHECKSUM,AVAILABLE,200,,eaf1c3dbd5dda4e5aebde9c29a779b7c719ce93614937a819cffcba7b0e6d159,1,,2026-08-23T13:02:50.822457+00:00
1117,FETUSDT,15m,2026-04,kline:FETUSDT:15m:2026-04,https://data.binance.vision/data/futures/um/monthly/klines/FETUSDT/15m/FETUSDT-15m-2026-04.zip,https://data.binance.vision/data/futures/um/monthly/klines/FETUSDT/15m/FETUSDT-15m-2026-04.zip.CHECKSUM,AVAILABLE,200,,5e0dd56d6e473dac9de3fb6bdccca4dc7bc69bdbca3eca22e7fa913d16fa81b8,1,,2026-08-23T13:02:50.821763+00:00
1118,FETUSDT,15m,2026-05,kline:FETUSDT:15m:2026-05,https://data.binance.vision/data/futures/um/monthly/klines/FETUSDT/15m/FETUSDT-15m-2026-05.zip,https://data.binance.vision/data/futures/um/monthly/klines/FETUSDT/15m/FETUSDT-15m-2026-05.zip.CHECKSUM,AVAILABLE,200,,38fa26368d975352be01e68f4baeed3352d2d6fe655feaefba9a1f176d16f95c,1,,2026-08-23T13:02:50.855154+00:00
1119,FETUSDT,15m,2026-06,kline:FETUSDT:15m:2026-06,https://data.binance.vision/data/futures/um/monthly/klines/FETUSDT/15m/FETUSDT-15m-2026-06.zip,https://data.binance.vision/data/futures/um/monthly/klines/FETUSDT/15m/FETUSDT-15m-2026-06.zip.CHECKSUM,AVAILABLE,200,,a0d7ad51040bbedd317f09df4fd4bb8a8b9ca62a69a58028af6d80f0a7a97157,1,,2026-08-23T13:02:50.846015+00:00
1120,FETUSDT,15m,2026-07,kline:FETUSDT:15m:2026-07,https://data.binance.vision/data/futures/um/monthly/klines/FETUSDT/15m/FETUSDT-15m-2026-07.zip,https://data.binance.vision/data/futures/um/monthly/klines/FETUSDT/15m/FETUSDT-15m-2026-07.zip.CHECKSUM,AVAILABLE,200,,e62fad58ac4148f8820d34e37cf815ee72db08fe3efbfa30260df8bdfed2e711,1,,2026-08-23T13:02:50.856465+00:00
1121,FETUSDT,5m,2026-04,kline:FETUSDT:5m:2026-04,https://data.binance.vision/data/futures/um/monthly/klines/FETUSDT/5m/FETUSDT-5m-2026-04.zip,https://data.binance.vision/data/futures/um/monthly/klines/FETUSDT/5m/FETUSDT-5m-2026-04.zip.CHECKSUM,AVAILABLE,200,,9d8209ec953c569045a79c34fc810d06ea8bffe34a8770d67b31c87bd7af1f59,1,,2026-08-23T13:02:50.872701+00:00
1122,FETUSDT,5m,2026-05,kline:FETUSDT:5m:2026-05,https://data.binance.vision/data/futures/um/monthly/klines/FETUSDT/5m/FETUSDT-5m-2026-05.zip,https://data.binance.vision/data/futures/um/monthly/klines/FETUSDT/5m/FETUSDT-5m-2026-05.zip.CHECKSUM,AVAILABLE,200,,b9549147ea253c3df7cf44d7cc61b5c0aefff0c0330acea301dbc9e8975fff07,1,,2026-08-23T13:02:50.874251+00:00
1123,FETUSDT,5m,2026-06,kline:FETUSDT:5m:2026-06,https://data.binance.vision/data/futures/um/monthly/klines/FETUSDT/5m/FETUSDT-5m-2026-06.zip,https://data.binance.vision/data/futures/um/monthly/klines/FETUSDT/5m/FETUSDT-5m-2026-06.zip.CHECKSUM,AVAILABLE,200,,5f6106753e8b61981ec131075ed80393fba379d20af0e6f765fbcd7660700e67,1,,2026-08-23T13:02:50.885462+00:00
1124,FETUSDT,5m,2026-07,kline:FETUSDT:5m:2026-07,https://data.binance.vision/data/futures/um/monthly/klines/FETUSDT/5m/FETUSDT-5m-2026-07.zip,https://data.binance.vision/data/futures/um/monthly/klines/FETUSDT/5m/FETUSDT-5m-2026-07.zip.CHECKSUM,AVAILABLE,200,,f9a731eb14f3d9d7470e9351f9df3f8f5f103206fa407ded74c37c2573b6636b,1,,2026-08-23T13:02:50.893787+00:00
1125,FETUSDT,1m,2026-04,kline:FETUSDT:1m:2026-04,https://data.binance.vision/data/futures/um/monthly/klines/FETUSDT/1m/FETUSDT-1m-2026-04.zip,https://data.binance.vision/data/futures/um/monthly/klines/FETUSDT/1m/FETUSDT-1m-2026-04.zip.CHECKSUM,AVAILABLE,200,,f4ad99637f14dbab4568096e1f673b9318ce93cfe8ce6b2faf5e1d720f2dd39f,1,,2026-08-23T13:02:50.905064+00:00
1126,FETUSDT,1m,2026-05,kline:FETUSDT:1m:2026-05,https://data.binance.vision/data/futures/um/monthly/klines/FETUSDT/1m/FETUSDT-1m-2026-05.zip,https://data.binance.vision/data/futures/um/monthly/klines/FETUSDT/1m/FETUSDT-1m-2026-05.zip.CHECKSUM,AVAILABLE,200,,e6e5a5ded6c96da8767e82c83d411142513f30f9f58ccb51192616d388adadfd,1,,2026-08-23T13:02:50.911035+00:00
1127,FETUSDT,1m,2026-06,kline:FETUSDT:1m:2026-06,https://data.binance.vision/data/futures/um/monthly/klines/FETUSDT/1m/FETUSDT-1m-2026-06.zip,https://data.binance.vision/data/futures/um/monthly/klines/FETUSDT/1m/FETUSDT-1m-2026-06.zip.CHECKSUM,AVAILABLE,200,,aace7867eac3e484fbc79b5bc327aab700a1e7761eb3de2b36491265395f812f,1,,2026-08-23T13:02:50.921469+00:00
1128,FETUSDT,1m,2026-07,kline:FETUSDT:1m:2026-07,https://data.binance.vision/data/futures/um/monthly/klines/FETUSDT/1m/FETUSDT-1m-2026-07.zip,https://data.binance.vision/data/futures/um/monthly/klines/FETUSDT/1m/FETUSDT-1m-2026-07.zip.CHECKSUM,AVAILABLE,200,,3ffea12e6d6f555dd13b321e7b7e98517bbdb8b6fd151e14e0eeef2fb888e666,1,,2026-08-23T13:02:50.921819+00:00
1129,WLFIUSDT,1d,2026-04,kline:WLFIUSDT:1d:2026-04,https://data.binance.vision/data/futures/um/monthly/klines/WLFIUSDT/1d/WLFIUSDT-1d-2026-04.zip,https://data.binance.vision/data/futures/um/monthly/klines/WLFIUSDT/1d/WLFIUSDT-1d-2026-04.zip.CHECKSUM,AVAILABLE,200,,161045fecfecc72edf58a4d87253245b936f4f31bd655de383eb9ac22ccbbf41,1,,2026-08-23T13:02:50.922723+00:00
1130,WLFIUSDT,1d,2026-05,kline:WLFIUSDT:1d:2026-05,https://data.binance.vision/data/futures/um/monthly/klines/WLFIUSDT/1d/WLFIUSDT-1d-2026-05.zip,https://data.binance.vision/data/futures/um/monthly/klines/WLFIUSDT/1d/WLFIUSDT-1d-2026-05.zip.CHECKSUM,AVAILABLE,200,,d379798bd130d648c951d3452f674218806e8e3dee34a9293e81421292a8e8d0,1,,2026-08-23T13:02:51.077810+00:00
1131,WLFIUSDT,1d,2026-06,kline:WLFIUSDT:1d:2026-06,https://data.binance.vision/data/futures/um/monthly/klines/WLFIUSDT/1d/WLFIUSDT-1d-2026-06.zip,https://data.binance.vision/data/futures/um/monthly/klines/WLFIUSDT/1d/WLFIUSDT-1d-2026-06.zip.CHECKSUM,AVAILABLE,200,,58b1825512f8e78fc9aa967b3f879fe17e090e0d61b0606ad75626cb05e79bae,1,,2026-08-23T13:02:50.936532+00:00
1132,WLFIUSDT,1d,2026-07,kline:WLFIUSDT:1d:2026-07,https://data.binance.vision/data/futures/um/monthly/klines/WLFIUSDT/1d/WLFIUSDT-1d-2026-07.zip,https://data.binance.vision/data/futures/um/monthly/klines/WLFIUSDT/1d/WLFIUSDT-1d-2026-07.zip.CHECKSUM,AVAILABLE,200,,4fa931802cad1c3d6edd91626d49696d60229783c74edf692247abe5aa71b42b,1,,2026-08-23T13:02:50.939458+00:00
1133,WLFIUSDT,4h,2026-04,kline:WLFIUSDT:4h:2026-04,https://data.binance.vision/data/futures/um/monthly/klines/WLFIUSDT/4h/WLFIUSDT-4h-2026-04.zip,https://data.binance.vision/data/futures/um/monthly/klines/WLFIUSDT/4h/WLFIUSDT-4h-2026-04.zip.CHECKSUM,AVAILABLE,200,,1f9e125bb3f26114f4b382e61eca48c056d4eb6cb5bce159cb2a01fa6ca74d97,1,,2026-08-23T13:02:50.935509+00:00
1134,WLFIUSDT,4h,2026-05,kline:WLFIUSDT:4h:2026-05,https://data.binance.vision/data/futures/um/monthly/klines/WLFIUSDT/4h/WLFIUSDT-4h-2026-05.zip,https://data.binance.vision/data/futures/um/monthly/klines/WLFIUSDT/4h/WLFIUSDT-4h-2026-05.zip.CHECKSUM,AVAILABLE,200,,2452a6d6b06edc5b3d4c1946cf3992c09f8f62f8e361d222054a28d5c8c182f8,1,,2026-08-23T13:02:50.964651+00:00
1135,WLFIUSDT,4h,2026-06,kline:WLFIUSDT:4h:2026-06,https://data.binance.vision/data/futures/um/monthly/klines/WLFIUSDT/4h/WLFIUSDT-4h-2026-06.zip,https://data.binance.vision/data/futures/um/monthly/klines/WLFIUSDT/4h/WLFIUSDT-4h-2026-06.zip.CHECKSUM,AVAILABLE,200,,4c8246ce6d40978034381132007420b4eb38fb1afd56e5c56e9a3ae2e6e2caca,1,,2026-08-23T13:02:50.971349+00:00
1136,WLFIUSDT,4h,2026-07,kline:WLFIUSDT:4h:2026-07,https://data.binance.vision/data/futures/um/monthly/klines/WLFIUSDT/4h/WLFIUSDT-4h-2026-07.zip,https://data.binance.vision/data/futures/um/monthly/klines/WLFIUSDT/4h/WLFIUSDT-4h-2026-07.zip.CHECKSUM,AVAILABLE,200,,796c1a9c9472362067572178485a1dbb1b4260d362c895d67d4e4169a5571442,1,,2026-08-23T13:02:50.963940+00:00
1137,WLFIUSDT,1h,2026-04,kline:WLFIUSDT:1h:2026-04,https://data.binance.vision/data/futures/um/monthly/klines/WLFIUSDT/1h/WLFIUSDT-1h-2026-04.zip,https://data.binance.vision/data/futures/um/monthly/klines/WLFIUSDT/1h/WLFIUSDT-1h-2026-04.zip.CHECKSUM,AVAILABLE,200,,1083a68c50ec51e55db1a8e761762277c5b6b54a84d9bfbafa2bd75ccad8307c,1,,2026-08-23T13:02:50.971993+00:00
1138,WLFIUSDT,1h,2026-05,kline:WLFIUSDT:1h:2026-05,https://data.binance.vision/data/futures/um/monthly/klines/WLFIUSDT/1h/WLFIUSDT-1h-2026-05.zip,https://data.binance.vision/data/futures/um/monthly/klines/WLFIUSDT/1h/WLFIUSDT-1h-2026-05.zip.CHECKSUM,AVAILABLE,200,,64b3fc0f4fa201c492ff26a019dfa5f1e5c08fafcf20a09ee5968f144e09659e,1,,2026-08-23T13:02:50.984182+00:00
1139,WLFIUSDT,1h,2026-06,kline:WLFIUSDT:1h:2026-06,https://data.binance.vision/data/futures/um/monthly/klines/WLFIUSDT/1h/WLFIUSDT-1h-2026-06.zip,https://data.binance.vision/data/futures/um/monthly/klines/WLFIUSDT/1h/WLFIUSDT-1h-2026-06.zip.CHECKSUM,AVAILABLE,200,,e2f14334772890714d62348686da1eb6a9a008480d98aac8fbaede35fffa6a7c,1,,2026-08-23T13:02:50.983765+00:00
1140,WLFIUSDT,1h,2026-07,kline:WLFIUSDT:1h:2026-07,https://data.binance.vision/data/futures/um/monthly/klines/WLFIUSDT/1h/WLFIUSDT-1h-2026-07.zip,https://data.binance.vision/data/futures/um/monthly/klines/WLFIUSDT/1h/WLFIUSDT-1h-2026-07.zip.CHECKSUM,AVAILABLE,200,,0897795833ab164b6393dac74c3fea9cf60eaa8134c662df36f570db1dcc6d8d,1,,2026-08-23T13:02:50.990418+00:00
1141,WLFIUSDT,15m,2026-04,kline:WLFIUSDT:15m:2026-04,https://data.binance.vision/data/futures/um/monthly/klines/WLFIUSDT/15m/WLFIUSDT-15m-2026-04.zip,https://data.binance.vision/data/futures/um/monthly/klines/WLFIUSDT/15m/WLFIUSDT-15m-2026-04.zip.CHECKSUM,AVAILABLE,200,,fa47b1e710a70c149079372f17c34be8b136bf6b9dde62fb317dd1341a969406,1,,2026-08-23T13:02:51.002716+00:00
1142,WLFIUSDT,15m,2026-05,kline:WLFIUSDT:15m:2026-05,https://data.binance.vision/data/futures/um/monthly/klines/WLFIUSDT/15m/WLFIUSDT-15m-2026-05.zip,https://data.binance.vision/data/futures/um/monthly/klines/WLFIUSDT/15m/WLFIUSDT-15m-2026-05.zip.CHECKSUM,AVAILABLE,200,,aa42e39c6c8b01db154cd2dc096aa86d8941f94aa251a4f17620a97cc6f82ae4,1,,2026-08-23T13:02:51.006236+00:00
1143,WLFIUSDT,15m,2026-06,kline:WLFIUSDT:15m:2026-06,https://data.binance.vision/data/futures/um/monthly/klines/WLFIUSDT/15m/WLFIUSDT-15m-2026-06.zip,https://data.binance.vision/data/futures/um/monthly/klines/WLFIUSDT/15m/WLFIUSDT-15m-2026-06.zip.CHECKSUM,AVAILABLE,200,,f1cccc18ca63327666b37ed6bb4561e88d2c6f5a6b0eefabb1f976abddb5b2c0,1,,2026-08-23T13:02:51.253155+00:00
1144,WLFIUSDT,15m,2026-07,kline:WLFIUSDT:15m:2026-07,https://data.binance.vision/data/futures/um/monthly/klines/WLFIUSDT/15m/WLFIUSDT-15m-2026-07.zip,https://data.binance.vision/data/futures/um/monthly/klines/WLFIUSDT/15m/WLFIUSDT-15m-2026-07.zip.CHECKSUM,AVAILABLE,200,,67886e0a78355f3577dfd790264e2796c95ed7a5c6b87d562e8e6d2474645dd1,1,,2026-08-23T13:02:51.024849+00:00
1145,WLFIUSDT,5m,2026-04,kline:WLFIUSDT:5m:2026-04,https://data.binance.vision/data/futures/um/monthly/klines/WLFIUSDT/5m/WLFIUSDT-5m-2026-04.zip,https://data.binance.vision/data/futures/um/monthly/klines/WLFIUSDT/5m/WLFIUSDT-5m-2026-04.zip.CHECKSUM,AVAILABLE,200,,522b3a5bd9a0cd4e4e4173da9fdf14a90faa228bac5078e634e225b1d3d27501,1,,2026-08-23T13:02:51.051845+00:00
1146,WLFIUSDT,5m,2026-05,kline:WLFIUSDT:5m:2026-05,https://data.binance.vision/data/futures/um/monthly/klines/WLFIUSDT/5m/WLFIUSDT-5m-2026-05.zip,https://data.binance.vision/data/futures/um/monthly/klines/WLFIUSDT/5m/WLFIUSDT-5m-2026-05.zip.CHECKSUM,AVAILABLE,200,,5351482854d6178f21708079cec9c5468fa610e5f8625e02b31b7c0fe2e7a0dc,1,,2026-08-23T13:02:51.054924+00:00
1147,WLFIUSDT,5m,2026-06,kline:WLFIUSDT:5m:2026-06,https://data.binance.vision/data/futures/um/monthly/klines/WLFIUSDT/5m/WLFIUSDT-5m-2026-06.zip,https://data.binance.vision/data/futures/um/monthly/klines/WLFIUSDT/5m/WLFIUSDT-5m-2026-06.zip.CHECKSUM,AVAILABLE,200,,8145471181af1aff2c9958e907a7e29a389160c480cc9b3cf40bf346d2db47ee,1,,2026-08-23T13:02:51.061043+00:00
1148,WLFIUSDT,5m,2026-07,kline:WLFIUSDT:5m:2026-07,https://data.binance.vision/data/futures/um/monthly/klines/WLFIUSDT/5m/WLFIUSDT-5m-2026-07.zip,https://data.binance.vision/data/futures/um/monthly/klines/WLFIUSDT/5m/WLFIUSDT-5m-2026-07.zip.CHECKSUM,AVAILABLE,200,,aab3a69a62f67e7b36ab6675dd66f9da89de226bffc66ff91bee67c14d3a7c91,1,,2026-08-23T13:02:51.071245+00:00
1149,WLFIUSDT,1m,2026-04,kline:WLFIUSDT:1m:2026-04,https://data.binance.vision/data/futures/um/monthly/klines/WLFIUSDT/1m/WLFIUSDT-1m-2026-04.zip,https://data.binance.vision/data/futures/um/monthly/klines/WLFIUSDT/1m/WLFIUSDT-1m-2026-04.zip.CHECKSUM,AVAILABLE,200,,38a7f05a50d4a7ed67f8a99ae5221cdeaaebf51c0caa28b9c691380607b99739,1,,2026-08-23T13:02:51.079238+00:00
1150,WLFIUSDT,1m,2026-05,kline:WLFIUSDT:1m:2026-05,https://data.binance.vision/data/futures/um/monthly/klines/WLFIUSDT/1m/WLFIUSDT-1m-2026-05.zip,https://data.binance.vision/data/futures/um/monthly/klines/WLFIUSDT/1m/WLFIUSDT-1m-2026-05.zip.CHECKSUM,AVAILABLE,200,,9268db80e61d16a40664a17c6c3718fa9310c72e2d0bafd12dc7c02eedce2d14,1,,2026-08-23T13:02:51.092126+00:00
1151,WLFIUSDT,1m,2026-06,kline:WLFIUSDT:1m:2026-06,https://data.binance.vision/data/futures/um/monthly/klines/WLFIUSDT/1m/WLFIUSDT-1m-2026-06.zip,https://data.binance.vision/data/futures/um/monthly/klines/WLFIUSDT/1m/WLFIUSDT-1m-2026-06.zip.CHECKSUM,AVAILABLE,200,,845791e9a2d7076e9501d99e14f8bffe3168d1850489da3d1f4a46fa1b3f38f2,1,,2026-08-23T13:02:51.098862+00:00
1152,WLFIUSDT,1m,2026-07,kline:WLFIUSDT:1m:2026-07,https://data.binance.vision/data/futures/um/monthly/klines/WLFIUSDT/1m/WLFIUSDT-1m-2026-07.zip,https://data.binance.vision/data/futures/um/monthly/klines/WLFIUSDT/1m/WLFIUSDT-1m-2026-07.zip.CHECKSUM,AVAILABLE,200,,4edd2e257a5465842688ba2c6eb2468cd8c271bea965cf1dfe49735a4070b473,1,,2026-08-23T13:02:51.092949+00:00
1153,DOTUSDT,1d,2026-04,kline:DOTUSDT:1d:2026-04,https://data.binance.vision/data/futures/um/monthly/klines/DOTUSDT/1d/DOTUSDT-1d-2026-04.zip,https://data.binance.vision/data/futures/um/monthly/klines/DOTUSDT/1d/DOTUSDT-1d-2026-04.zip.CHECKSUM,AVAILABLE,200,,60da39a6abbb98e2780d39d4881c0af310a97b51486287ec4af1eb19c909c42b,1,,2026-08-23T13:02:51.104055+00:00
1154,DOTUSDT,1d,2026-05,kline:DOTUSDT:1d:2026-05,https://data.binance.vision/data/futures/um/monthly/klines/DOTUSDT/1d/DOTUSDT-1d-2026-05.zip,https://data.binance.vision/data/futures/um/monthly/klines/DOTUSDT/1d/DOTUSDT-1d-2026-05.zip.CHECKSUM,AVAILABLE,200,,2bcc586de6fc89b03cb30d3f6c56290340797ef33014e725e0915521270f8617,1,,2026-08-23T13:02:51.211644+00:00
1155,DOTUSDT,1d,2026-06,kline:DOTUSDT:1d:2026-06,https://data.binance.vision/data/futures/um/monthly/klines/DOTUSDT/1d/DOTUSDT-1d-2026-06.zip,https://data.binance.vision/data/futures/um/monthly/klines/DOTUSDT/1d/DOTUSDT-1d-2026-06.zip.CHECKSUM,AVAILABLE,200,,97c20212243db2a019a647e3fe5e7a898d4ef23cecbfd80add97dc3bb6c11512,1,,2026-08-23T13:02:51.129380+00:00
1156,DOTUSDT,1d,2026-07,kline:DOTUSDT:1d:2026-07,https://data.binance.vision/data/futures/um/monthly/klines/DOTUSDT/1d/DOTUSDT-1d-2026-07.zip,https://data.binance.vision/data/futures/um/monthly/klines/DOTUSDT/1d/DOTUSDT-1d-2026-07.zip.CHECKSUM,AVAILABLE,200,,ebc5bef5ee52cbe4047bee66b3022527fcb607094954b09b16ea6e8bdfad0a4b,1,,2026-08-23T13:02:51.463815+00:00
1157,DOTUSDT,4h,2026-04,kline:DOTUSDT:4h:2026-04,https://data.binance.vision/data/futures/um/monthly/klines/DOTUSDT/4h/DOTUSDT-4h-2026-04.zip,https://data.binance.vision/data/futures/um/monthly/klines/DOTUSDT/4h/DOTUSDT-4h-2026-04.zip.CHECKSUM,AVAILABLE,200,,a43301ec071c4d295426a92b3487b1f6cf5a1e38a3b18847a96afb0218db55ce,1,,2026-08-23T13:02:51.125266+00:00
1158,DOTUSDT,4h,2026-05,kline:DOTUSDT:4h:2026-05,https://data.binance.vision/data/futures/um/monthly/klines/DOTUSDT/4h/DOTUSDT-4h-2026-05.zip,https://data.binance.vision/data/futures/um/monthly/klines/DOTUSDT/4h/DOTUSDT-4h-2026-05.zip.CHECKSUM,AVAILABLE,200,,76d495d65cb7f1adf87da8daefda20ad7090e0a8209f6711a9c28716d82e7dd1,1,,2026-08-23T13:02:51.131773+00:00
1159,DOTUSDT,4h,2026-06,kline:DOTUSDT:4h:2026-06,https://data.binance.vision/data/futures/um/monthly/klines/DOTUSDT/4h/DOTUSDT-4h-2026-06.zip,https://data.binance.vision/data/futures/um/monthly/klines/DOTUSDT/4h/DOTUSDT-4h-2026-06.zip.CHECKSUM,AVAILABLE,200,,225b274ca4218f84c5df6dd4ada0c09f030d8b824ff478a3bf373ccc10e33ece,1,,2026-08-23T13:02:51.132191+00:00
1160,DOTUSDT,4h,2026-07,kline:DOTUSDT:4h:2026-07,https://data.binance.vision/data/futures/um/monthly/klines/DOTUSDT/4h/DOTUSDT-4h-2026-07.zip,https://data.binance.vision/data/futures/um/monthly/klines/DOTUSDT/4h/DOTUSDT-4h-2026-07.zip.CHECKSUM,AVAILABLE,200,,de1f8251e857ae2c42a5d291c1dcb04083e2d2b953cbe0d798d76b1d6ebd8e42,1,,2026-08-23T13:02:51.139301+00:00
1161,DOTUSDT,1h,2026-04,kline:DOTUSDT:1h:2026-04,https://data.binance.vision/data/futures/um/monthly/klines/DOTUSDT/1h/DOTUSDT-1h-2026-04.zip,https://data.binance.vision/data/futures/um/monthly/klines/DOTUSDT/1h/DOTUSDT-1h-2026-04.zip.CHECKSUM,AVAILABLE,200,,f010c64ddf6d2718dea21588c19f2c99ff485a82f3e477a7acf019e3f72e7a8e,1,,2026-08-23T13:02:51.144392+00:00
1162,DOTUSDT,1h,2026-05,kline:DOTUSDT:1h:2026-05,https://data.binance.vision/data/futures/um/monthly/klines/DOTUSDT/1h/DOTUSDT-1h-2026-05.zip,https://data.binance.vision/data/futures/um/monthly/klines/DOTUSDT/1h/DOTUSDT-1h-2026-05.zip.CHECKSUM,AVAILABLE,200,,f7ae722476e3268156063e84d516992a4db4173a09cd56de979a5cfe1083938e,1,,2026-08-23T13:02:51.143500+00:00
1163,DOTUSDT,1h,2026-06,kline:DOTUSDT:1h:2026-06,https://data.binance.vision/data/futures/um/monthly/klines/DOTUSDT/1h/DOTUSDT-1h-2026-06.zip,https://data.binance.vision/data/futures/um/monthly/klines/DOTUSDT/1h/DOTUSDT-1h-2026-06.zip.CHECKSUM,AVAILABLE,200,,4b24eb0e18c34cfb5cc89331f34783f555db861040722d519496cb0249205b9c,1,,2026-08-23T13:02:51.174322+00:00
1164,DOTUSDT,1h,2026-07,kline:DOTUSDT:1h:2026-07,https://data.binance.vision/data/futures/um/monthly/klines/DOTUSDT/1h/DOTUSDT-1h-2026-07.zip,https://data.binance.vision/data/futures/um/monthly/klines/DOTUSDT/1h/DOTUSDT-1h-2026-07.zip.CHECKSUM,AVAILABLE,200,,d5d117fe359e141b178aa98acae39f6380aefcd00af22d5a24f230cda6584b85,1,,2026-08-23T13:02:51.172490+00:00
1165,DOTUSDT,15m,2026-04,kline:DOTUSDT:15m:2026-04,https://data.binance.vision/data/futures/um/monthly/klines/DOTUSDT/15m/DOTUSDT-15m-2026-04.zip,https://data.binance.vision/data/futures/um/monthly/klines/DOTUSDT/15m/DOTUSDT-15m-2026-04.zip.CHECKSUM,AVAILABLE,200,,3070a497c4314a7bd9d49dbad9dc68cc32537fb9609d27893b4dec6743ea9a7c,1,,2026-08-23T13:02:51.168257+00:00
1166,DOTUSDT,15m,2026-05,kline:DOTUSDT:15m:2026-05,https://data.binance.vision/data/futures/um/monthly/klines/DOTUSDT/15m/DOTUSDT-15m-2026-05.zip,https://data.binance.vision/data/futures/um/monthly/klines/DOTUSDT/15m/DOTUSDT-15m-2026-05.zip.CHECKSUM,AVAILABLE,200,,5614d37f9e2ac552c6b46519666caf7ce6b2933d34fadf3b6636e9709eff8937,1,,2026-08-23T13:02:51.514597+00:00
1167,DOTUSDT,15m,2026-06,kline:DOTUSDT:15m:2026-06,https://data.binance.vision/data/futures/um/monthly/klines/DOTUSDT/15m/DOTUSDT-15m-2026-06.zip,https://data.binance.vision/data/futures/um/monthly/klines/DOTUSDT/15m/DOTUSDT-15m-2026-06.zip.CHECKSUM,AVAILABLE,200,,7ef76a84f00085ca4464da3c56ef7970ded2ebaca6bee16f9cd19b577a957b5e,1,,2026-08-23T13:02:51.178470+00:00
1168,DOTUSDT,15m,2026-07,kline:DOTUSDT:15m:2026-07,https://data.binance.vision/data/futures/um/monthly/klines/DOTUSDT/15m/DOTUSDT-15m-2026-07.zip,https://data.binance.vision/data/futures/um/monthly/klines/DOTUSDT/15m/DOTUSDT-15m-2026-07.zip.CHECKSUM,AVAILABLE,200,,8a556406f8da8aceaea9a154f34c7427ec39fbf04580d90d456bee0b696caaf1,1,,2026-08-23T13:02:51.190691+00:00
1169,DOTUSDT,5m,2026-04,kline:DOTUSDT:5m:2026-04,https://data.binance.vision/data/futures/um/monthly/klines/DOTUSDT/5m/DOTUSDT-5m-2026-04.zip,https://data.binance.vision/data/futures/um/monthly/klines/DOTUSDT/5m/DOTUSDT-5m-2026-04.zip.CHECKSUM,AVAILABLE,200,,7cf7ba7d393ef5ad7edb536ad2ad9b77980938cba9458049121b8d2873ca3f6f,1,,2026-08-23T13:02:51.188142+00:00
1170,DOTUSDT,5m,2026-05,kline:DOTUSDT:5m:2026-05,https://data.binance.vision/data/futures/um/monthly/klines/DOTUSDT/5m/DOTUSDT-5m-2026-05.zip,https://data.binance.vision/data/futures/um/monthly/klines/DOTUSDT/5m/DOTUSDT-5m-2026-05.zip.CHECKSUM,AVAILABLE,200,,50535f970083e005402d5b552fbf248ff60794f60027227841a8cf3ce5a578ed,1,,2026-08-23T13:02:51.194547+00:00
1171,DOTUSDT,5m,2026-06,kline:DOTUSDT:5m:2026-06,https://data.binance.vision/data/futures/um/monthly/klines/DOTUSDT/5m/DOTUSDT-5m-2026-06.zip,https://data.binance.vision/data/futures/um/monthly/klines/DOTUSDT/5m/DOTUSDT-5m-2026-06.zip.CHECKSUM,AVAILABLE,200,,d1284559b4b7d72d0733ff9e37792e1c54a1be4d083724caead0c62da404879a,1,,2026-08-23T13:02:51.208571+00:00
1172,DOTUSDT,5m,2026-07,kline:DOTUSDT:5m:2026-07,https://data.binance.vision/data/futures/um/monthly/klines/DOTUSDT/5m/DOTUSDT-5m-2026-07.zip,https://data.binance.vision/data/futures/um/monthly/klines/DOTUSDT/5m/DOTUSDT-5m-2026-07.zip.CHECKSUM,AVAILABLE,200,,c9de274015ede5b75d29fc787b90e1f41e286aee204b9f4061e09f847d2d5e45,1,,2026-08-23T13:02:51.201763+00:00
1173,DOTUSDT,1m,2026-04,kline:DOTUSDT:1m:2026-04,https://data.binance.vision/data/futures/um/monthly/klines/DOTUSDT/1m/DOTUSDT-1m-2026-04.zip,https://data.binance.vision/data/futures/um/monthly/klines/DOTUSDT/1m/DOTUSDT-1m-2026-04.zip.CHECKSUM,AVAILABLE,200,,d5b2d13508d25672a2b3a9ec206d4a12e62afb1b4fca3cabcac9190ecffdaff9,1,,2026-08-23T13:02:51.227353+00:00
1174,DOTUSDT,1m,2026-05,kline:DOTUSDT:1m:2026-05,https://data.binance.vision/data/futures/um/monthly/klines/DOTUSDT/1m/DOTUSDT-1m-2026-05.zip,https://data.binance.vision/data/futures/um/monthly/klines/DOTUSDT/1m/DOTUSDT-1m-2026-05.zip.CHECKSUM,AVAILABLE,200,,01a999857561a08722ed2d408192b3464bef79a0cbb404d326d74b3971bdfa36,1,,2026-08-23T13:02:51.249269+00:00
1175,DOTUSDT,1m,2026-06,kline:DOTUSDT:1m:2026-06,https://data.binance.vision/data/futures/um/monthly/klines/DOTUSDT/1m/DOTUSDT-1m-2026-06.zip,https://data.binance.vision/data/futures/um/monthly/klines/DOTUSDT/1m/DOTUSDT-1m-2026-06.zip.CHECKSUM,AVAILABLE,200,,3280550ec42388f42704fc94bbd5de6ab228faabdeab62982c848187852e044d,1,,2026-08-23T13:02:51.254053+00:00
1176,DOTUSDT,1m,2026-07,kline:DOTUSDT:1m:2026-07,https://data.binance.vision/data/futures/um/monthly/klines/DOTUSDT/1m/DOTUSDT-1m-2026-07.zip,https://data.binance.vision/data/futures/um/monthly/klines/DOTUSDT/1m/DOTUSDT-1m-2026-07.zip.CHECKSUM,AVAILABLE,200,,6b86ea2be4a1580a9883e9c6663c5bcb0c0bd6dc0fe019bba25109f113240f19,1,,2026-08-23T13:02:51.262355+00:00
1177,HBARUSDT,1d,2026-04,kline:HBARUSDT:1d:2026-04,https://data.binance.vision/data/futures/um/monthly/klines/HBARUSDT/1d/HBARUSDT-1d-2026-04.zip,https://data.binance.vision/data/futures/um/monthly/klines/HBARUSDT/1d/HBARUSDT-1d-2026-04.zip.CHECKSUM,AVAILABLE,200,,4d7704f9f69c4090b1b7071ebe99f6d90bd55ef9d0b34a0867bfaa86cbc25170,1,,2026-08-23T13:02:51.277497+00:00
1178,HBARUSDT,1d,2026-05,kline:HBARUSDT:1d:2026-05,https://data.binance.vision/data/futures/um/monthly/klines/HBARUSDT/1d/HBARUSDT-1d-2026-05.zip,https://data.binance.vision/data/futures/um/monthly/klines/HBARUSDT/1d/HBARUSDT-1d-2026-05.zip.CHECKSUM,AVAILABLE,200,,eb7e1efaf34cf05b16be50e1f8915ab39cd6dbc36ea0e03ad95e9b03a83f2238,1,,2026-08-23T13:02:51.276392+00:00
1179,HBARUSDT,1d,2026-06,kline:HBARUSDT:1d:2026-06,https://data.binance.vision/data/futures/um/monthly/klines/HBARUSDT/1d/HBARUSDT-1d-2026-06.zip,https://data.binance.vision/data/futures/um/monthly/klines/HBARUSDT/1d/HBARUSDT-1d-2026-06.zip.CHECKSUM,AVAILABLE,200,,30ea913d08a2edf1a438cb978cb992ba8968b8233ed1d7ec78c5a0b2da9695e1,1,,2026-08-23T13:02:51.623294+00:00
1180,HBARUSDT,1d,2026-07,kline:HBARUSDT:1d:2026-07,https://data.binance.vision/data/futures/um/monthly/klines/HBARUSDT/1d/HBARUSDT-1d-2026-07.zip,https://data.binance.vision/data/futures/um/monthly/klines/HBARUSDT/1d/HBARUSDT-1d-2026-07.zip.CHECKSUM,AVAILABLE,200,,1b02198177c2bb8fa509ba436f095c9f4ff7e2c3765d9346fce3a871b170cb9e,1,,2026-08-23T13:02:51.298087+00:00
1181,HBARUSDT,4h,2026-04,kline:HBARUSDT:4h:2026-04,https://data.binance.vision/data/futures/um/monthly/klines/HBARUSDT/4h/HBARUSDT-4h-2026-04.zip,https://data.binance.vision/data/futures/um/monthly/klines/HBARUSDT/4h/HBARUSDT-4h-2026-04.zip.CHECKSUM,AVAILABLE,200,,d485ad7642a25918a2413e9ec7b3d28757a92e5ab0913c3e130bd40bb3ffcc89,1,,2026-08-23T13:02:51.295851+00:00
1182,HBARUSDT,4h,2026-05,kline:HBARUSDT:4h:2026-05,https://data.binance.vision/data/futures/um/monthly/klines/HBARUSDT/4h/HBARUSDT-4h-2026-05.zip,https://data.binance.vision/data/futures/um/monthly/klines/HBARUSDT/4h/HBARUSDT-4h-2026-05.zip.CHECKSUM,AVAILABLE,200,,83c80abe333d965e5f147fcf7153cb38772df2ac889682dc9721d176e98e416f,1,,2026-08-23T13:02:51.296179+00:00
1183,HBARUSDT,4h,2026-06,kline:HBARUSDT:4h:2026-06,https://data.binance.vision/data/futures/um/monthly/klines/HBARUSDT/4h/HBARUSDT-4h-2026-06.zip,https://data.binance.vision/data/futures/um/monthly/klines/HBARUSDT/4h/HBARUSDT-4h-2026-06.zip.CHECKSUM,AVAILABLE,200,,51a6e6a57570fddd04918aed176742c5d17a5b0b159c8adcf94f5e07aec017d8,1,,2026-08-23T13:02:51.308548+00:00
1184,HBARUSDT,4h,2026-07,kline:HBARUSDT:4h:2026-07,https://data.binance.vision/data/futures/um/monthly/klines/HBARUSDT/4h/HBARUSDT-4h-2026-07.zip,https://data.binance.vision/data/futures/um/monthly/klines/HBARUSDT/4h/HBARUSDT-4h-2026-07.zip.CHECKSUM,AVAILABLE,200,,d23d48e5983a46f6684baa5daa3e2263474d5d6df5f26389dde6823966252909,1,,2026-08-23T13:02:51.385485+00:00
1185,HBARUSDT,1h,2026-04,kline:HBARUSDT:1h:2026-04,https://data.binance.vision/data/futures/um/monthly/klines/HBARUSDT/1h/HBARUSDT-1h-2026-04.zip,https://data.binance.vision/data/futures/um/monthly/klines/HBARUSDT/1h/HBARUSDT-1h-2026-04.zip.CHECKSUM,AVAILABLE,200,,37f74671e0a40e0ccdc76f30eebd06d4c354918b8576eef8a2dca3d575fab08d,1,,2026-08-23T13:02:51.327813+00:00
1186,HBARUSDT,1h,2026-05,kline:HBARUSDT:1h:2026-05,https://data.binance.vision/data/futures/um/monthly/klines/HBARUSDT/1h/HBARUSDT-1h-2026-05.zip,https://data.binance.vision/data/futures/um/monthly/klines/HBARUSDT/1h/HBARUSDT-1h-2026-05.zip.CHECKSUM,AVAILABLE,200,,73d9361774c5c66d6d585e45b94419036aacb7b4d396d740979405eb0c25f718,1,,2026-08-23T13:02:51.333943+00:00
1187,HBARUSDT,1h,2026-06,kline:HBARUSDT:1h:2026-06,https://data.binance.vision/data/futures/um/monthly/klines/HBARUSDT/1h/HBARUSDT-1h-2026-06.zip,https://data.binance.vision/data/futures/um/monthly/klines/HBARUSDT/1h/HBARUSDT-1h-2026-06.zip.CHECKSUM,AVAILABLE,200,,79ed5eb372342c27e05918858343275db68c4b52643fcf3b91a637648170e5c3,1,,2026-08-23T13:02:51.342070+00:00
1188,HBARUSDT,1h,2026-07,kline:HBARUSDT:1h:2026-07,https://data.binance.vision/data/futures/um/monthly/klines/HBARUSDT/1h/HBARUSDT-1h-2026-07.zip,https://data.binance.vision/data/futures/um/monthly/klines/HBARUSDT/1h/HBARUSDT-1h-2026-07.zip.CHECKSUM,AVAILABLE,200,,1c763ca960172a968f7b2caf05b3343c415289888edbce81aa5b7f61b61895c7,1,,2026-08-23T13:02:51.350143+00:00
1189,HBARUSDT,15m,2026-04,kline:HBARUSDT:15m:2026-04,https://data.binance.vision/data/futures/um/monthly/klines/HBARUSDT/15m/HBARUSDT-15m-2026-04.zip,https://data.binance.vision/data/futures/um/monthly/klines/HBARUSDT/15m/HBARUSDT-15m-2026-04.zip.CHECKSUM,AVAILABLE,200,,b28499cc7481ace5b282b53594b722139e23bf8f51d8ccc435ebb45a3083897f,1,,2026-08-23T13:02:51.346409+00:00
1190,HBARUSDT,15m,2026-05,kline:HBARUSDT:15m:2026-05,https://data.binance.vision/data/futures/um/monthly/klines/HBARUSDT/15m/HBARUSDT-15m-2026-05.zip,https://data.binance.vision/data/futures/um/monthly/klines/HBARUSDT/15m/HBARUSDT-15m-2026-05.zip.CHECKSUM,AVAILABLE,200,,c3348856e9f6c63ed53ebc2d3356d7d2cbeb60760d6ae77cc49190a198e45d7b,1,,2026-08-23T13:02:51.347294+00:00
1191,HBARUSDT,15m,2026-06,kline:HBARUSDT:15m:2026-06,https://data.binance.vision/data/futures/um/monthly/klines/HBARUSDT/15m/HBARUSDT-15m-2026-06.zip,https://data.binance.vision/data/futures/um/monthly/klines/HBARUSDT/15m/HBARUSDT-15m-2026-06.zip.CHECKSUM,AVAILABLE,200,,c88c461542da3f2c443fcdc74654b75b6f74b5b22b170050e45e916a46699ae4,1,,2026-08-23T13:02:51.355429+00:00
1192,HBARUSDT,15m,2026-07,kline:HBARUSDT:15m:2026-07,https://data.binance.vision/data/futures/um/monthly/klines/HBARUSDT/15m/HBARUSDT-15m-2026-07.zip,https://data.binance.vision/data/futures/um/monthly/klines/HBARUSDT/15m/HBARUSDT-15m-2026-07.zip.CHECKSUM,AVAILABLE,200,,2fd29e5c4f17a34caa0dfcba1c101a26405b5e056a7145eaf7a1c1e15207c762,1,,2026-08-23T13:02:51.366862+00:00
1193,HBARUSDT,5m,2026-04,kline:HBARUSDT:5m:2026-04,https://data.binance.vision/data/futures/um/monthly/klines/HBARUSDT/5m/HBARUSDT-5m-2026-04.zip,https://data.binance.vision/data/futures/um/monthly/klines/HBARUSDT/5m/HBARUSDT-5m-2026-04.zip.CHECKSUM,AVAILABLE,200,,5f0fa1be50b236ae61883a1b3607f97a57f8219cf77c2f76691e0a0846aca222,1,,2026-08-23T13:02:51.383143+00:00
1194,HBARUSDT,5m,2026-05,kline:HBARUSDT:5m:2026-05,https://data.binance.vision/data/futures/um/monthly/klines/HBARUSDT/5m/HBARUSDT-5m-2026-05.zip,https://data.binance.vision/data/futures/um/monthly/klines/HBARUSDT/5m/HBARUSDT-5m-2026-05.zip.CHECKSUM,AVAILABLE,200,,a07a7a5b1737eb79a4c75f51af394adeef8fde466d31ac9169bc7b99c3becf0d,1,,2026-08-23T13:02:51.376734+00:00
1195,HBARUSDT,5m,2026-06,kline:HBARUSDT:5m:2026-06,https://data.binance.vision/data/futures/um/monthly/klines/HBARUSDT/5m/HBARUSDT-5m-2026-06.zip,https://data.binance.vision/data/futures/um/monthly/klines/HBARUSDT/5m/HBARUSDT-5m-2026-06.zip.CHECKSUM,AVAILABLE,200,,5a26b42e821f2b1081b7ba363eb3e7253816247eb22597999942a0f6b9703307,1,,2026-08-23T13:02:51.387612+00:00
1196,HBARUSDT,5m,2026-07,kline:HBARUSDT:5m:2026-07,https://data.binance.vision/data/futures/um/monthly/klines/HBARUSDT/5m/HBARUSDT-5m-2026-07.zip,https://data.binance.vision/data/futures/um/monthly/klines/HBARUSDT/5m/HBARUSDT-5m-2026-07.zip.CHECKSUM,AVAILABLE,200,,46df94c05892e6c740a10764e8f350849ab7d7211478c9152278322701b2c188,1,,2026-08-23T13:02:51.395579+00:00
1197,HBARUSDT,1m,2026-04,kline:HBARUSDT:1m:2026-04,https://data.binance.vision/data/futures/um/monthly/klines/HBARUSDT/1m/HBARUSDT-1m-2026-04.zip,https://data.binance.vision/data/futures/um/monthly/klines/HBARUSDT/1m/HBARUSDT-1m-2026-04.zip.CHECKSUM,AVAILABLE,200,,c03a76131479d7ca4032a2261f2f91e6dec9dd540fba91e6d522d5ab1f7d924d,1,,2026-08-23T13:02:51.391532+00:00
1198,HBARUSDT,1m,2026-05,kline:HBARUSDT:1m:2026-05,https://data.binance.vision/data/futures/um/monthly/klines/HBARUSDT/1m/HBARUSDT-1m-2026-05.zip,https://data.binance.vision/data/futures/um/monthly/klines/HBARUSDT/1m/HBARUSDT-1m-2026-05.zip.CHECKSUM,AVAILABLE,200,,8f4eb35a6be851fc97795dafcfaa9d3af243b4914e435baa5e7ce7e8a28f3951,1,,2026-08-23T13:02:51.394677+00:00
1199,HBARUSDT,1m,2026-06,kline:HBARUSDT:1m:2026-06,https://data.binance.vision/data/futures/um/monthly/klines/HBARUSDT/1m/HBARUSDT-1m-2026-06.zip,https://data.binance.vision/data/futures/um/monthly/klines/HBARUSDT/1m/HBARUSDT-1m-2026-06.zip.CHECKSUM,AVAILABLE,200,,d4e34e6e86e3c7fa2107a487c5bfbf18b89575599d0c53f80aef6a171554d927,1,,2026-08-23T13:02:51.410651+00:00
1200,HBARUSDT,1m,2026-07,kline:HBARUSDT:1m:2026-07,https://data.binance.vision/data/futures/um/monthly/klines/HBARUSDT/1m/HBARUSDT-1m-2026-07.zip,https://data.binance.vision/data/futures/um/monthly/klines/HBARUSDT/1m/HBARUSDT-1m-2026-07.zip.CHECKSUM,AVAILABLE,200,,b882eb5763a1f1f11565369ede0d4c0e29ef2e46b5a8786daa3cb2c272a9f788,1,,2026-08-23T13:02:51.757100+00:00
